ปี,เดือน,จังหวัด,อำเภอ,อปท,ขยะนำไปใช้ประโยชน์
2563,มกราคม,นนทบุรี,ไทรน้อย,เทศบาลตำบลไทรน้อย,0.0
2563,มกราคม,นนทบุรี,ไทรน้อย,อบต.ขุนศรี,0.0
2563,มกราคม,นนทบุรี,ไทรน้อย,อบต.คลองขวาง,0.0
2563,มกราคม,นนทบุรี,ไทรน้อย,อบต.ทวีวัฒนา,0.0
2563,มกราคม,นนทบุรี,ไทรน้อย,อบต.ไทรน้อย,0.0
2563,มกราคม,นนทบุรี,ไทรน้อย,อบต.ไทรใหญ่,0.0
2563,มกราคม,นนทบุรี,ไทรน้อย,อบต.ราษฎร์นิยม,0.0
2563,มกราคม,นนทบุรี,ไทรน้อย,อบต.หนองเพรางาย,0.0
2563,มกราคม,นนทบุรี,บางกรวย,เทศบาลเมืองบางกรวย,0.0
2563,มกราคม,นนทบุรี,บางกรวย,เทศบาลตำบลบางสีทอง,0.0
2563,มกราคม,นนทบุรี,บางกรวย,เทศบาลตำบลปลายบาง,0.0
2563,มกราคม,นนทบุรี,บางกรวย,เทศบาลตำบลศาลากลาง,0.0
2563,มกราคม,นนทบุรี,บางกรวย,อบต.บางขนุน,0.0
2563,มกราคม,นนทบุรี,บางกรวย,อบต.บางขุนกอง,0.0
2563,มกราคม,นนทบุรี,บางกรวย,อบต.มหาสวัสดิ์,0.0
2563,มกราคม,นนทบุรี,บางบัวทอง,เทศบาลเมืองบางคูรัด,0.0
2563,มกราคม,นนทบุรี,บางบัวทอง,เทศบาลเมืองบางบัวทอง,0.0
2563,มกราคม,นนทบุรี,บางบัวทอง,เทศบาลเมืองบางรักพัฒนา,0.0
2563,มกราคม,นนทบุรี,บางบัวทอง,เทศบาลเมืองพิมลราช,0.0
2563,มกราคม,นนทบุรี,บางบัวทอง,เทศบาลเมืองใหม่บางบัวทอง,0.0
2563,มกราคม,นนทบุรี,บางบัวทอง,อบต.บางรักใหญ่,0.0
2563,มกราคม,นนทบุรี,บางบัวทอง,อบต.ละหาร,0.0
2563,มกราคม,นนทบุรี,บางบัวทอง,อบต.ลำโพ,0.0
2563,มกราคม,นนทบุรี,บางใหญ่,เทศบาลเมืองบางแม่นาง,0.0
2563,มกราคม,นนทบุรี,บางใหญ่,เทศบาลตำบลบางม่วง,0.0
2563,มกราคม,นนทบุรี,บางใหญ่,เทศบาลตำบลบางเลน,0.0
2563,มกราคม,นนทบุรี,บางใหญ่,เทศบาลตำบลบางใหญ่,0.0
2563,มกราคม,นนทบุรี,บางใหญ่,เทศบาลตำบลบ้านบางม่วง,0.0
2563,มกราคม,นนทบุรี,บางใหญ่,เทศบาลตำบลเสาธงหิน,0.0
2563,มกราคม,นนทบุรี,บางใหญ่,อบต.บางใหญ่,0.0
2563,มกราคม,นนทบุรี,บางใหญ่,อบต.บ้านใหม่,0.0
2563,มกราคม,นนทบุรี,ปากเกร็ด,เทศบาลนครปากเกร็ด,0.0
2563,มกราคม,นนทบุรี,ปากเกร็ด,เทศบาลตำบลบางพลับ,0.0
2563,มกราคม,นนทบุรี,ปากเกร็ด,อบต.เกาะเกร็ด,0.0
2563,มกราคม,นนทบุรี,ปากเกร็ด,อบต.คลองข่อย,0.0
2563,มกราคม,นนทบุรี,ปากเกร็ด,อบต.คลองพระอุดม,0.0
2563,มกราคม,นนทบุรี,ปากเกร็ด,อบต.ท่าอิฐ,0.0
2563,มกราคม,นนทบุรี,ปากเกร็ด,อบต.บางตะไนย์,0.0
2563,มกราคม,นนทบุรี,ปากเกร็ด,อบต.อ้อมเกร็ด,0.0
2563,มกราคม,นนทบุรี,เมืองนนทบุรี,เทศบาลนครนนทบุรี,0.0
2563,มกราคม,นนทบุรี,เมืองนนทบุรี,เทศบาลเมืองไทรม้า,0.0
2563,มกราคม,นนทบุรี,เมืองนนทบุรี,เทศบาลเมืองบางกร่าง,0.0
2563,มกราคม,นนทบุรี,เมืองนนทบุรี,เทศบาลเมืองบางศรีเมือง,0.0
2563,มกราคม,นนทบุรี,เมืองนนทบุรี,อบต.บางไผ่,0.0
2563,มกราคม,นนทบุรี,เมืองนนทบุรี,อบต.บางรักน้อย,0.0
2563,กุมภาพันธ์,นนทบุรี,ไทรน้อย,เทศบาลตำบลไทรน้อย,0.0
2563,กุมภาพันธ์,นนทบุรี,ไทรน้อย,อบต.ขุนศรี,0.0
2563,กุมภาพันธ์,นนทบุรี,ไทรน้อย,อบต.คลองขวาง,0.0
2563,กุมภาพันธ์,นนทบุรี,ไทรน้อย,อบต.ทวีวัฒนา,0.0
2563,กุมภาพันธ์,นนทบุรี,ไทรน้อย,อบต.ไทรน้อย,0.0
2563,กุมภาพันธ์,นนทบุรี,ไทรน้อย,อบต.ไทรใหญ่,0.0
2563,กุมภาพันธ์,นนทบุรี,ไทรน้อย,อบต.ราษฎร์นิยม,0.0
2563,กุมภาพันธ์,นนทบุรี,ไทรน้อย,อบต.หนองเพรางาย,0.0
2563,กุมภาพันธ์,นนทบุรี,บางกรวย,เทศบาลเมืองบางกรวย,0.0
2563,กุมภาพันธ์,นนทบุรี,บางกรวย,เทศบาลตำบลบางสีทอง,0.0
2563,กุมภาพันธ์,นนทบุรี,บางกรวย,เทศบาลตำบลปลายบาง,0.0
2563,กุมภาพันธ์,นนทบุรี,บางกรวย,เทศบาลตำบลศาลากลาง,0.0
2563,กุมภาพันธ์,นนทบุรี,บางกรวย,อบต.บางขนุน,0.0
2563,กุมภาพันธ์,นนทบุรี,บางกรวย,อบต.บางขุนกอง,0.0
2563,กุมภาพันธ์,นนทบุรี,บางกรวย,อบต.มหาสวัสดิ์,0.0
2563,กุมภาพันธ์,นนทบุรี,บางบัวทอง,เทศบาลเมืองบางคูรัด,0.0
2563,กุมภาพันธ์,นนทบุรี,บางบัวทอง,เทศบาลเมืองบางบัวทอง,0.0
2563,กุมภาพันธ์,นนทบุรี,บางบัวทอง,เทศบาลเมืองบางรักพัฒนา,0.0
2563,กุมภาพันธ์,นนทบุรี,บางบัวทอง,เทศบาลเมืองพิมลราช,0.0
2563,กุมภาพันธ์,นนทบุรี,บางบัวทอง,เทศบาลเมืองใหม่บางบัวทอง,0.0
2563,กุมภาพันธ์,นนทบุรี,บางบัวทอง,อบต.บางรักใหญ่,0.0
2563,กุมภาพันธ์,นนทบุรี,บางบัวทอง,อบต.ละหาร,0.0
2563,กุมภาพันธ์,นนทบุรี,บางบัวทอง,อบต.ลำโพ,0.0
2563,กุมภาพันธ์,นนทบุรี,บางใหญ่,เทศบาลเมืองบางแม่นาง,0.0
2563,กุมภาพันธ์,นนทบุรี,บางใหญ่,เทศบาลตำบลบางม่วง,0.0
2563,กุมภาพันธ์,นนทบุรี,บางใหญ่,เทศบาลตำบลบางเลน,0.0
2563,กุมภาพันธ์,นนทบุรี,บางใหญ่,เทศบาลตำบลบางใหญ่,0.0
2563,กุมภาพันธ์,นนทบุรี,บางใหญ่,เทศบาลตำบลบ้านบางม่วง,0.0
2563,กุมภาพันธ์,นนทบุรี,บางใหญ่,เทศบาลตำบลเสาธงหิน,0.0
2563,กุมภาพันธ์,นนทบุรี,บางใหญ่,อบต.บางใหญ่,0.0
2563,กุมภาพันธ์,นนทบุรี,บางใหญ่,อบต.บ้านใหม่,0.0
2563,กุมภาพันธ์,นนทบุรี,ปากเกร็ด,เทศบาลนครปากเกร็ด,0.0
2563,กุมภาพันธ์,นนทบุรี,ปากเกร็ด,เทศบาลตำบลบางพลับ,0.0
2563,กุมภาพันธ์,นนทบุรี,ปากเกร็ด,อบต.เกาะเกร็ด,0.0
2563,กุมภาพันธ์,นนทบุรี,ปากเกร็ด,อบต.คลองข่อย,0.0
2563,กุมภาพันธ์,นนทบุรี,ปากเกร็ด,อบต.คลองพระอุดม,0.0
2563,กุมภาพันธ์,นนทบุรี,ปากเกร็ด,อบต.ท่าอิฐ,0.0
2563,กุมภาพันธ์,นนทบุรี,ปากเกร็ด,อบต.บางตะไนย์,0.0
2563,กุมภาพันธ์,นนทบุรี,ปากเกร็ด,อบต.อ้อมเกร็ด,0.0
2563,กุมภาพันธ์,นนทบุรี,เมืองนนทบุรี,เทศบาลนครนนทบุรี,0.0
2563,กุมภาพันธ์,นนทบุรี,เมืองนนทบุรี,เทศบาลเมืองไทรม้า,0.0
2563,กุมภาพันธ์,นนทบุรี,เมืองนนทบุรี,เทศบาลเมืองบางกร่าง,0.0
2563,กุมภาพันธ์,นนทบุรี,เมืองนนทบุรี,เทศบาลเมืองบางศรีเมือง,0.0
2563,กุมภาพันธ์,นนทบุรี,เมืองนนทบุรี,อบต.บางไผ่,0.0
2563,กุมภาพันธ์,นนทบุรี,เมืองนนทบุรี,อบต.บางรักน้อย,0.0
2563,มีนาคม,นนทบุรี,ไทรน้อย,เทศบาลตำบลไทรน้อย,0.0
2563,มีนาคม,นนทบุรี,ไทรน้อย,อบต.ขุนศรี,0.0
2563,มีนาคม,นนทบุรี,ไทรน้อย,อบต.คลองขวาง,0.0
2563,มีนาคม,นนทบุรี,ไทรน้อย,อบต.ทวีวัฒนา,0.0
2563,มีนาคม,นนทบุรี,ไทรน้อย,อบต.ไทรน้อย,0.0
2563,มีนาคม,นนทบุรี,ไทรน้อย,อบต.ไทรใหญ่,0.0
2563,มีนาคม,นนทบุรี,ไทรน้อย,อบต.ราษฎร์นิยม,0.0
2563,มีนาคม,นนทบุรี,ไทรน้อย,อบต.หนองเพรางาย,0.0
2563,มีนาคม,นนทบุรี,บางกรวย,เทศบาลเมืองบางกรวย,0.0
2563,มีนาคม,นนทบุรี,บางกรวย,เทศบาลตำบลบางสีทอง,0.0
2563,มีนาคม,นนทบุรี,บางกรวย,เทศบาลตำบลปลายบาง,0.0
2563,มีนาคม,นนทบุรี,บางกรวย,เทศบาลตำบลศาลากลาง,0.0
2563,มีนาคม,นนทบุรี,บางกรวย,อบต.บางขนุน,0.0
2563,มีนาคม,นนทบุรี,บางกรวย,อบต.บางขุนกอง,0.0
2563,มีนาคม,นนทบุรี,บางกรวย,อบต.มหาสวัสดิ์,0.0
2563,มีนาคม,นนทบุรี,บางบัวทอง,เทศบาลเมืองบางคูรัด,0.0
2563,มีนาคม,นนทบุรี,บางบัวทอง,เทศบาลเมืองบางบัวทอง,0.0
2563,มีนาคม,นนทบุรี,บางบัวทอง,เทศบาลเมืองบางรักพัฒนา,0.0
2563,มีนาคม,นนทบุรี,บางบัวทอง,เทศบาลเมืองพิมลราช,0.0
2563,มีนาคม,นนทบุรี,บางบัวทอง,เทศบาลเมืองใหม่บางบัวทอง,0.0
2563,มีนาคม,นนทบุรี,บางบัวทอง,อบต.บางรักใหญ่,0.0
2563,มีนาคม,นนทบุรี,บางบัวทอง,อบต.ละหาร,0.0
2563,มีนาคม,นนทบุรี,บางบัวทอง,อบต.ลำโพ,0.0
2563,มีนาคม,นนทบุรี,บางใหญ่,เทศบาลเมืองบางแม่นาง,0.0
2563,มีนาคม,นนทบุรี,บางใหญ่,เทศบาลตำบลบางม่วง,0.0
2563,มีนาคม,นนทบุรี,บางใหญ่,เทศบาลตำบลบางเลน,0.0
2563,มีนาคม,นนทบุรี,บางใหญ่,เทศบาลตำบลบางใหญ่,0.0
2563,มีนาคม,นนทบุรี,บางใหญ่,เทศบาลตำบลบ้านบางม่วง,0.0
2563,มีนาคม,นนทบุรี,บางใหญ่,เทศบาลตำบลเสาธงหิน,0.0
2563,มีนาคม,นนทบุรี,บางใหญ่,อบต.บางใหญ่,0.0
2563,มีนาคม,นนทบุรี,บางใหญ่,อบต.บ้านใหม่,0.0
2563,มีนาคม,นนทบุรี,ปากเกร็ด,เทศบาลนครปากเกร็ด,0.0
2563,มีนาคม,นนทบุรี,ปากเกร็ด,เทศบาลตำบลบางพลับ,0.0
2563,มีนาคม,นนทบุรี,ปากเกร็ด,อบต.เกาะเกร็ด,0.0
2563,มีนาคม,นนทบุรี,ปากเกร็ด,อบต.คลองข่อย,0.0
2563,มีนาคม,นนทบุรี,ปากเกร็ด,อบต.คลองพระอุดม,0.0
2563,มีนาคม,นนทบุรี,ปากเกร็ด,อบต.ท่าอิฐ,0.0
2563,มีนาคม,นนทบุรี,ปากเกร็ด,อบต.บางตะไนย์,0.0
2563,มีนาคม,นนทบุรี,ปากเกร็ด,อบต.อ้อมเกร็ด,0.0
2563,มีนาคม,นนทบุรี,เมืองนนทบุรี,เทศบาลนครนนทบุรี,0.0
2563,มีนาคม,นนทบุรี,เมืองนนทบุรี,เทศบาลเมืองไทรม้า,0.0
2563,มีนาคม,นนทบุรี,เมืองนนทบุรี,เทศบาลเมืองบางกร่าง,0.0
2563,มีนาคม,นนทบุรี,เมืองนนทบุรี,เทศบาลเมืองบางศรีเมือง,0.0
2563,มีนาคม,นนทบุรี,เมืองนนทบุรี,อบต.บางไผ่,0.0
2563,มีนาคม,นนทบุรี,เมืองนนทบุรี,อบต.บางรักน้อย,0.0
2563,เมษายน,นนทบุรี,ไทรน้อย,เทศบาลตำบลไทรน้อย,0.0
2563,เมษายน,นนทบุรี,ไทรน้อย,อบต.ขุนศรี,0.0
2563,เมษายน,นนทบุรี,ไทรน้อย,อบต.คลองขวาง,0.0
2563,เมษายน,นนทบุรี,ไทรน้อย,อบต.ทวีวัฒนา,0.0
2563,เมษายน,นนทบุรี,ไทรน้อย,อบต.ไทรน้อย,0.0
2563,เมษายน,นนทบุรี,ไทรน้อย,อบต.ไทรใหญ่,0.0
2563,เมษายน,นนทบุรี,ไทรน้อย,อบต.ราษฎร์นิยม,0.0
2563,เมษายน,นนทบุรี,ไทรน้อย,อบต.หนองเพรางาย,0.0
2563,เมษายน,นนทบุรี,บางกรวย,เทศบาลเมืองบางกรวย,0.0
2563,เมษายน,นนทบุรี,บางกรวย,เทศบาลตำบลบางสีทอง,0.0
2563,เมษายน,นนทบุรี,บางกรวย,เทศบาลตำบลปลายบาง,0.0
2563,เมษายน,นนทบุรี,บางกรวย,เทศบาลตำบลศาลากลาง,0.0
2563,เมษายน,นนทบุรี,บางกรวย,อบต.บางขนุน,0.0
2563,เมษายน,นนทบุรี,บางกรวย,อบต.บางขุนกอง,0.0
2563,เมษายน,นนทบุรี,บางกรวย,อบต.มหาสวัสดิ์,0.0
2563,เมษายน,นนทบุรี,บางบัวทอง,เทศบาลเมืองบางคูรัด,0.0
2563,เมษายน,นนทบุรี,บางบัวทอง,เทศบาลเมืองบางบัวทอง,0.0
2563,เมษายน,นนทบุรี,บางบัวทอง,เทศบาลเมืองบางรักพัฒนา,0.0
2563,เมษายน,นนทบุรี,บางบัวทอง,เทศบาลเมืองพิมลราช,0.0
2563,เมษายน,นนทบุรี,บางบัวทอง,เทศบาลเมืองใหม่บางบัวทอง,0.0
2563,เมษายน,นนทบุรี,บางบัวทอง,อบต.บางรักใหญ่,0.0
2563,เมษายน,นนทบุรี,บางบัวทอง,อบต.ละหาร,0.0
2563,เมษายน,นนทบุรี,บางบัวทอง,อบต.ลำโพ,0.0
2563,เมษายน,นนทบุรี,บางใหญ่,เทศบาลเมืองบางแม่นาง,0.0
2563,เมษายน,นนทบุรี,บางใหญ่,เทศบาลตำบลบางม่วง,0.0
2563,เมษายน,นนทบุรี,บางใหญ่,เทศบาลตำบลบางเลน,0.0
2563,เมษายน,นนทบุรี,บางใหญ่,เทศบาลตำบลบางใหญ่,0.0
2563,เมษายน,นนทบุรี,บางใหญ่,เทศบาลตำบลบ้านบางม่วง,0.0
2563,เมษายน,นนทบุรี,บางใหญ่,เทศบาลตำบลเสาธงหิน,0.0
2563,เมษายน,นนทบุรี,บางใหญ่,อบต.บางใหญ่,0.0
2563,เมษายน,นนทบุรี,บางใหญ่,อบต.บ้านใหม่,0.0
2563,เมษายน,นนทบุรี,ปากเกร็ด,เทศบาลนครปากเกร็ด,0.0
2563,เมษายน,นนทบุรี,ปากเกร็ด,เทศบาลตำบลบางพลับ,0.0
2563,เมษายน,นนทบุรี,ปากเกร็ด,อบต.เกาะเกร็ด,0.0
2563,เมษายน,นนทบุรี,ปากเกร็ด,อบต.คลองข่อย,0.0
2563,เมษายน,นนทบุรี,ปากเกร็ด,อบต.คลองพระอุดม,0.0
2563,เมษายน,นนทบุรี,ปากเกร็ด,อบต.ท่าอิฐ,0.0
2563,เมษายน,นนทบุรี,ปากเกร็ด,อบต.บางตะไนย์,0.0
2563,เมษายน,นนทบุรี,ปากเกร็ด,อบต.อ้อมเกร็ด,0.0
2563,เมษายน,นนทบุรี,เมืองนนทบุรี,เทศบาลนครนนทบุรี,0.0
2563,เมษายน,นนทบุรี,เมืองนนทบุรี,เทศบาลเมืองไทรม้า,0.0
2563,เมษายน,นนทบุรี,เมืองนนทบุรี,เทศบาลเมืองบางกร่าง,0.0
2563,เมษายน,นนทบุรี,เมืองนนทบุรี,เทศบาลเมืองบางศรีเมือง,0.0
2563,เมษายน,นนทบุรี,เมืองนนทบุรี,อบต.บางไผ่,0.0
2563,เมษายน,นนทบุรี,เมืองนนทบุรี,อบต.บางรักน้อย,0.0
2563,พฤษภาคม,นนทบุรี,ไทรน้อย,เทศบาลตำบลไทรน้อย,0.0
2563,พฤษภาคม,นนทบุรี,ไทรน้อย,อบต.ขุนศรี,0.0
2563,พฤษภาคม,นนทบุรี,ไทรน้อย,อบต.คลองขวาง,0.0
2563,พฤษภาคม,นนทบุรี,ไทรน้อย,อบต.ทวีวัฒนา,0.0
2563,พฤษภาคม,นนทบุรี,ไทรน้อย,อบต.ไทรน้อย,0.0
2563,พฤษภาคม,นนทบุรี,ไทรน้อย,อบต.ไทรใหญ่,0.0
2563,พฤษภาคม,นนทบุรี,ไทรน้อย,อบต.ราษฎร์นิยม,0.0
2563,พฤษภาคม,นนทบุรี,ไทรน้อย,อบต.หนองเพรางาย,0.0
2563,พฤษภาคม,นนทบุรี,บางกรวย,เทศบาลเมืองบางกรวย,0.0
2563,พฤษภาคม,นนทบุรี,บางกรวย,เทศบาลตำบลบางสีทอง,0.0
2563,พฤษภาคม,นนทบุรี,บางกรวย,เทศบาลตำบลปลายบาง,0.0
2563,พฤษภาคม,นนทบุรี,บางกรวย,เทศบาลตำบลศาลากลาง,0.0
2563,พฤษภาคม,นนทบุรี,บางกรวย,อบต.บางขนุน,0.0
2563,พฤษภาคม,นนทบุรี,บางกรวย,อบต.บางขุนกอง,0.0
2563,พฤษภาคม,นนทบุรี,บางกรวย,อบต.มหาสวัสดิ์,0.0
2563,พฤษภาคม,นนทบุรี,บางบัวทอง,เทศบาลเมืองบางคูรัด,0.0
2563,พฤษภาคม,นนทบุรี,บางบัวทอง,เทศบาลเมืองบางบัวทอง,0.0
2563,พฤษภาคม,นนทบุรี,บางบัวทอง,เทศบาลเมืองบางรักพัฒนา,0.0
2563,พฤษภาคม,นนทบุรี,บางบัวทอง,เทศบาลเมืองพิมลราช,0.0
2563,พฤษภาคม,นนทบุรี,บางบัวทอง,เทศบาลเมืองใหม่บางบัวทอง,0.0
2563,พฤษภาคม,นนทบุรี,บางบัวทอง,อบต.บางรักใหญ่,0.0
2563,พฤษภาคม,นนทบุรี,บางบัวทอง,อบต.ละหาร,0.0
2563,พฤษภาคม,นนทบุรี,บางบัวทอง,อบต.ลำโพ,0.0
2563,พฤษภาคม,นนทบุรี,บางใหญ่,เทศบาลเมืองบางแม่นาง,0.0
2563,พฤษภาคม,นนทบุรี,บางใหญ่,เทศบาลตำบลบางม่วง,0.0
2563,พฤษภาคม,นนทบุรี,บางใหญ่,เทศบาลตำบลบางเลน,0.0
2563,พฤษภาคม,นนทบุรี,บางใหญ่,เทศบาลตำบลบางใหญ่,0.0
2563,พฤษภาคม,นนทบุรี,บางใหญ่,เทศบาลตำบลบ้านบางม่วง,0.0
2563,พฤษภาคม,นนทบุรี,บางใหญ่,เทศบาลตำบลเสาธงหิน,0.0
2563,พฤษภาคม,นนทบุรี,บางใหญ่,อบต.บางใหญ่,0.0
2563,พฤษภาคม,นนทบุรี,บางใหญ่,อบต.บ้านใหม่,0.0
2563,พฤษภาคม,นนทบุรี,ปากเกร็ด,เทศบาลนครปากเกร็ด,0.0
2563,พฤษภาคม,นนทบุรี,ปากเกร็ด,เทศบาลตำบลบางพลับ,0.0
2563,พฤษภาคม,นนทบุรี,ปากเกร็ด,อบต.เกาะเกร็ด,0.0
2563,พฤษภาคม,นนทบุรี,ปากเกร็ด,อบต.คลองข่อย,0.0
2563,พฤษภาคม,นนทบุรี,ปากเกร็ด,อบต.คลองพระอุดม,0.0
2563,พฤษภาคม,นนทบุรี,ปากเกร็ด,อบต.ท่าอิฐ,0.0
2563,พฤษภาคม,นนทบุรี,ปากเกร็ด,อบต.บางตะไนย์,0.0
2563,พฤษภาคม,นนทบุรี,ปากเกร็ด,อบต.อ้อมเกร็ด,0.0
2563,พฤษภาคม,นนทบุรี,เมืองนนทบุรี,เทศบาลนครนนทบุรี,0.0
2563,พฤษภาคม,นนทบุรี,เมืองนนทบุรี,เทศบาลเมืองไทรม้า,0.0
2563,พฤษภาคม,นนทบุรี,เมืองนนทบุรี,เทศบาลเมืองบางกร่าง,0.0
2563,พฤษภาคม,นนทบุรี,เมืองนนทบุรี,เทศบาลเมืองบางศรีเมือง,0.0
2563,พฤษภาคม,นนทบุรี,เมืองนนทบุรี,อบต.บางไผ่,0.0
2563,พฤษภาคม,นนทบุรี,เมืองนนทบุรี,อบต.บางรักน้อย,0.0
2563,มิถุนายน,นนทบุรี,ไทรน้อย,เทศบาลตำบลไทรน้อย,0.0
2563,มิถุนายน,นนทบุรี,ไทรน้อย,อบต.ขุนศรี,0.0
2563,มิถุนายน,นนทบุรี,ไทรน้อย,อบต.คลองขวาง,0.0
2563,มิถุนายน,นนทบุรี,ไทรน้อย,อบต.ทวีวัฒนา,0.0
2563,มิถุนายน,นนทบุรี,ไทรน้อย,อบต.ไทรน้อย,0.0
2563,มิถุนายน,นนทบุรี,ไทรน้อย,อบต.ไทรใหญ่,0.0
2563,มิถุนายน,นนทบุรี,ไทรน้อย,อบต.ราษฎร์นิยม,0.0
2563,มิถุนายน,นนทบุรี,ไทรน้อย,อบต.หนองเพรางาย,0.0
2563,มิถุนายน,นนทบุรี,บางกรวย,เทศบาลเมืองบางกรวย,0.0
2563,มิถุนายน,นนทบุรี,บางกรวย,เทศบาลตำบลบางสีทอง,0.0
2563,มิถุนายน,นนทบุรี,บางกรวย,เทศบาลตำบลปลายบาง,0.0
2563,มิถุนายน,นนทบุรี,บางกรวย,เทศบาลตำบลศาลากลาง,0.0
2563,มิถุนายน,นนทบุรี,บางกรวย,อบต.บางขนุน,0.0
2563,มิถุนายน,นนทบุรี,บางกรวย,อบต.บางขุนกอง,0.0
2563,มิถุนายน,นนทบุรี,บางกรวย,อบต.มหาสวัสดิ์,0.0
2563,มิถุนายน,นนทบุรี,บางบัวทอง,เทศบาลเมืองบางคูรัด,0.0
2563,มิถุนายน,นนทบุรี,บางบัวทอง,เทศบาลเมืองบางบัวทอง,0.0
2563,มิถุนายน,นนทบุรี,บางบัวทอง,เทศบาลเมืองบางรักพัฒนา,0.0
2563,มิถุนายน,นนทบุรี,บางบัวทอง,เทศบาลเมืองพิมลราช,0.0
2563,มิถุนายน,นนทบุรี,บางบัวทอง,เทศบาลเมืองใหม่บางบัวทอง,0.0
2563,มิถุนายน,นนทบุรี,บางบัวทอง,อบต.บางรักใหญ่,0.0
2563,มิถุนายน,นนทบุรี,บางบัวทอง,อบต.ละหาร,0.0
2563,มิถุนายน,นนทบุรี,บางบัวทอง,อบต.ลำโพ,0.0
2563,มิถุนายน,นนทบุรี,บางใหญ่,เทศบาลเมืองบางแม่นาง,0.0
2563,มิถุนายน,นนทบุรี,บางใหญ่,เทศบาลตำบลบางม่วง,0.0
2563,มิถุนายน,นนทบุรี,บางใหญ่,เทศบาลตำบลบางเลน,0.0
2563,มิถุนายน,นนทบุรี,บางใหญ่,เทศบาลตำบลบางใหญ่,0.0
2563,มิถุนายน,นนทบุรี,บางใหญ่,เทศบาลตำบลบ้านบางม่วง,0.0
2563,มิถุนายน,นนทบุรี,บางใหญ่,เทศบาลตำบลเสาธงหิน,0.0
2563,มิถุนายน,นนทบุรี,บางใหญ่,อบต.บางใหญ่,0.0
2563,มิถุนายน,นนทบุรี,บางใหญ่,อบต.บ้านใหม่,0.0
2563,มิถุนายน,นนทบุรี,ปากเกร็ด,เทศบาลนครปากเกร็ด,0.0
2563,มิถุนายน,นนทบุรี,ปากเกร็ด,เทศบาลตำบลบางพลับ,0.0
2563,มิถุนายน,นนทบุรี,ปากเกร็ด,อบต.เกาะเกร็ด,0.0
2563,มิถุนายน,นนทบุรี,ปากเกร็ด,อบต.คลองข่อย,0.0
2563,มิถุนายน,นนทบุรี,ปากเกร็ด,อบต.คลองพระอุดม,0.0
2563,มิถุนายน,นนทบุรี,ปากเกร็ด,อบต.ท่าอิฐ,0.0
2563,มิถุนายน,นนทบุรี,ปากเกร็ด,อบต.บางตะไนย์,0.0
2563,มิถุนายน,นนทบุรี,ปากเกร็ด,อบต.อ้อมเกร็ด,0.0
2563,มิถุนายน,นนทบุรี,เมืองนนทบุรี,เทศบาลนครนนทบุรี,0.0
2563,มิถุนายน,นนทบุรี,เมืองนนทบุรี,เทศบาลเมืองไทรม้า,0.0
2563,มิถุนายน,นนทบุรี,เมืองนนทบุรี,เทศบาลเมืองบางกร่าง,0.0
2563,มิถุนายน,นนทบุรี,เมืองนนทบุรี,เทศบาลเมืองบางศรีเมือง,0.0
2563,มิถุนายน,นนทบุรี,เมืองนนทบุรี,อบต.บางไผ่,0.0
2563,มิถุนายน,นนทบุรี,เมืองนนทบุรี,อบต.บางรักน้อย,0.0
2563,กรกฎาคม,นนทบุรี,ไทรน้อย,เทศบาลตำบลไทรน้อย,0.0
2563,กรกฎาคม,นนทบุรี,ไทรน้อย,อบต.ขุนศรี,0.0
2563,กรกฎาคม,นนทบุรี,ไทรน้อย,อบต.คลองขวาง,0.0
2563,กรกฎาคม,นนทบุรี,ไทรน้อย,อบต.ทวีวัฒนา,0.0
2563,กรกฎาคม,นนทบุรี,ไทรน้อย,อบต.ไทรน้อย,0.0
2563,กรกฎาคม,นนทบุรี,ไทรน้อย,อบต.ไทรใหญ่,0.0
2563,กรกฎาคม,นนทบุรี,ไทรน้อย,อบต.ราษฎร์นิยม,0.0
2563,กรกฎาคม,นนทบุรี,ไทรน้อย,อบต.หนองเพรางาย,0.0
2563,กรกฎาคม,นนทบุรี,บางกรวย,เทศบาลเมืองบางกรวย,0.0
2563,กรกฎาคม,นนทบุรี,บางกรวย,เทศบาลตำบลบางสีทอง,0.0
2563,กรกฎาคม,นนทบุรี,บางกรวย,เทศบาลตำบลปลายบาง,0.0
2563,กรกฎาคม,นนทบุรี,บางกรวย,เทศบาลตำบลศาลากลาง,0.0
2563,กรกฎาคม,นนทบุรี,บางกรวย,อบต.บางขนุน,0.0
2563,กรกฎาคม,นนทบุรี,บางกรวย,อบต.บางขุนกอง,0.0
2563,กรกฎาคม,นนทบุรี,บางกรวย,อบต.มหาสวัสดิ์,0.0
2563,กรกฎาคม,นนทบุรี,บางบัวทอง,เทศบาลเมืองบางคูรัด,0.0
2563,กรกฎาคม,นนทบุรี,บางบัวทอง,เทศบาลเมืองบางบัวทอง,0.0
2563,กรกฎาคม,นนทบุรี,บางบัวทอง,เทศบาลเมืองบางรักพัฒนา,0.0
2563,กรกฎาคม,นนทบุรี,บางบัวทอง,เทศบาลเมืองพิมลราช,0.0
2563,กรกฎาคม,นนทบุรี,บางบัวทอง,เทศบาลเมืองใหม่บางบัวทอง,0.0
2563,กรกฎาคม,นนทบุรี,บางบัวทอง,อบต.บางรักใหญ่,0.0
2563,กรกฎาคม,นนทบุรี,บางบัวทอง,อบต.ละหาร,0.0
2563,กรกฎาคม,นนทบุรี,บางบัวทอง,อบต.ลำโพ,0.0
2563,กรกฎาคม,นนทบุรี,บางใหญ่,เทศบาลเมืองบางแม่นาง,0.0
2563,กรกฎาคม,นนทบุรี,บางใหญ่,เทศบาลตำบลบางม่วง,0.0
2563,กรกฎาคม,นนทบุรี,บางใหญ่,เทศบาลตำบลบางเลน,0.0
2563,กรกฎาคม,นนทบุรี,บางใหญ่,เทศบาลตำบลบางใหญ่,0.0
2563,กรกฎาคม,นนทบุรี,บางใหญ่,เทศบาลตำบลบ้านบางม่วง,0.0
2563,กรกฎาคม,นนทบุรี,บางใหญ่,เทศบาลตำบลเสาธงหิน,0.0
2563,กรกฎาคม,นนทบุรี,บางใหญ่,อบต.บางใหญ่,0.0
2563,กรกฎาคม,นนทบุรี,บางใหญ่,อบต.บ้านใหม่,0.0
2563,กรกฎาคม,นนทบุรี,ปากเกร็ด,เทศบาลนครปากเกร็ด,0.0
2563,กรกฎาคม,นนทบุรี,ปากเกร็ด,เทศบาลตำบลบางพลับ,0.0
2563,กรกฎาคม,นนทบุรี,ปากเกร็ด,อบต.เกาะเกร็ด,0.0
2563,กรกฎาคม,นนทบุรี,ปากเกร็ด,อบต.คลองข่อย,0.0
2563,กรกฎาคม,นนทบุรี,ปากเกร็ด,อบต.คลองพระอุดม,0.0
2563,กรกฎาคม,นนทบุรี,ปากเกร็ด,อบต.ท่าอิฐ,0.0
2563,กรกฎาคม,นนทบุรี,ปากเกร็ด,อบต.บางตะไนย์,0.0
2563,กรกฎาคม,นนทบุรี,ปากเกร็ด,อบต.อ้อมเกร็ด,0.0
2563,กรกฎาคม,นนทบุรี,เมืองนนทบุรี,เทศบาลนครนนทบุรี,0.0
2563,กรกฎาคม,นนทบุรี,เมืองนนทบุรี,เทศบาลเมืองไทรม้า,0.0
2563,กรกฎาคม,นนทบุรี,เมืองนนทบุรี,เทศบาลเมืองบางกร่าง,0.0
2563,กรกฎาคม,นนทบุรี,เมืองนนทบุรี,เทศบาลเมืองบางศรีเมือง,0.0
2563,กรกฎาคม,นนทบุรี,เมืองนนทบุรี,อบต.บางไผ่,0.0
2563,กรกฎาคม,นนทบุรี,เมืองนนทบุรี,อบต.บางรักน้อย,0.0
2563,สิงหาคม,นนทบุรี,ไทรน้อย,เทศบาลตำบลไทรน้อย,0.0
2563,สิงหาคม,นนทบุรี,ไทรน้อย,อบต.ขุนศรี,0.0
2563,สิงหาคม,นนทบุรี,ไทรน้อย,อบต.คลองขวาง,0.0
2563,สิงหาคม,นนทบุรี,ไทรน้อย,อบต.ทวีวัฒนา,0.0
2563,สิงหาคม,นนทบุรี,ไทรน้อย,อบต.ไทรน้อย,0.0
2563,สิงหาคม,นนทบุรี,ไทรน้อย,อบต.ไทรใหญ่,0.0
2563,สิงหาคม,นนทบุรี,ไทรน้อย,อบต.ราษฎร์นิยม,0.0
2563,สิงหาคม,นนทบุรี,ไทรน้อย,อบต.หนองเพรางาย,0.0
2563,สิงหาคม,นนทบุรี,บางกรวย,เทศบาลเมืองบางกรวย,0.0
2563,สิงหาคม,นนทบุรี,บางกรวย,เทศบาลตำบลบางสีทอง,0.0
2563,สิงหาคม,นนทบุรี,บางกรวย,เทศบาลตำบลปลายบาง,0.0
2563,สิงหาคม,นนทบุรี,บางกรวย,เทศบาลตำบลศาลากลาง,0.0
2563,สิงหาคม,นนทบุรี,บางกรวย,อบต.บางขนุน,0.0
2563,สิงหาคม,นนทบุรี,บางกรวย,อบต.บางขุนกอง,0.0
2563,สิงหาคม,นนทบุรี,บางกรวย,อบต.มหาสวัสดิ์,0.0
2563,สิงหาคม,นนทบุรี,บางบัวทอง,เทศบาลเมืองบางคูรัด,0.0
2563,สิงหาคม,นนทบุรี,บางบัวทอง,เทศบาลเมืองบางบัวทอง,0.0
2563,สิงหาคม,นนทบุรี,บางบัวทอง,เทศบาลเมืองบางรักพัฒนา,0.0
2563,สิงหาคม,นนทบุรี,บางบัวทอง,เทศบาลเมืองพิมลราช,0.0
2563,สิงหาคม,นนทบุรี,บางบัวทอง,เทศบาลเมืองใหม่บางบัวทอง,0.0
2563,สิงหาคม,นนทบุรี,บางบัวทอง,อบต.บางรักใหญ่,0.0
2563,สิงหาคม,นนทบุรี,บางบัวทอง,อบต.ละหาร,0.0
2563,สิงหาคม,นนทบุรี,บางบัวทอง,อบต.ลำโพ,0.0
2563,สิงหาคม,นนทบุรี,บางใหญ่,เทศบาลเมืองบางแม่นาง,0.0
2563,สิงหาคม,นนทบุรี,บางใหญ่,เทศบาลตำบลบางม่วง,0.0
2563,สิงหาคม,นนทบุรี,บางใหญ่,เทศบาลตำบลบางเลน,0.0
2563,สิงหาคม,นนทบุรี,บางใหญ่,เทศบาลตำบลบางใหญ่,0.0
2563,สิงหาคม,นนทบุรี,บางใหญ่,เทศบาลตำบลบ้านบางม่วง,0.0
2563,สิงหาคม,นนทบุรี,บางใหญ่,เทศบาลตำบลเสาธงหิน,0.0
2563,สิงหาคม,นนทบุรี,บางใหญ่,อบต.บางใหญ่,0.0
2563,สิงหาคม,นนทบุรี,บางใหญ่,อบต.บ้านใหม่,0.0
2563,สิงหาคม,นนทบุรี,ปากเกร็ด,เทศบาลนครปากเกร็ด,0.0
2563,สิงหาคม,นนทบุรี,ปากเกร็ด,เทศบาลตำบลบางพลับ,0.0
2563,สิงหาคม,นนทบุรี,ปากเกร็ด,อบต.เกาะเกร็ด,0.0
2563,สิงหาคม,นนทบุรี,ปากเกร็ด,อบต.คลองข่อย,0.0
2563,สิงหาคม,นนทบุรี,ปากเกร็ด,อบต.คลองพระอุดม,0.0
2563,สิงหาคม,นนทบุรี,ปากเกร็ด,อบต.ท่าอิฐ,0.0
2563,สิงหาคม,นนทบุรี,ปากเกร็ด,อบต.บางตะไนย์,0.0
2563,สิงหาคม,นนทบุรี,ปากเกร็ด,อบต.อ้อมเกร็ด,0.0
2563,สิงหาคม,นนทบุรี,เมืองนนทบุรี,เทศบาลนครนนทบุรี,0.0
2563,สิงหาคม,นนทบุรี,เมืองนนทบุรี,เทศบาลเมืองไทรม้า,0.0
2563,สิงหาคม,นนทบุรี,เมืองนนทบุรี,เทศบาลเมืองบางกร่าง,0.0
2563,สิงหาคม,นนทบุรี,เมืองนนทบุรี,เทศบาลเมืองบางศรีเมือง,0.0
2563,สิงหาคม,นนทบุรี,เมืองนนทบุรี,อบต.บางไผ่,0.0
2563,สิงหาคม,นนทบุรี,เมืองนนทบุรี,อบต.บางรักน้อย,0.0
2563,กันยายน,นนทบุรี,ไทรน้อย,เทศบาลตำบลไทรน้อย,0.0
2563,กันยายน,นนทบุรี,ไทรน้อย,อบต.ขุนศรี,0.0
2563,กันยายน,นนทบุรี,ไทรน้อย,อบต.คลองขวาง,0.0
2563,กันยายน,นนทบุรี,ไทรน้อย,อบต.ทวีวัฒนา,0.0
2563,กันยายน,นนทบุรี,ไทรน้อย,อบต.ไทรน้อย,0.0
2563,กันยายน,นนทบุรี,ไทรน้อย,อบต.ไทรใหญ่,0.0
2563,กันยายน,นนทบุรี,ไทรน้อย,อบต.ราษฎร์นิยม,0.0
2563,กันยายน,นนทบุรี,ไทรน้อย,อบต.หนองเพรางาย,0.0
2563,กันยายน,นนทบุรี,บางกรวย,เทศบาลเมืองบางกรวย,0.0
2563,กันยายน,นนทบุรี,บางกรวย,เทศบาลตำบลบางสีทอง,0.0
2563,กันยายน,นนทบุรี,บางกรวย,เทศบาลตำบลปลายบาง,0.0
2563,กันยายน,นนทบุรี,บางกรวย,เทศบาลตำบลศาลากลาง,0.0
2563,กันยายน,นนทบุรี,บางกรวย,อบต.บางขนุน,0.0
2563,กันยายน,นนทบุรี,บางกรวย,อบต.บางขุนกอง,0.0
2563,กันยายน,นนทบุรี,บางกรวย,อบต.มหาสวัสดิ์,0.0
2563,กันยายน,นนทบุรี,บางบัวทอง,เทศบาลเมืองบางคูรัด,0.0
2563,กันยายน,นนทบุรี,บางบัวทอง,เทศบาลเมืองบางบัวทอง,0.0
2563,กันยายน,นนทบุรี,บางบัวทอง,เทศบาลเมืองบางรักพัฒนา,0.0
2563,กันยายน,นนทบุรี,บางบัวทอง,เทศบาลเมืองพิมลราช,0.0
2563,กันยายน,นนทบุรี,บางบัวทอง,เทศบาลเมืองใหม่บางบัวทอง,0.0
2563,กันยายน,นนทบุรี,บางบัวทอง,อบต.บางรักใหญ่,0.0
2563,กันยายน,นนทบุรี,บางบัวทอง,อบต.ละหาร,0.0
2563,กันยายน,นนทบุรี,บางบัวทอง,อบต.ลำโพ,0.0
2563,กันยายน,นนทบุรี,บางใหญ่,เทศบาลเมืองบางแม่นาง,0.0
2563,กันยายน,นนทบุรี,บางใหญ่,เทศบาลตำบลบางม่วง,0.0
2563,กันยายน,นนทบุรี,บางใหญ่,เทศบาลตำบลบางเลน,0.0
2563,กันยายน,นนทบุรี,บางใหญ่,เทศบาลตำบลบางใหญ่,0.0
2563,กันยายน,นนทบุรี,บางใหญ่,เทศบาลตำบลบ้านบางม่วง,0.0
2563,กันยายน,นนทบุรี,บางใหญ่,เทศบาลตำบลเสาธงหิน,0.0
2563,กันยายน,นนทบุรี,บางใหญ่,อบต.บางใหญ่,0.0
2563,กันยายน,นนทบุรี,บางใหญ่,อบต.บ้านใหม่,0.0
2563,กันยายน,นนทบุรี,ปากเกร็ด,เทศบาลนครปากเกร็ด,0.0
2563,กันยายน,นนทบุรี,ปากเกร็ด,เทศบาลตำบลบางพลับ,0.0
2563,กันยายน,นนทบุรี,ปากเกร็ด,อบต.เกาะเกร็ด,0.0
2563,กันยายน,นนทบุรี,ปากเกร็ด,อบต.คลองข่อย,0.0
2563,กันยายน,นนทบุรี,ปากเกร็ด,อบต.คลองพระอุดม,0.0
2563,กันยายน,นนทบุรี,ปากเกร็ด,อบต.ท่าอิฐ,0.0
2563,กันยายน,นนทบุรี,ปากเกร็ด,อบต.บางตะไนย์,0.0
2563,กันยายน,นนทบุรี,ปากเกร็ด,อบต.อ้อมเกร็ด,0.0
2563,กันยายน,นนทบุรี,เมืองนนทบุรี,เทศบาลนครนนทบุรี,0.0
2563,กันยายน,นนทบุรี,เมืองนนทบุรี,เทศบาลเมืองไทรม้า,0.0
2563,กันยายน,นนทบุรี,เมืองนนทบุรี,เทศบาลเมืองบางกร่าง,0.0
2563,กันยายน,นนทบุรี,เมืองนนทบุรี,เทศบาลเมืองบางศรีเมือง,0.0
2563,กันยายน,นนทบุรี,เมืองนนทบุรี,อบต.บางไผ่,0.0
2563,กันยายน,นนทบุรี,เมืองนนทบุรี,อบต.บางรักน้อย,0.0
2563,ตุลาคม,นนทบุรี,ไทรน้อย,เทศบาลตำบลไทรน้อย,0.0
2563,ตุลาคม,นนทบุรี,ไทรน้อย,อบต.ขุนศรี,0.0
2563,ตุลาคม,นนทบุรี,ไทรน้อย,อบต.คลองขวาง,0.0
2563,ตุลาคม,นนทบุรี,ไทรน้อย,อบต.ทวีวัฒนา,0.0
2563,ตุลาคม,นนทบุรี,ไทรน้อย,อบต.ไทรน้อย,0.0
2563,ตุลาคม,นนทบุรี,ไทรน้อย,อบต.ไทรใหญ่,0.0
2563,ตุลาคม,นนทบุรี,ไทรน้อย,อบต.ราษฎร์นิยม,0.0
2563,ตุลาคม,นนทบุรี,ไทรน้อย,อบต.หนองเพรางาย,0.0
2563,ตุลาคม,นนทบุรี,บางกรวย,เทศบาลเมืองบางกรวย,0.0
2563,ตุลาคม,นนทบุรี,บางกรวย,เทศบาลตำบลบางสีทอง,0.0
2563,ตุลาคม,นนทบุรี,บางกรวย,เทศบาลตำบลปลายบาง,0.0
2563,ตุลาคม,นนทบุรี,บางกรวย,เทศบาลตำบลศาลากลาง,0.0
2563,ตุลาคม,นนทบุรี,บางกรวย,อบต.บางขนุน,0.0
2563,ตุลาคม,นนทบุรี,บางกรวย,อบต.บางขุนกอง,0.0
2563,ตุลาคม,นนทบุรี,บางกรวย,อบต.มหาสวัสดิ์,0.0
2563,ตุลาคม,นนทบุรี,บางบัวทอง,เทศบาลเมืองบางคูรัด,0.0
2563,ตุลาคม,นนทบุรี,บางบัวทอง,เทศบาลเมืองบางบัวทอง,0.0
2563,ตุลาคม,นนทบุรี,บางบัวทอง,เทศบาลเมืองบางรักพัฒนา,0.0
2563,ตุลาคม,นนทบุรี,บางบัวทอง,เทศบาลเมืองพิมลราช,0.0
2563,ตุลาคม,นนทบุรี,บางบัวทอง,เทศบาลเมืองใหม่บางบัวทอง,0.0
2563,ตุลาคม,นนทบุรี,บางบัวทอง,อบต.บางรักใหญ่,0.0
2563,ตุลาคม,นนทบุรี,บางบัวทอง,อบต.ละหาร,0.0
2563,ตุลาคม,นนทบุรี,บางบัวทอง,อบต.ลำโพ,0.0
2563,ตุลาคม,นนทบุรี,บางใหญ่,เทศบาลเมืองบางแม่นาง,0.0
2563,ตุลาคม,นนทบุรี,บางใหญ่,เทศบาลตำบลบางม่วง,0.0
2563,ตุลาคม,นนทบุรี,บางใหญ่,เทศบาลตำบลบางเลน,0.0
2563,ตุลาคม,นนทบุรี,บางใหญ่,เทศบาลตำบลบางใหญ่,0.0
2563,ตุลาคม,นนทบุรี,บางใหญ่,เทศบาลตำบลบ้านบางม่วง,0.0
2563,ตุลาคม,นนทบุรี,บางใหญ่,เทศบาลตำบลเสาธงหิน,0.0
2563,ตุลาคม,นนทบุรี,บางใหญ่,อบต.บางใหญ่,0.0
2563,ตุลาคม,นนทบุรี,บางใหญ่,อบต.บ้านใหม่,0.0
2563,ตุลาคม,นนทบุรี,ปากเกร็ด,เทศบาลนครปากเกร็ด,0.0
2563,ตุลาคม,นนทบุรี,ปากเกร็ด,เทศบาลตำบลบางพลับ,0.0
2563,ตุลาคม,นนทบุรี,ปากเกร็ด,อบต.เกาะเกร็ด,0.0
2563,ตุลาคม,นนทบุรี,ปากเกร็ด,อบต.คลองข่อย,0.0
2563,ตุลาคม,นนทบุรี,ปากเกร็ด,อบต.คลองพระอุดม,0.0
2563,ตุลาคม,นนทบุรี,ปากเกร็ด,อบต.ท่าอิฐ,0.0
2563,ตุลาคม,นนทบุรี,ปากเกร็ด,อบต.บางตะไนย์,0.0
2563,ตุลาคม,นนทบุรี,ปากเกร็ด,อบต.อ้อมเกร็ด,0.0
2563,ตุลาคม,นนทบุรี,เมืองนนทบุรี,เทศบาลนครนนทบุรี,0.0
2563,ตุลาคม,นนทบุรี,เมืองนนทบุรี,เทศบาลเมืองไทรม้า,0.0
2563,ตุลาคม,นนทบุรี,เมืองนนทบุรี,เทศบาลเมืองบางกร่าง,0.0
2563,ตุลาคม,นนทบุรี,เมืองนนทบุรี,เทศบาลเมืองบางศรีเมือง,0.0
2563,ตุลาคม,นนทบุรี,เมืองนนทบุรี,อบต.บางไผ่,0.0
2563,ตุลาคม,นนทบุรี,เมืองนนทบุรี,อบต.บางรักน้อย,0.0
2563,พฤศจิกายน,นนทบุรี,ไทรน้อย,เทศบาลตำบลไทรน้อย,0.0
2563,พฤศจิกายน,นนทบุรี,ไทรน้อย,อบต.ขุนศรี,0.0
2563,พฤศจิกายน,นนทบุรี,ไทรน้อย,อบต.คลองขวาง,0.0
2563,พฤศจิกายน,นนทบุรี,ไทรน้อย,อบต.ทวีวัฒนา,0.0
2563,พฤศจิกายน,นนทบุรี,ไทรน้อย,อบต.ไทรน้อย,0.0
2563,พฤศจิกายน,นนทบุรี,ไทรน้อย,อบต.ไทรใหญ่,0.0
2563,พฤศจิกายน,นนทบุรี,ไทรน้อย,อบต.ราษฎร์นิยม,0.0
2563,พฤศจิกายน,นนทบุรี,ไทรน้อย,อบต.หนองเพรางาย,0.0
2563,พฤศจิกายน,นนทบุรี,บางกรวย,เทศบาลเมืองบางกรวย,0.0
2563,พฤศจิกายน,นนทบุรี,บางกรวย,เทศบาลตำบลบางสีทอง,0.0
2563,พฤศจิกายน,นนทบุรี,บางกรวย,เทศบาลตำบลปลายบาง,0.0
2563,พฤศจิกายน,นนทบุรี,บางกรวย,เทศบาลตำบลศาลากลาง,0.0
2563,พฤศจิกายน,นนทบุรี,บางกรวย,อบต.บางขนุน,0.0
2563,พฤศจิกายน,นนทบุรี,บางกรวย,อบต.บางขุนกอง,0.0
2563,พฤศจิกายน,นนทบุรี,บางกรวย,อบต.มหาสวัสดิ์,0.0
2563,พฤศจิกายน,นนทบุรี,บางบัวทอง,เทศบาลเมืองบางคูรัด,0.0
2563,พฤศจิกายน,นนทบุรี,บางบัวทอง,เทศบาลเมืองบางบัวทอง,0.0
2563,พฤศจิกายน,นนทบุรี,บางบัวทอง,เทศบาลเมืองบางรักพัฒนา,0.0
2563,พฤศจิกายน,นนทบุรี,บางบัวทอง,เทศบาลเมืองพิมลราช,0.0
2563,พฤศจิกายน,นนทบุรี,บางบัวทอง,เทศบาลเมืองใหม่บางบัวทอง,0.0
2563,พฤศจิกายน,นนทบุรี,บางบัวทอง,อบต.บางรักใหญ่,0.0
2563,พฤศจิกายน,นนทบุรี,บางบัวทอง,อบต.ละหาร,0.0
2563,พฤศจิกายน,นนทบุรี,บางบัวทอง,อบต.ลำโพ,0.0
2563,พฤศจิกายน,นนทบุรี,บางใหญ่,เทศบาลเมืองบางแม่นาง,0.0
2563,พฤศจิกายน,นนทบุรี,บางใหญ่,เทศบาลตำบลบางม่วง,0.0
2563,พฤศจิกายน,นนทบุรี,บางใหญ่,เทศบาลตำบลบางเลน,0.0
2563,พฤศจิกายน,นนทบุรี,บางใหญ่,เทศบาลตำบลบางใหญ่,0.0
2563,พฤศจิกายน,นนทบุรี,บางใหญ่,เทศบาลตำบลบ้านบางม่วง,0.0
2563,พฤศจิกายน,นนทบุรี,บางใหญ่,เทศบาลตำบลเสาธงหิน,0.0
2563,พฤศจิกายน,นนทบุรี,บางใหญ่,อบต.บางใหญ่,0.0
2563,พฤศจิกายน,นนทบุรี,บางใหญ่,อบต.บ้านใหม่,0.0
2563,พฤศจิกายน,นนทบุรี,ปากเกร็ด,เทศบาลนครปากเกร็ด,0.0
2563,พฤศจิกายน,นนทบุรี,ปากเกร็ด,เทศบาลตำบลบางพลับ,0.0
2563,พฤศจิกายน,นนทบุรี,ปากเกร็ด,อบต.เกาะเกร็ด,0.0
2563,พฤศจิกายน,นนทบุรี,ปากเกร็ด,อบต.คลองข่อย,0.0
2563,พฤศจิกายน,นนทบุรี,ปากเกร็ด,อบต.คลองพระอุดม,0.0
2563,พฤศจิกายน,นนทบุรี,ปากเกร็ด,อบต.ท่าอิฐ,0.0
2563,พฤศจิกายน,นนทบุรี,ปากเกร็ด,อบต.บางตะไนย์,0.0
2563,พฤศจิกายน,นนทบุรี,ปากเกร็ด,อบต.อ้อมเกร็ด,0.0
2563,พฤศจิกายน,นนทบุรี,เมืองนนทบุรี,เทศบาลนครนนทบุรี,0.0
2563,พฤศจิกายน,นนทบุรี,เมืองนนทบุรี,เทศบาลเมืองไทรม้า,0.0
2563,พฤศจิกายน,นนทบุรี,เมืองนนทบุรี,เทศบาลเมืองบางกร่าง,0.0
2563,พฤศจิกายน,นนทบุรี,เมืองนนทบุรี,เทศบาลเมืองบางศรีเมือง,0.0
2563,พฤศจิกายน,นนทบุรี,เมืองนนทบุรี,อบต.บางไผ่,0.0
2563,พฤศจิกายน,นนทบุรี,เมืองนนทบุรี,อบต.บางรักน้อย,0.0
2563,ธันวาคม,นนทบุรี,ไทรน้อย,เทศบาลตำบลไทรน้อย,0.0
2563,ธันวาคม,นนทบุรี,ไทรน้อย,อบต.ขุนศรี,0.0
2563,ธันวาคม,นนทบุรี,ไทรน้อย,อบต.คลองขวาง,0.0
2563,ธันวาคม,นนทบุรี,ไทรน้อย,อบต.ทวีวัฒนา,0.0
2563,ธันวาคม,นนทบุรี,ไทรน้อย,อบต.ไทรน้อย,0.0
2563,ธันวาคม,นนทบุรี,ไทรน้อย,อบต.ไทรใหญ่,0.0
2563,ธันวาคม,นนทบุรี,ไทรน้อย,อบต.ราษฎร์นิยม,0.0
2563,ธันวาคม,นนทบุรี,ไทรน้อย,อบต.หนองเพรางาย,0.0
2563,ธันวาคม,นนทบุรี,บางกรวย,เทศบาลเมืองบางกรวย,0.0
2563,ธันวาคม,นนทบุรี,บางกรวย,เทศบาลตำบลบางสีทอง,0.0
2563,ธันวาคม,นนทบุรี,บางกรวย,เทศบาลตำบลปลายบาง,0.0
2563,ธันวาคม,นนทบุรี,บางกรวย,เทศบาลตำบลศาลากลาง,0.0
2563,ธันวาคม,นนทบุรี,บางกรวย,อบต.บางขนุน,0.0
2563,ธันวาคม,นนทบุรี,บางกรวย,อบต.บางขุนกอง,0.0
2563,ธันวาคม,นนทบุรี,บางกรวย,อบต.มหาสวัสดิ์,0.0
2563,ธันวาคม,นนทบุรี,บางบัวทอง,เทศบาลเมืองบางคูรัด,0.0
2563,ธันวาคม,นนทบุรี,บางบัวทอง,เทศบาลเมืองบางบัวทอง,0.0
2563,ธันวาคม,นนทบุรี,บางบัวทอง,เทศบาลเมืองบางรักพัฒนา,0.0
2563,ธันวาคม,นนทบุรี,บางบัวทอง,เทศบาลเมืองพิมลราช,0.0
2563,ธันวาคม,นนทบุรี,บางบัวทอง,เทศบาลเมืองใหม่บางบัวทอง,0.0
2563,ธันวาคม,นนทบุรี,บางบัวทอง,อบต.บางรักใหญ่,0.0
2563,ธันวาคม,นนทบุรี,บางบัวทอง,อบต.ละหาร,0.0
2563,ธันวาคม,นนทบุรี,บางบัวทอง,อบต.ลำโพ,0.0
2563,ธันวาคม,นนทบุรี,บางใหญ่,เทศบาลเมืองบางแม่นาง,0.0
2563,ธันวาคม,นนทบุรี,บางใหญ่,เทศบาลตำบลบางม่วง,0.0
2563,ธันวาคม,นนทบุรี,บางใหญ่,เทศบาลตำบลบางเลน,0.0
2563,ธันวาคม,นนทบุรี,บางใหญ่,เทศบาลตำบลบางใหญ่,0.0
2563,ธันวาคม,นนทบุรี,บางใหญ่,เทศบาลตำบลบ้านบางม่วง,0.0
2563,ธันวาคม,นนทบุรี,บางใหญ่,เทศบาลตำบลเสาธงหิน,0.0
2563,ธันวาคม,นนทบุรี,บางใหญ่,อบต.บางใหญ่,0.0
2563,ธันวาคม,นนทบุรี,บางใหญ่,อบต.บ้านใหม่,0.0
2563,ธันวาคม,นนทบุรี,ปากเกร็ด,เทศบาลนครปากเกร็ด,0.0
2563,ธันวาคม,นนทบุรี,ปากเกร็ด,เทศบาลตำบลบางพลับ,0.0
2563,ธันวาคม,นนทบุรี,ปากเกร็ด,อบต.เกาะเกร็ด,0.0
2563,ธันวาคม,นนทบุรี,ปากเกร็ด,อบต.คลองข่อย,0.0
2563,ธันวาคม,นนทบุรี,ปากเกร็ด,อบต.คลองพระอุดม,0.0
2563,ธันวาคม,นนทบุรี,ปากเกร็ด,อบต.ท่าอิฐ,0.0
2563,ธันวาคม,นนทบุรี,ปากเกร็ด,อบต.บางตะไนย์,0.0
2563,ธันวาคม,นนทบุรี,ปากเกร็ด,อบต.อ้อมเกร็ด,0.0
2563,ธันวาคม,นนทบุรี,เมืองนนทบุรี,เทศบาลนครนนทบุรี,0.0
2563,ธันวาคม,นนทบุรี,เมืองนนทบุรี,เทศบาลเมืองไทรม้า,0.0
2563,ธันวาคม,นนทบุรี,เมืองนนทบุรี,เทศบาลเมืองบางกร่าง,0.0
2563,ธันวาคม,นนทบุรี,เมืองนนทบุรี,เทศบาลเมืองบางศรีเมือง,0.0
2563,ธันวาคม,นนทบุรี,เมืองนนทบุรี,อบต.บางไผ่,0.0
2563,ธันวาคม,นนทบุรี,เมืองนนทบุรี,อบต.บางรักน้อย,0.0
2564,มกราคม,นนทบุรี,ไทรน้อย,เทศบาลตำบลไทรน้อย,0.0
2564,มกราคม,นนทบุรี,ไทรน้อย,อบต.ขุนศรี,0.0
2564,มกราคม,นนทบุรี,ไทรน้อย,อบต.คลองขวาง,0.0
2564,มกราคม,นนทบุรี,ไทรน้อย,อบต.ทวีวัฒนา,0.0
2564,มกราคม,นนทบุรี,ไทรน้อย,อบต.ไทรน้อย,0.0
2564,มกราคม,นนทบุรี,ไทรน้อย,อบต.ไทรใหญ่,0.0
2564,มกราคม,นนทบุรี,ไทรน้อย,อบต.ราษฎร์นิยม,0.0
2564,มกราคม,นนทบุรี,ไทรน้อย,อบต.หนองเพรางาย,0.0
2564,มกราคม,นนทบุรี,บางกรวย,เทศบาลเมืองบางกรวย,0.0
2564,มกราคม,นนทบุรี,บางกรวย,เทศบาลตำบลบางสีทอง,0.0
2564,มกราคม,นนทบุรี,บางกรวย,เทศบาลตำบลปลายบาง,0.0
2564,มกราคม,นนทบุรี,บางกรวย,เทศบาลตำบลศาลากลาง,0.0
2564,มกราคม,นนทบุรี,บางกรวย,อบต.บางขนุน,0.0
2564,มกราคม,นนทบุรี,บางกรวย,อบต.บางขุนกอง,0.0
2564,มกราคม,นนทบุรี,บางกรวย,อบต.มหาสวัสดิ์,0.0
2564,มกราคม,นนทบุรี,บางบัวทอง,เทศบาลเมืองบางคูรัด,0.0
2564,มกราคม,นนทบุรี,บางบัวทอง,เทศบาลเมืองบางบัวทอง,0.0
2564,มกราคม,นนทบุรี,บางบัวทอง,เทศบาลเมืองบางรักพัฒนา,0.0
2564,มกราคม,นนทบุรี,บางบัวทอง,เทศบาลเมืองพิมลราช,0.0
2564,มกราคม,นนทบุรี,บางบัวทอง,เทศบาลเมืองใหม่บางบัวทอง,0.0
2564,มกราคม,นนทบุรี,บางบัวทอง,อบต.บางรักใหญ่,0.0
2564,มกราคม,นนทบุรี,บางบัวทอง,อบต.ละหาร,0.0
2564,มกราคม,นนทบุรี,บางบัวทอง,อบต.ลำโพ,0.0
2564,มกราคม,นนทบุรี,บางใหญ่,เทศบาลเมืองบางแม่นาง,0.0
2564,มกราคม,นนทบุรี,บางใหญ่,เทศบาลตำบลบางม่วง,0.0
2564,มกราคม,นนทบุรี,บางใหญ่,เทศบาลตำบลบางเลน,0.0
2564,มกราคม,นนทบุรี,บางใหญ่,เทศบาลตำบลบางใหญ่,0.0
2564,มกราคม,นนทบุรี,บางใหญ่,เทศบาลตำบลบ้านบางม่วง,0.0
2564,มกราคม,นนทบุรี,บางใหญ่,เทศบาลตำบลเสาธงหิน,0.0
2564,มกราคม,นนทบุรี,บางใหญ่,อบต.บางใหญ่,0.0
2564,มกราคม,นนทบุรี,บางใหญ่,อบต.บ้านใหม่,0.0
2564,มกราคม,นนทบุรี,ปากเกร็ด,เทศบาลนครปากเกร็ด,0.0
2564,มกราคม,นนทบุรี,ปากเกร็ด,เทศบาลตำบลบางพลับ,0.0
2564,มกราคม,นนทบุรี,ปากเกร็ด,อบต.เกาะเกร็ด,0.0
2564,มกราคม,นนทบุรี,ปากเกร็ด,อบต.คลองข่อย,0.0
2564,มกราคม,นนทบุรี,ปากเกร็ด,อบต.คลองพระอุดม,0.0
2564,มกราคม,นนทบุรี,ปากเกร็ด,อบต.ท่าอิฐ,0.0
2564,มกราคม,นนทบุรี,ปากเกร็ด,อบต.บางตะไนย์,0.0
2564,มกราคม,นนทบุรี,ปากเกร็ด,อบต.อ้อมเกร็ด,0.0
2564,มกราคม,นนทบุรี,เมืองนนทบุรี,เทศบาลนครนนทบุรี,0.0
2564,มกราคม,นนทบุรี,เมืองนนทบุรี,เทศบาลเมืองไทรม้า,0.0
2564,มกราคม,นนทบุรี,เมืองนนทบุรี,เทศบาลเมืองบางกร่าง,0.0
2564,มกราคม,นนทบุรี,เมืองนนทบุรี,เทศบาลเมืองบางศรีเมือง,0.0
2564,มกราคม,นนทบุรี,เมืองนนทบุรี,อบต.บางไผ่,0.0
2564,มกราคม,นนทบุรี,เมืองนนทบุรี,อบต.บางรักน้อย,0.0
2564,กุมภาพันธ์,นนทบุรี,ไทรน้อย,เทศบาลตำบลไทรน้อย,0.0
2564,กุมภาพันธ์,นนทบุรี,ไทรน้อย,อบต.ขุนศรี,0.0
2564,กุมภาพันธ์,นนทบุรี,ไทรน้อย,อบต.คลองขวาง,0.0
2564,กุมภาพันธ์,นนทบุรี,ไทรน้อย,อบต.ทวีวัฒนา,0.0
2564,กุมภาพันธ์,นนทบุรี,ไทรน้อย,อบต.ไทรน้อย,0.0
2564,กุมภาพันธ์,นนทบุรี,ไทรน้อย,อบต.ไทรใหญ่,0.0
2564,กุมภาพันธ์,นนทบุรี,ไทรน้อย,อบต.ราษฎร์นิยม,0.0
2564,กุมภาพันธ์,นนทบุรี,ไทรน้อย,อบต.หนองเพรางาย,0.0
2564,กุมภาพันธ์,นนทบุรี,บางกรวย,เทศบาลเมืองบางกรวย,0.0
2564,กุมภาพันธ์,นนทบุรี,บางกรวย,เทศบาลตำบลบางสีทอง,0.0
2564,กุมภาพันธ์,นนทบุรี,บางกรวย,เทศบาลตำบลปลายบาง,0.0
2564,กุมภาพันธ์,นนทบุรี,บางกรวย,เทศบาลตำบลศาลากลาง,0.0
2564,กุมภาพันธ์,นนทบุรี,บางกรวย,อบต.บางขนุน,0.0
2564,กุมภาพันธ์,นนทบุรี,บางกรวย,อบต.บางขุนกอง,0.0
2564,กุมภาพันธ์,นนทบุรี,บางกรวย,อบต.มหาสวัสดิ์,0.0
2564,กุมภาพันธ์,นนทบุรี,บางบัวทอง,เทศบาลเมืองบางคูรัด,0.0
2564,กุมภาพันธ์,นนทบุรี,บางบัวทอง,เทศบาลเมืองบางบัวทอง,0.0
2564,กุมภาพันธ์,นนทบุรี,บางบัวทอง,เทศบาลเมืองบางรักพัฒนา,0.0
2564,กุมภาพันธ์,นนทบุรี,บางบัวทอง,เทศบาลเมืองพิมลราช,0.0
2564,กุมภาพันธ์,นนทบุรี,บางบัวทอง,เทศบาลเมืองใหม่บางบัวทอง,0.0
2564,กุมภาพันธ์,นนทบุรี,บางบัวทอง,อบต.บางรักใหญ่,0.0
2564,กุมภาพันธ์,นนทบุรี,บางบัวทอง,อบต.ละหาร,0.0
2564,กุมภาพันธ์,นนทบุรี,บางบัวทอง,อบต.ลำโพ,0.0
2564,กุมภาพันธ์,นนทบุรี,บางใหญ่,เทศบาลเมืองบางแม่นาง,0.0
2564,กุมภาพันธ์,นนทบุรี,บางใหญ่,เทศบาลตำบลบางม่วง,0.0
2564,กุมภาพันธ์,นนทบุรี,บางใหญ่,เทศบาลตำบลบางเลน,0.0
2564,กุมภาพันธ์,นนทบุรี,บางใหญ่,เทศบาลตำบลบางใหญ่,0.0
2564,กุมภาพันธ์,นนทบุรี,บางใหญ่,เทศบาลตำบลบ้านบางม่วง,0.0
2564,กุมภาพันธ์,นนทบุรี,บางใหญ่,เทศบาลตำบลเสาธงหิน,0.0
2564,กุมภาพันธ์,นนทบุรี,บางใหญ่,อบต.บางใหญ่,0.0
2564,กุมภาพันธ์,นนทบุรี,บางใหญ่,อบต.บ้านใหม่,0.0
2564,กุมภาพันธ์,นนทบุรี,ปากเกร็ด,เทศบาลนครปากเกร็ด,0.0
2564,กุมภาพันธ์,นนทบุรี,ปากเกร็ด,เทศบาลตำบลบางพลับ,0.0
2564,กุมภาพันธ์,นนทบุรี,ปากเกร็ด,อบต.เกาะเกร็ด,0.0
2564,กุมภาพันธ์,นนทบุรี,ปากเกร็ด,อบต.คลองข่อย,0.0
2564,กุมภาพันธ์,นนทบุรี,ปากเกร็ด,อบต.คลองพระอุดม,0.0
2564,กุมภาพันธ์,นนทบุรี,ปากเกร็ด,อบต.ท่าอิฐ,0.0
2564,กุมภาพันธ์,นนทบุรี,ปากเกร็ด,อบต.บางตะไนย์,0.0
2564,กุมภาพันธ์,นนทบุรี,ปากเกร็ด,อบต.อ้อมเกร็ด,0.0
2564,กุมภาพันธ์,นนทบุรี,เมืองนนทบุรี,เทศบาลนครนนทบุรี,0.0
2564,กุมภาพันธ์,นนทบุรี,เมืองนนทบุรี,เทศบาลเมืองไทรม้า,0.0
2564,กุมภาพันธ์,นนทบุรี,เมืองนนทบุรี,เทศบาลเมืองบางกร่าง,0.0
2564,กุมภาพันธ์,นนทบุรี,เมืองนนทบุรี,เทศบาลเมืองบางศรีเมือง,0.0
2564,กุมภาพันธ์,นนทบุรี,เมืองนนทบุรี,อบต.บางไผ่,0.0
2564,กุมภาพันธ์,นนทบุรี,เมืองนนทบุรี,อบต.บางรักน้อย,0.0
2564,มีนาคม,นนทบุรี,ไทรน้อย,เทศบาลตำบลไทรน้อย,0.0
2564,มีนาคม,นนทบุรี,ไทรน้อย,อบต.ขุนศรี,0.0
2564,มีนาคม,นนทบุรี,ไทรน้อย,อบต.คลองขวาง,0.0
2564,มีนาคม,นนทบุรี,ไทรน้อย,อบต.ทวีวัฒนา,0.0
2564,มีนาคม,นนทบุรี,ไทรน้อย,อบต.ไทรน้อย,0.0
2564,มีนาคม,นนทบุรี,ไทรน้อย,อบต.ไทรใหญ่,0.0
2564,มีนาคม,นนทบุรี,ไทรน้อย,อบต.ราษฎร์นิยม,0.0
2564,มีนาคม,นนทบุรี,ไทรน้อย,อบต.หนองเพรางาย,0.0
2564,มีนาคม,นนทบุรี,บางกรวย,เทศบาลเมืองบางกรวย,0.0
2564,มีนาคม,นนทบุรี,บางกรวย,เทศบาลตำบลบางสีทอง,0.0
2564,มีนาคม,นนทบุรี,บางกรวย,เทศบาลตำบลปลายบาง,0.0
2564,มีนาคม,นนทบุรี,บางกรวย,เทศบาลตำบลศาลากลาง,0.0
2564,มีนาคม,นนทบุรี,บางกรวย,อบต.บางขนุน,0.0
2564,มีนาคม,นนทบุรี,บางกรวย,อบต.บางขุนกอง,0.0
2564,มีนาคม,นนทบุรี,บางกรวย,อบต.มหาสวัสดิ์,0.0
2564,มีนาคม,นนทบุรี,บางบัวทอง,เทศบาลเมืองบางคูรัด,0.0
2564,มีนาคม,นนทบุรี,บางบัวทอง,เทศบาลเมืองบางบัวทอง,0.0
2564,มีนาคม,นนทบุรี,บางบัวทอง,เทศบาลเมืองบางรักพัฒนา,0.0
2564,มีนาคม,นนทบุรี,บางบัวทอง,เทศบาลเมืองพิมลราช,0.0
2564,มีนาคม,นนทบุรี,บางบัวทอง,เทศบาลเมืองใหม่บางบัวทอง,0.0
2564,มีนาคม,นนทบุรี,บางบัวทอง,อบต.บางรักใหญ่,0.0
2564,มีนาคม,นนทบุรี,บางบัวทอง,อบต.ละหาร,0.0
2564,มีนาคม,นนทบุรี,บางบัวทอง,อบต.ลำโพ,0.0
2564,มีนาคม,นนทบุรี,บางใหญ่,เทศบาลเมืองบางแม่นาง,0.0
2564,มีนาคม,นนทบุรี,บางใหญ่,เทศบาลตำบลบางม่วง,0.0
2564,มีนาคม,นนทบุรี,บางใหญ่,เทศบาลตำบลบางเลน,0.0
2564,มีนาคม,นนทบุรี,บางใหญ่,เทศบาลตำบลบางใหญ่,0.0
2564,มีนาคม,นนทบุรี,บางใหญ่,เทศบาลตำบลบ้านบางม่วง,0.0
2564,มีนาคม,นนทบุรี,บางใหญ่,เทศบาลตำบลเสาธงหิน,0.0
2564,มีนาคม,นนทบุรี,บางใหญ่,อบต.บางใหญ่,0.0
2564,มีนาคม,นนทบุรี,บางใหญ่,อบต.บ้านใหม่,0.0
2564,มีนาคม,นนทบุรี,ปากเกร็ด,เทศบาลนครปากเกร็ด,0.0
2564,มีนาคม,นนทบุรี,ปากเกร็ด,เทศบาลตำบลบางพลับ,0.0
2564,มีนาคม,นนทบุรี,ปากเกร็ด,อบต.เกาะเกร็ด,0.0
2564,มีนาคม,นนทบุรี,ปากเกร็ด,อบต.คลองข่อย,0.0
2564,มีนาคม,นนทบุรี,ปากเกร็ด,อบต.คลองพระอุดม,0.0
2564,มีนาคม,นนทบุรี,ปากเกร็ด,อบต.ท่าอิฐ,0.0
2564,มีนาคม,นนทบุรี,ปากเกร็ด,อบต.บางตะไนย์,0.0
2564,มีนาคม,นนทบุรี,ปากเกร็ด,อบต.อ้อมเกร็ด,0.0
2564,มีนาคม,นนทบุรี,เมืองนนทบุรี,เทศบาลนครนนทบุรี,0.0
2564,มีนาคม,นนทบุรี,เมืองนนทบุรี,เทศบาลเมืองไทรม้า,0.0
2564,มีนาคม,นนทบุรี,เมืองนนทบุรี,เทศบาลเมืองบางกร่าง,0.0
2564,มีนาคม,นนทบุรี,เมืองนนทบุรี,เทศบาลเมืองบางศรีเมือง,0.0
2564,มีนาคม,นนทบุรี,เมืองนนทบุรี,อบต.บางไผ่,0.0
2564,มีนาคม,นนทบุรี,เมืองนนทบุรี,อบต.บางรักน้อย,0.0
2564,เมษายน,นนทบุรี,ไทรน้อย,เทศบาลตำบลไทรน้อย,0.0
2564,เมษายน,นนทบุรี,ไทรน้อย,อบต.ขุนศรี,0.0
2564,เมษายน,นนทบุรี,ไทรน้อย,อบต.คลองขวาง,0.0
2564,เมษายน,นนทบุรี,ไทรน้อย,อบต.ทวีวัฒนา,0.0
2564,เมษายน,นนทบุรี,ไทรน้อย,อบต.ไทรน้อย,0.0
2564,เมษายน,นนทบุรี,ไทรน้อย,อบต.ไทรใหญ่,0.0
2564,เมษายน,นนทบุรี,ไทรน้อย,อบต.ราษฎร์นิยม,0.0
2564,เมษายน,นนทบุรี,ไทรน้อย,อบต.หนองเพรางาย,0.0
2564,เมษายน,นนทบุรี,บางกรวย,เทศบาลเมืองบางกรวย,0.0
2564,เมษายน,นนทบุรี,บางกรวย,เทศบาลตำบลบางสีทอง,0.0
2564,เมษายน,นนทบุรี,บางกรวย,เทศบาลตำบลปลายบาง,0.0
2564,เมษายน,นนทบุรี,บางกรวย,เทศบาลตำบลศาลากลาง,0.0
2564,เมษายน,นนทบุรี,บางกรวย,อบต.บางขนุน,0.0
2564,เมษายน,นนทบุรี,บางกรวย,อบต.บางขุนกอง,0.0
2564,เมษายน,นนทบุรี,บางกรวย,อบต.มหาสวัสดิ์,0.0
2564,เมษายน,นนทบุรี,บางบัวทอง,เทศบาลเมืองบางคูรัด,0.0
2564,เมษายน,นนทบุรี,บางบัวทอง,เทศบาลเมืองบางบัวทอง,0.0
2564,เมษายน,นนทบุรี,บางบัวทอง,เทศบาลเมืองบางรักพัฒนา,0.0
2564,เมษายน,นนทบุรี,บางบัวทอง,เทศบาลเมืองพิมลราช,0.0
2564,เมษายน,นนทบุรี,บางบัวทอง,เทศบาลเมืองใหม่บางบัวทอง,0.0
2564,เมษายน,นนทบุรี,บางบัวทอง,อบต.บางรักใหญ่,0.0
2564,เมษายน,นนทบุรี,บางบัวทอง,อบต.ละหาร,0.0
2564,เมษายน,นนทบุรี,บางบัวทอง,อบต.ลำโพ,0.0
2564,เมษายน,นนทบุรี,บางใหญ่,เทศบาลเมืองบางแม่นาง,0.0
2564,เมษายน,นนทบุรี,บางใหญ่,เทศบาลตำบลบางม่วง,0.0
2564,เมษายน,นนทบุรี,บางใหญ่,เทศบาลตำบลบางเลน,0.0
2564,เมษายน,นนทบุรี,บางใหญ่,เทศบาลตำบลบางใหญ่,0.0
2564,เมษายน,นนทบุรี,บางใหญ่,เทศบาลตำบลบ้านบางม่วง,0.0
2564,เมษายน,นนทบุรี,บางใหญ่,เทศบาลตำบลเสาธงหิน,0.0
2564,เมษายน,นนทบุรี,บางใหญ่,อบต.บางใหญ่,0.0
2564,เมษายน,นนทบุรี,บางใหญ่,อบต.บ้านใหม่,0.0
2564,เมษายน,นนทบุรี,ปากเกร็ด,เทศบาลนครปากเกร็ด,0.0
2564,เมษายน,นนทบุรี,ปากเกร็ด,เทศบาลตำบลบางพลับ,0.0
2564,เมษายน,นนทบุรี,ปากเกร็ด,อบต.เกาะเกร็ด,0.0
2564,เมษายน,นนทบุรี,ปากเกร็ด,อบต.คลองข่อย,0.0
2564,เมษายน,นนทบุรี,ปากเกร็ด,อบต.คลองพระอุดม,0.0
2564,เมษายน,นนทบุรี,ปากเกร็ด,อบต.ท่าอิฐ,0.0
2564,เมษายน,นนทบุรี,ปากเกร็ด,อบต.บางตะไนย์,0.0
2564,เมษายน,นนทบุรี,ปากเกร็ด,อบต.อ้อมเกร็ด,0.0
2564,เมษายน,นนทบุรี,เมืองนนทบุรี,เทศบาลนครนนทบุรี,0.0
2564,เมษายน,นนทบุรี,เมืองนนทบุรี,เทศบาลเมืองไทรม้า,0.0
2564,เมษายน,นนทบุรี,เมืองนนทบุรี,เทศบาลเมืองบางกร่าง,0.0
2564,เมษายน,นนทบุรี,เมืองนนทบุรี,เทศบาลเมืองบางศรีเมือง,0.0
2564,เมษายน,นนทบุรี,เมืองนนทบุรี,อบต.บางไผ่,0.0
2564,เมษายน,นนทบุรี,เมืองนนทบุรี,อบต.บางรักน้อย,0.0
2564,พฤษภาคม,นนทบุรี,ไทรน้อย,เทศบาลตำบลไทรน้อย,0.0
2564,พฤษภาคม,นนทบุรี,ไทรน้อย,อบต.ขุนศรี,0.0
2564,พฤษภาคม,นนทบุรี,ไทรน้อย,อบต.คลองขวาง,0.0
2564,พฤษภาคม,นนทบุรี,ไทรน้อย,อบต.ทวีวัฒนา,0.0
2564,พฤษภาคม,นนทบุรี,ไทรน้อย,อบต.ไทรน้อย,0.0
2564,พฤษภาคม,นนทบุรี,ไทรน้อย,อบต.ไทรใหญ่,0.0
2564,พฤษภาคม,นนทบุรี,ไทรน้อย,อบต.ราษฎร์นิยม,0.0
2564,พฤษภาคม,นนทบุรี,ไทรน้อย,อบต.หนองเพรางาย,0.0
2564,พฤษภาคม,นนทบุรี,บางกรวย,เทศบาลเมืองบางกรวย,0.0
2564,พฤษภาคม,นนทบุรี,บางกรวย,เทศบาลตำบลบางสีทอง,0.0
2564,พฤษภาคม,นนทบุรี,บางกรวย,เทศบาลตำบลปลายบาง,0.0
2564,พฤษภาคม,นนทบุรี,บางกรวย,เทศบาลตำบลศาลากลาง,0.0
2564,พฤษภาคม,นนทบุรี,บางกรวย,อบต.บางขนุน,0.0
2564,พฤษภาคม,นนทบุรี,บางกรวย,อบต.บางขุนกอง,0.0
2564,พฤษภาคม,นนทบุรี,บางกรวย,อบต.มหาสวัสดิ์,0.0
2564,พฤษภาคม,นนทบุรี,บางบัวทอง,เทศบาลเมืองบางคูรัด,0.0
2564,พฤษภาคม,นนทบุรี,บางบัวทอง,เทศบาลเมืองบางบัวทอง,0.0
2564,พฤษภาคม,นนทบุรี,บางบัวทอง,เทศบาลเมืองบางรักพัฒนา,0.0
2564,พฤษภาคม,นนทบุรี,บางบัวทอง,เทศบาลเมืองพิมลราช,0.0
2564,พฤษภาคม,นนทบุรี,บางบัวทอง,เทศบาลเมืองใหม่บางบัวทอง,0.0
2564,พฤษภาคม,นนทบุรี,บางบัวทอง,อบต.บางรักใหญ่,0.0
2564,พฤษภาคม,นนทบุรี,บางบัวทอง,อบต.ละหาร,0.0
2564,พฤษภาคม,นนทบุรี,บางบัวทอง,อบต.ลำโพ,0.0
2564,พฤษภาคม,นนทบุรี,บางใหญ่,เทศบาลเมืองบางแม่นาง,0.0
2564,พฤษภาคม,นนทบุรี,บางใหญ่,เทศบาลตำบลบางม่วง,0.0
2564,พฤษภาคม,นนทบุรี,บางใหญ่,เทศบาลตำบลบางเลน,0.0
2564,พฤษภาคม,นนทบุรี,บางใหญ่,เทศบาลตำบลบางใหญ่,0.0
2564,พฤษภาคม,นนทบุรี,บางใหญ่,เทศบาลตำบลบ้านบางม่วง,0.0
2564,พฤษภาคม,นนทบุรี,บางใหญ่,เทศบาลตำบลเสาธงหิน,0.0
2564,พฤษภาคม,นนทบุรี,บางใหญ่,อบต.บางใหญ่,0.0
2564,พฤษภาคม,นนทบุรี,บางใหญ่,อบต.บ้านใหม่,0.0
2564,พฤษภาคม,นนทบุรี,ปากเกร็ด,เทศบาลนครปากเกร็ด,0.0
2564,พฤษภาคม,นนทบุรี,ปากเกร็ด,เทศบาลตำบลบางพลับ,0.0
2564,พฤษภาคม,นนทบุรี,ปากเกร็ด,อบต.เกาะเกร็ด,0.0
2564,พฤษภาคม,นนทบุรี,ปากเกร็ด,อบต.คลองข่อย,0.0
2564,พฤษภาคม,นนทบุรี,ปากเกร็ด,อบต.คลองพระอุดม,0.0
2564,พฤษภาคม,นนทบุรี,ปากเกร็ด,อบต.ท่าอิฐ,0.0
2564,พฤษภาคม,นนทบุรี,ปากเกร็ด,อบต.บางตะไนย์,0.0
2564,พฤษภาคม,นนทบุรี,ปากเกร็ด,อบต.อ้อมเกร็ด,0.0
2564,พฤษภาคม,นนทบุรี,เมืองนนทบุรี,เทศบาลนครนนทบุรี,0.0
2564,พฤษภาคม,นนทบุรี,เมืองนนทบุรี,เทศบาลเมืองไทรม้า,0.0
2564,พฤษภาคม,นนทบุรี,เมืองนนทบุรี,เทศบาลเมืองบางกร่าง,0.0
2564,พฤษภาคม,นนทบุรี,เมืองนนทบุรี,เทศบาลเมืองบางศรีเมือง,0.0
2564,พฤษภาคม,นนทบุรี,เมืองนนทบุรี,อบต.บางไผ่,0.0
2564,พฤษภาคม,นนทบุรี,เมืองนนทบุรี,อบต.บางรักน้อย,0.0
2564,มิถุนายน,นนทบุรี,ไทรน้อย,เทศบาลตำบลไทรน้อย,0.0
2564,มิถุนายน,นนทบุรี,ไทรน้อย,อบต.ขุนศรี,0.0
2564,มิถุนายน,นนทบุรี,ไทรน้อย,อบต.คลองขวาง,0.0
2564,มิถุนายน,นนทบุรี,ไทรน้อย,อบต.ทวีวัฒนา,0.0
2564,มิถุนายน,นนทบุรี,ไทรน้อย,อบต.ไทรน้อย,0.0
2564,มิถุนายน,นนทบุรี,ไทรน้อย,อบต.ไทรใหญ่,0.0
2564,มิถุนายน,นนทบุรี,ไทรน้อย,อบต.ราษฎร์นิยม,0.0
2564,มิถุนายน,นนทบุรี,ไทรน้อย,อบต.หนองเพรางาย,0.0
2564,มิถุนายน,นนทบุรี,บางกรวย,เทศบาลเมืองบางกรวย,0.0
2564,มิถุนายน,นนทบุรี,บางกรวย,เทศบาลตำบลบางสีทอง,0.0
2564,มิถุนายน,นนทบุรี,บางกรวย,เทศบาลตำบลปลายบาง,0.0
2564,มิถุนายน,นนทบุรี,บางกรวย,เทศบาลตำบลศาลากลาง,0.0
2564,มิถุนายน,นนทบุรี,บางกรวย,อบต.บางขนุน,0.0
2564,มิถุนายน,นนทบุรี,บางกรวย,อบต.บางขุนกอง,0.0
2564,มิถุนายน,นนทบุรี,บางกรวย,อบต.มหาสวัสดิ์,0.0
2564,มิถุนายน,นนทบุรี,บางบัวทอง,เทศบาลเมืองบางคูรัด,0.0
2564,มิถุนายน,นนทบุรี,บางบัวทอง,เทศบาลเมืองบางบัวทอง,0.0
2564,มิถุนายน,นนทบุรี,บางบัวทอง,เทศบาลเมืองบางรักพัฒนา,0.0
2564,มิถุนายน,นนทบุรี,บางบัวทอง,เทศบาลเมืองพิมลราช,0.0
2564,มิถุนายน,นนทบุรี,บางบัวทอง,เทศบาลเมืองใหม่บางบัวทอง,0.0
2564,มิถุนายน,นนทบุรี,บางบัวทอง,อบต.บางรักใหญ่,0.0
2564,มิถุนายน,นนทบุรี,บางบัวทอง,อบต.ละหาร,0.0
2564,มิถุนายน,นนทบุรี,บางบัวทอง,อบต.ลำโพ,0.0
2564,มิถุนายน,นนทบุรี,บางใหญ่,เทศบาลเมืองบางแม่นาง,0.0
2564,มิถุนายน,นนทบุรี,บางใหญ่,เทศบาลตำบลบางม่วง,0.0
2564,มิถุนายน,นนทบุรี,บางใหญ่,เทศบาลตำบลบางเลน,0.0
2564,มิถุนายน,นนทบุรี,บางใหญ่,เทศบาลตำบลบางใหญ่,0.0
2564,มิถุนายน,นนทบุรี,บางใหญ่,เทศบาลตำบลบ้านบางม่วง,0.0
2564,มิถุนายน,นนทบุรี,บางใหญ่,เทศบาลตำบลเสาธงหิน,0.0
2564,มิถุนายน,นนทบุรี,บางใหญ่,อบต.บางใหญ่,0.0
2564,มิถุนายน,นนทบุรี,บางใหญ่,อบต.บ้านใหม่,0.0
2564,มิถุนายน,นนทบุรี,ปากเกร็ด,เทศบาลนครปากเกร็ด,0.0
2564,มิถุนายน,นนทบุรี,ปากเกร็ด,เทศบาลตำบลบางพลับ,0.0
2564,มิถุนายน,นนทบุรี,ปากเกร็ด,อบต.เกาะเกร็ด,0.0
2564,มิถุนายน,นนทบุรี,ปากเกร็ด,อบต.คลองข่อย,0.0
2564,มิถุนายน,นนทบุรี,ปากเกร็ด,อบต.คลองพระอุดม,0.0
2564,มิถุนายน,นนทบุรี,ปากเกร็ด,อบต.ท่าอิฐ,0.0
2564,มิถุนายน,นนทบุรี,ปากเกร็ด,อบต.บางตะไนย์,0.0
2564,มิถุนายน,นนทบุรี,ปากเกร็ด,อบต.อ้อมเกร็ด,0.0
2564,มิถุนายน,นนทบุรี,เมืองนนทบุรี,เทศบาลนครนนทบุรี,0.0
2564,มิถุนายน,นนทบุรี,เมืองนนทบุรี,เทศบาลเมืองไทรม้า,0.0
2564,มิถุนายน,นนทบุรี,เมืองนนทบุรี,เทศบาลเมืองบางกร่าง,0.0
2564,มิถุนายน,นนทบุรี,เมืองนนทบุรี,เทศบาลเมืองบางศรีเมือง,0.0
2564,มิถุนายน,นนทบุรี,เมืองนนทบุรี,อบต.บางไผ่,0.0
2564,มิถุนายน,นนทบุรี,เมืองนนทบุรี,อบต.บางรักน้อย,0.0
2564,กรกฎาคม,นนทบุรี,ไทรน้อย,เทศบาลตำบลไทรน้อย,0.0
2564,กรกฎาคม,นนทบุรี,ไทรน้อย,อบต.ขุนศรี,0.0
2564,กรกฎาคม,นนทบุรี,ไทรน้อย,อบต.คลองขวาง,0.0
2564,กรกฎาคม,นนทบุรี,ไทรน้อย,อบต.ทวีวัฒนา,0.0
2564,กรกฎาคม,นนทบุรี,ไทรน้อย,อบต.ไทรน้อย,0.0
2564,กรกฎาคม,นนทบุรี,ไทรน้อย,อบต.ไทรใหญ่,0.0
2564,กรกฎาคม,นนทบุรี,ไทรน้อย,อบต.ราษฎร์นิยม,0.0
2564,กรกฎาคม,นนทบุรี,ไทรน้อย,อบต.หนองเพรางาย,0.0
2564,กรกฎาคม,นนทบุรี,บางกรวย,เทศบาลเมืองบางกรวย,0.0
2564,กรกฎาคม,นนทบุรี,บางกรวย,เทศบาลตำบลบางสีทอง,0.0
2564,กรกฎาคม,นนทบุรี,บางกรวย,เทศบาลตำบลปลายบาง,0.0
2564,กรกฎาคม,นนทบุรี,บางกรวย,เทศบาลตำบลศาลากลาง,0.0
2564,กรกฎาคม,นนทบุรี,บางกรวย,อบต.บางขนุน,0.0
2564,กรกฎาคม,นนทบุรี,บางกรวย,อบต.บางขุนกอง,0.0
2564,กรกฎาคม,นนทบุรี,บางกรวย,อบต.มหาสวัสดิ์,0.0
2564,กรกฎาคม,นนทบุรี,บางบัวทอง,เทศบาลเมืองบางคูรัด,0.0
2564,กรกฎาคม,นนทบุรี,บางบัวทอง,เทศบาลเมืองบางบัวทอง,0.0
2564,กรกฎาคม,นนทบุรี,บางบัวทอง,เทศบาลเมืองบางรักพัฒนา,0.0
2564,กรกฎาคม,นนทบุรี,บางบัวทอง,เทศบาลเมืองพิมลราช,0.0
2564,กรกฎาคม,นนทบุรี,บางบัวทอง,เทศบาลเมืองใหม่บางบัวทอง,0.0
2564,กรกฎาคม,นนทบุรี,บางบัวทอง,อบต.บางรักใหญ่,0.0
2564,กรกฎาคม,นนทบุรี,บางบัวทอง,อบต.ละหาร,0.0
2564,กรกฎาคม,นนทบุรี,บางบัวทอง,อบต.ลำโพ,0.0
2564,กรกฎาคม,นนทบุรี,บางใหญ่,เทศบาลเมืองบางแม่นาง,0.0
2564,กรกฎาคม,นนทบุรี,บางใหญ่,เทศบาลตำบลบางม่วง,0.0
2564,กรกฎาคม,นนทบุรี,บางใหญ่,เทศบาลตำบลบางเลน,0.0
2564,กรกฎาคม,นนทบุรี,บางใหญ่,เทศบาลตำบลบางใหญ่,0.0
2564,กรกฎาคม,นนทบุรี,บางใหญ่,เทศบาลตำบลบ้านบางม่วง,0.0
2564,กรกฎาคม,นนทบุรี,บางใหญ่,เทศบาลตำบลเสาธงหิน,0.0
2564,กรกฎาคม,นนทบุรี,บางใหญ่,อบต.บางใหญ่,0.0
2564,กรกฎาคม,นนทบุรี,บางใหญ่,อบต.บ้านใหม่,0.0
2564,กรกฎาคม,นนทบุรี,ปากเกร็ด,เทศบาลนครปากเกร็ด,0.0
2564,กรกฎาคม,นนทบุรี,ปากเกร็ด,เทศบาลตำบลบางพลับ,0.0
2564,กรกฎาคม,นนทบุรี,ปากเกร็ด,อบต.เกาะเกร็ด,0.0
2564,กรกฎาคม,นนทบุรี,ปากเกร็ด,อบต.คลองข่อย,0.0
2564,กรกฎาคม,นนทบุรี,ปากเกร็ด,อบต.คลองพระอุดม,0.0
2564,กรกฎาคม,นนทบุรี,ปากเกร็ด,อบต.ท่าอิฐ,0.0
2564,กรกฎาคม,นนทบุรี,ปากเกร็ด,อบต.บางตะไนย์,0.0
2564,กรกฎาคม,นนทบุรี,ปากเกร็ด,อบต.อ้อมเกร็ด,0.0
2564,กรกฎาคม,นนทบุรี,เมืองนนทบุรี,เทศบาลนครนนทบุรี,0.0
2564,กรกฎาคม,นนทบุรี,เมืองนนทบุรี,เทศบาลเมืองไทรม้า,0.0
2564,กรกฎาคม,นนทบุรี,เมืองนนทบุรี,เทศบาลเมืองบางกร่าง,0.0
2564,กรกฎาคม,นนทบุรี,เมืองนนทบุรี,เทศบาลเมืองบางศรีเมือง,0.0
2564,กรกฎาคม,นนทบุรี,เมืองนนทบุรี,อบต.บางไผ่,0.0
2564,กรกฎาคม,นนทบุรี,เมืองนนทบุรี,อบต.บางรักน้อย,0.0
2564,สิงหาคม,นนทบุรี,ไทรน้อย,เทศบาลตำบลไทรน้อย,0.0
2564,สิงหาคม,นนทบุรี,ไทรน้อย,อบต.ขุนศรี,0.0
2564,สิงหาคม,นนทบุรี,ไทรน้อย,อบต.คลองขวาง,0.0
2564,สิงหาคม,นนทบุรี,ไทรน้อย,อบต.ทวีวัฒนา,0.0
2564,สิงหาคม,นนทบุรี,ไทรน้อย,อบต.ไทรน้อย,0.0
2564,สิงหาคม,นนทบุรี,ไทรน้อย,อบต.ไทรใหญ่,0.0
2564,สิงหาคม,นนทบุรี,ไทรน้อย,อบต.ราษฎร์นิยม,0.0
2564,สิงหาคม,นนทบุรี,ไทรน้อย,อบต.หนองเพรางาย,0.0
2564,สิงหาคม,นนทบุรี,บางกรวย,เทศบาลเมืองบางกรวย,0.0
2564,สิงหาคม,นนทบุรี,บางกรวย,เทศบาลตำบลบางสีทอง,0.0
2564,สิงหาคม,นนทบุรี,บางกรวย,เทศบาลตำบลปลายบาง,0.0
2564,สิงหาคม,นนทบุรี,บางกรวย,เทศบาลตำบลศาลากลาง,0.0
2564,สิงหาคม,นนทบุรี,บางกรวย,อบต.บางขนุน,0.0
2564,สิงหาคม,นนทบุรี,บางกรวย,อบต.บางขุนกอง,0.0
2564,สิงหาคม,นนทบุรี,บางกรวย,อบต.มหาสวัสดิ์,0.0
2564,สิงหาคม,นนทบุรี,บางบัวทอง,เทศบาลเมืองบางคูรัด,0.0
2564,สิงหาคม,นนทบุรี,บางบัวทอง,เทศบาลเมืองบางบัวทอง,0.0
2564,สิงหาคม,นนทบุรี,บางบัวทอง,เทศบาลเมืองบางรักพัฒนา,0.0
2564,สิงหาคม,นนทบุรี,บางบัวทอง,เทศบาลเมืองพิมลราช,0.0
2564,สิงหาคม,นนทบุรี,บางบัวทอง,เทศบาลเมืองใหม่บางบัวทอง,0.0
2564,สิงหาคม,นนทบุรี,บางบัวทอง,อบต.บางรักใหญ่,0.0
2564,สิงหาคม,นนทบุรี,บางบัวทอง,อบต.ละหาร,0.0
2564,สิงหาคม,นนทบุรี,บางบัวทอง,อบต.ลำโพ,0.0
2564,สิงหาคม,นนทบุรี,บางใหญ่,เทศบาลเมืองบางแม่นาง,0.0
2564,สิงหาคม,นนทบุรี,บางใหญ่,เทศบาลตำบลบางม่วง,0.0
2564,สิงหาคม,นนทบุรี,บางใหญ่,เทศบาลตำบลบางเลน,0.0
2564,สิงหาคม,นนทบุรี,บางใหญ่,เทศบาลตำบลบางใหญ่,0.0
2564,สิงหาคม,นนทบุรี,บางใหญ่,เทศบาลตำบลบ้านบางม่วง,0.0
2564,สิงหาคม,นนทบุรี,บางใหญ่,เทศบาลตำบลเสาธงหิน,0.0
2564,สิงหาคม,นนทบุรี,บางใหญ่,อบต.บางใหญ่,0.0
2564,สิงหาคม,นนทบุรี,บางใหญ่,อบต.บ้านใหม่,0.0
2564,สิงหาคม,นนทบุรี,ปากเกร็ด,เทศบาลนครปากเกร็ด,0.0
2564,สิงหาคม,นนทบุรี,ปากเกร็ด,เทศบาลตำบลบางพลับ,0.0
2564,สิงหาคม,นนทบุรี,ปากเกร็ด,อบต.เกาะเกร็ด,0.0
2564,สิงหาคม,นนทบุรี,ปากเกร็ด,อบต.คลองข่อย,0.0
2564,สิงหาคม,นนทบุรี,ปากเกร็ด,อบต.คลองพระอุดม,0.0
2564,สิงหาคม,นนทบุรี,ปากเกร็ด,อบต.ท่าอิฐ,0.0
2564,สิงหาคม,นนทบุรี,ปากเกร็ด,อบต.บางตะไนย์,0.0
2564,สิงหาคม,นนทบุรี,ปากเกร็ด,อบต.อ้อมเกร็ด,0.0
2564,สิงหาคม,นนทบุรี,เมืองนนทบุรี,เทศบาลนครนนทบุรี,0.0
2564,สิงหาคม,นนทบุรี,เมืองนนทบุรี,เทศบาลเมืองไทรม้า,0.0
2564,สิงหาคม,นนทบุรี,เมืองนนทบุรี,เทศบาลเมืองบางกร่าง,0.0
2564,สิงหาคม,นนทบุรี,เมืองนนทบุรี,เทศบาลเมืองบางศรีเมือง,0.0
2564,สิงหาคม,นนทบุรี,เมืองนนทบุรี,อบต.บางไผ่,0.0
2564,สิงหาคม,นนทบุรี,เมืองนนทบุรี,อบต.บางรักน้อย,0.0
2564,กันยายน,นนทบุรี,ไทรน้อย,เทศบาลตำบลไทรน้อย,0.0
2564,กันยายน,นนทบุรี,ไทรน้อย,อบต.ขุนศรี,0.0
2564,กันยายน,นนทบุรี,ไทรน้อย,อบต.คลองขวาง,0.0
2564,กันยายน,นนทบุรี,ไทรน้อย,อบต.ทวีวัฒนา,0.0
2564,กันยายน,นนทบุรี,ไทรน้อย,อบต.ไทรน้อย,0.0
2564,กันยายน,นนทบุรี,ไทรน้อย,อบต.ไทรใหญ่,0.0
2564,กันยายน,นนทบุรี,ไทรน้อย,อบต.ราษฎร์นิยม,0.0
2564,กันยายน,นนทบุรี,ไทรน้อย,อบต.หนองเพรางาย,0.0
2564,กันยายน,นนทบุรี,บางกรวย,เทศบาลเมืองบางกรวย,0.0
2564,กันยายน,นนทบุรี,บางกรวย,เทศบาลตำบลบางสีทอง,0.0
2564,กันยายน,นนทบุรี,บางกรวย,เทศบาลตำบลปลายบาง,0.0
2564,กันยายน,นนทบุรี,บางกรวย,เทศบาลตำบลศาลากลาง,0.0
2564,กันยายน,นนทบุรี,บางกรวย,อบต.บางขนุน,0.0
2564,กันยายน,นนทบุรี,บางกรวย,อบต.บางขุนกอง,0.0
2564,กันยายน,นนทบุรี,บางกรวย,อบต.มหาสวัสดิ์,0.0
2564,กันยายน,นนทบุรี,บางบัวทอง,เทศบาลเมืองบางคูรัด,0.0
2564,กันยายน,นนทบุรี,บางบัวทอง,เทศบาลเมืองบางบัวทอง,0.0
2564,กันยายน,นนทบุรี,บางบัวทอง,เทศบาลเมืองบางรักพัฒนา,0.0
2564,กันยายน,นนทบุรี,บางบัวทอง,เทศบาลเมืองพิมลราช,0.0
2564,กันยายน,นนทบุรี,บางบัวทอง,เทศบาลเมืองใหม่บางบัวทอง,0.0
2564,กันยายน,นนทบุรี,บางบัวทอง,อบต.บางรักใหญ่,0.0
2564,กันยายน,นนทบุรี,บางบัวทอง,อบต.ละหาร,0.0
2564,กันยายน,นนทบุรี,บางบัวทอง,อบต.ลำโพ,0.0
2564,กันยายน,นนทบุรี,บางใหญ่,เทศบาลเมืองบางแม่นาง,0.0
2564,กันยายน,นนทบุรี,บางใหญ่,เทศบาลตำบลบางม่วง,0.0
2564,กันยายน,นนทบุรี,บางใหญ่,เทศบาลตำบลบางเลน,0.0
2564,กันยายน,นนทบุรี,บางใหญ่,เทศบาลตำบลบางใหญ่,0.0
2564,กันยายน,นนทบุรี,บางใหญ่,เทศบาลตำบลบ้านบางม่วง,0.0
2564,กันยายน,นนทบุรี,บางใหญ่,เทศบาลตำบลเสาธงหิน,0.0
2564,กันยายน,นนทบุรี,บางใหญ่,อบต.บางใหญ่,0.0
2564,กันยายน,นนทบุรี,บางใหญ่,อบต.บ้านใหม่,0.0
2564,กันยายน,นนทบุรี,ปากเกร็ด,เทศบาลนครปากเกร็ด,0.0
2564,กันยายน,นนทบุรี,ปากเกร็ด,เทศบาลตำบลบางพลับ,0.0
2564,กันยายน,นนทบุรี,ปากเกร็ด,อบต.เกาะเกร็ด,0.0
2564,กันยายน,นนทบุรี,ปากเกร็ด,อบต.คลองข่อย,0.0
2564,กันยายน,นนทบุรี,ปากเกร็ด,อบต.คลองพระอุดม,0.0
2564,กันยายน,นนทบุรี,ปากเกร็ด,อบต.ท่าอิฐ,0.0
2564,กันยายน,นนทบุรี,ปากเกร็ด,อบต.บางตะไนย์,0.0
2564,กันยายน,นนทบุรี,ปากเกร็ด,อบต.อ้อมเกร็ด,0.0
2564,กันยายน,นนทบุรี,เมืองนนทบุรี,เทศบาลนครนนทบุรี,0.0
2564,กันยายน,นนทบุรี,เมืองนนทบุรี,เทศบาลเมืองไทรม้า,0.0
2564,กันยายน,นนทบุรี,เมืองนนทบุรี,เทศบาลเมืองบางกร่าง,0.0
2564,กันยายน,นนทบุรี,เมืองนนทบุรี,เทศบาลเมืองบางศรีเมือง,8.54
2564,กันยายน,นนทบุรี,เมืองนนทบุรี,อบต.บางไผ่,0.0
2564,กันยายน,นนทบุรี,เมืองนนทบุรี,อบต.บางรักน้อย,0.0
2564,ตุลาคม,นนทบุรี,ไทรน้อย,เทศบาลตำบลไทรน้อย,0.0
2564,ตุลาคม,นนทบุรี,ไทรน้อย,อบต.ขุนศรี,0.0
2564,ตุลาคม,นนทบุรี,ไทรน้อย,อบต.คลองขวาง,0.0
2564,ตุลาคม,นนทบุรี,ไทรน้อย,อบต.ทวีวัฒนา,0.0
2564,ตุลาคม,นนทบุรี,ไทรน้อย,อบต.ไทรน้อย,0.0
2564,ตุลาคม,นนทบุรี,ไทรน้อย,อบต.ไทรใหญ่,0.0
2564,ตุลาคม,นนทบุรี,ไทรน้อย,อบต.ราษฎร์นิยม,8.58
2564,ตุลาคม,นนทบุรี,ไทรน้อย,อบต.หนองเพรางาย,0.0
2564,ตุลาคม,นนทบุรี,บางกรวย,เทศบาลเมืองบางกรวย,0.0
2564,ตุลาคม,นนทบุรี,บางกรวย,เทศบาลตำบลบางสีทอง,0.0
2564,ตุลาคม,นนทบุรี,บางกรวย,เทศบาลตำบลปลายบาง,86.84
2564,ตุลาคม,นนทบุรี,บางกรวย,เทศบาลตำบลศาลากลาง,0.0
2564,ตุลาคม,นนทบุรี,บางกรวย,อบต.บางขนุน,0.0
2564,ตุลาคม,นนทบุรี,บางกรวย,อบต.บางขุนกอง,0.0
2564,ตุลาคม,นนทบุรี,บางกรวย,อบต.มหาสวัสดิ์,0.0
2564,ตุลาคม,นนทบุรี,บางบัวทอง,เทศบาลเมืองบางคูรัด,0.0
2564,ตุลาคม,นนทบุรี,บางบัวทอง,เทศบาลเมืองบางบัวทอง,0.0
2564,ตุลาคม,นนทบุรี,บางบัวทอง,เทศบาลเมืองบางรักพัฒนา,0.0
2564,ตุลาคม,นนทบุรี,บางบัวทอง,เทศบาลเมืองพิมลราช,0.0
2564,ตุลาคม,นนทบุรี,บางบัวทอง,เทศบาลเมืองใหม่บางบัวทอง,0.0
2564,ตุลาคม,นนทบุรี,บางบัวทอง,อบต.บางรักใหญ่,0.0
2564,ตุลาคม,นนทบุรี,บางบัวทอง,อบต.ละหาร,0.0
2564,ตุลาคม,นนทบุรี,บางบัวทอง,อบต.ลำโพ,0.0
2564,ตุลาคม,นนทบุรี,บางใหญ่,เทศบาลเมืองบางแม่นาง,0.0
2564,ตุลาคม,นนทบุรี,บางใหญ่,เทศบาลตำบลบางม่วง,0.0
2564,ตุลาคม,นนทบุรี,บางใหญ่,เทศบาลตำบลบางเลน,0.0
2564,ตุลาคม,นนทบุรี,บางใหญ่,เทศบาลตำบลบางใหญ่,0.0
2564,ตุลาคม,นนทบุรี,บางใหญ่,เทศบาลตำบลบ้านบางม่วง,0.0
2564,ตุลาคม,นนทบุรี,บางใหญ่,เทศบาลตำบลเสาธงหิน,0.0
2564,ตุลาคม,นนทบุรี,บางใหญ่,อบต.บางใหญ่,0.0
2564,ตุลาคม,นนทบุรี,บางใหญ่,อบต.บ้านใหม่,0.0
2564,ตุลาคม,นนทบุรี,ปากเกร็ด,เทศบาลนครปากเกร็ด,0.0
2564,ตุลาคม,นนทบุรี,ปากเกร็ด,เทศบาลตำบลบางพลับ,0.0
2564,ตุลาคม,นนทบุรี,ปากเกร็ด,อบต.เกาะเกร็ด,0.0
2564,ตุลาคม,นนทบุรี,ปากเกร็ด,อบต.คลองข่อย,0.0
2564,ตุลาคม,นนทบุรี,ปากเกร็ด,อบต.คลองพระอุดม,0.0
2564,ตุลาคม,นนทบุรี,ปากเกร็ด,อบต.ท่าอิฐ,0.0
2564,ตุลาคม,นนทบุรี,ปากเกร็ด,อบต.บางตะไนย์,0.0
2564,ตุลาคม,นนทบุรี,ปากเกร็ด,อบต.อ้อมเกร็ด,0.0
2564,ตุลาคม,นนทบุรี,เมืองนนทบุรี,เทศบาลนครนนทบุรี,0.0
2564,ตุลาคม,นนทบุรี,เมืองนนทบุรี,เทศบาลเมืองไทรม้า,0.0
2564,ตุลาคม,นนทบุรี,เมืองนนทบุรี,เทศบาลเมืองบางกร่าง,0.0
2564,ตุลาคม,นนทบุรี,เมืองนนทบุรี,เทศบาลเมืองบางศรีเมือง,0.0
2564,ตุลาคม,นนทบุรี,เมืองนนทบุรี,อบต.บางไผ่,0.0
2564,ตุลาคม,นนทบุรี,เมืองนนทบุรี,อบต.บางรักน้อย,0.0
2564,พฤศจิกายน,นนทบุรี,ไทรน้อย,เทศบาลตำบลไทรน้อย,0.0
2564,พฤศจิกายน,นนทบุรี,ไทรน้อย,อบต.ขุนศรี,0.0
2564,พฤศจิกายน,นนทบุรี,ไทรน้อย,อบต.คลองขวาง,0.0
2564,พฤศจิกายน,นนทบุรี,ไทรน้อย,อบต.ทวีวัฒนา,0.0
2564,พฤศจิกายน,นนทบุรี,ไทรน้อย,อบต.ไทรน้อย,0.0
2564,พฤศจิกายน,นนทบุรี,ไทรน้อย,อบต.ไทรใหญ่,0.0
2564,พฤศจิกายน,นนทบุรี,ไทรน้อย,อบต.ราษฎร์นิยม,7.6
2564,พฤศจิกายน,นนทบุรี,ไทรน้อย,อบต.หนองเพรางาย,0.0
2564,พฤศจิกายน,นนทบุรี,บางกรวย,เทศบาลเมืองบางกรวย,0.0
2564,พฤศจิกายน,นนทบุรี,บางกรวย,เทศบาลตำบลบางสีทอง,0.0
2564,พฤศจิกายน,นนทบุรี,บางกรวย,เทศบาลตำบลปลายบาง,0.0
2564,พฤศจิกายน,นนทบุรี,บางกรวย,เทศบาลตำบลศาลากลาง,0.0
2564,พฤศจิกายน,นนทบุรี,บางกรวย,อบต.บางขนุน,0.0
2564,พฤศจิกายน,นนทบุรี,บางกรวย,อบต.บางขุนกอง,0.0
2564,พฤศจิกายน,นนทบุรี,บางกรวย,อบต.มหาสวัสดิ์,0.0
2564,พฤศจิกายน,นนทบุรี,บางบัวทอง,เทศบาลเมืองบางคูรัด,0.0
2564,พฤศจิกายน,นนทบุรี,บางบัวทอง,เทศบาลเมืองบางบัวทอง,0.0
2564,พฤศจิกายน,นนทบุรี,บางบัวทอง,เทศบาลเมืองบางรักพัฒนา,0.0
2564,พฤศจิกายน,นนทบุรี,บางบัวทอง,เทศบาลเมืองพิมลราช,0.0
2564,พฤศจิกายน,นนทบุรี,บางบัวทอง,เทศบาลเมืองใหม่บางบัวทอง,0.0
2564,พฤศจิกายน,นนทบุรี,บางบัวทอง,อบต.บางรักใหญ่,0.0
2564,พฤศจิกายน,นนทบุรี,บางบัวทอง,อบต.ละหาร,0.0
2564,พฤศจิกายน,นนทบุรี,บางบัวทอง,อบต.ลำโพ,0.0
2564,พฤศจิกายน,นนทบุรี,บางใหญ่,เทศบาลเมืองบางแม่นาง,0.0
2564,พฤศจิกายน,นนทบุรี,บางใหญ่,เทศบาลตำบลบางม่วง,0.0
2564,พฤศจิกายน,นนทบุรี,บางใหญ่,เทศบาลตำบลบางเลน,0.0
2564,พฤศจิกายน,นนทบุรี,บางใหญ่,เทศบาลตำบลบางใหญ่,0.0
2564,พฤศจิกายน,นนทบุรี,บางใหญ่,เทศบาลตำบลบ้านบางม่วง,0.0
2564,พฤศจิกายน,นนทบุรี,บางใหญ่,เทศบาลตำบลเสาธงหิน,0.0
2564,พฤศจิกายน,นนทบุรี,บางใหญ่,อบต.บางใหญ่,0.0
2564,พฤศจิกายน,นนทบุรี,บางใหญ่,อบต.บ้านใหม่,0.0
2564,พฤศจิกายน,นนทบุรี,ปากเกร็ด,เทศบาลนครปากเกร็ด,0.0
2564,พฤศจิกายน,นนทบุรี,ปากเกร็ด,เทศบาลตำบลบางพลับ,0.0
2564,พฤศจิกายน,นนทบุรี,ปากเกร็ด,อบต.เกาะเกร็ด,0.0
2564,พฤศจิกายน,นนทบุรี,ปากเกร็ด,อบต.คลองข่อย,0.0
2564,พฤศจิกายน,นนทบุรี,ปากเกร็ด,อบต.คลองพระอุดม,0.0
2564,พฤศจิกายน,นนทบุรี,ปากเกร็ด,อบต.ท่าอิฐ,0.0
2564,พฤศจิกายน,นนทบุรี,ปากเกร็ด,อบต.บางตะไนย์,0.0
2564,พฤศจิกายน,นนทบุรี,ปากเกร็ด,อบต.อ้อมเกร็ด,0.0
2564,พฤศจิกายน,นนทบุรี,เมืองนนทบุรี,เทศบาลนครนนทบุรี,0.0
2564,พฤศจิกายน,นนทบุรี,เมืองนนทบุรี,เทศบาลเมืองไทรม้า,0.0
2564,พฤศจิกายน,นนทบุรี,เมืองนนทบุรี,เทศบาลเมืองบางกร่าง,0.0
2564,พฤศจิกายน,นนทบุรี,เมืองนนทบุรี,เทศบาลเมืองบางศรีเมือง,0.0
2564,พฤศจิกายน,นนทบุรี,เมืองนนทบุรี,อบต.บางไผ่,0.0
2564,พฤศจิกายน,นนทบุรี,เมืองนนทบุรี,อบต.บางรักน้อย,0.0
2564,ธันวาคม,นนทบุรี,ไทรน้อย,เทศบาลตำบลไทรน้อย,0.0
2564,ธันวาคม,นนทบุรี,ไทรน้อย,อบต.ขุนศรี,0.0
2564,ธันวาคม,นนทบุรี,ไทรน้อย,อบต.คลองขวาง,0.0
2564,ธันวาคม,นนทบุรี,ไทรน้อย,อบต.ทวีวัฒนา,0.0
2564,ธันวาคม,นนทบุรี,ไทรน้อย,อบต.ไทรน้อย,0.0
2564,ธันวาคม,นนทบุรี,ไทรน้อย,อบต.ไทรใหญ่,0.0
2564,ธันวาคม,นนทบุรี,ไทรน้อย,อบต.ราษฎร์นิยม,0.0
2564,ธันวาคม,นนทบุรี,ไทรน้อย,อบต.หนองเพรางาย,0.0
2564,ธันวาคม,นนทบุรี,บางกรวย,เทศบาลเมืองบางกรวย,0.0
2564,ธันวาคม,นนทบุรี,บางกรวย,เทศบาลตำบลบางสีทอง,0.0
2564,ธันวาคม,นนทบุรี,บางกรวย,เทศบาลตำบลปลายบาง,0.0
2564,ธันวาคม,นนทบุรี,บางกรวย,เทศบาลตำบลศาลากลาง,0.0
2564,ธันวาคม,นนทบุรี,บางกรวย,อบต.บางขนุน,0.0
2564,ธันวาคม,นนทบุรี,บางกรวย,อบต.บางขุนกอง,0.0
2564,ธันวาคม,นนทบุรี,บางกรวย,อบต.มหาสวัสดิ์,0.0
2564,ธันวาคม,นนทบุรี,บางบัวทอง,เทศบาลเมืองบางคูรัด,0.0
2564,ธันวาคม,นนทบุรี,บางบัวทอง,เทศบาลเมืองบางบัวทอง,0.0
2564,ธันวาคม,นนทบุรี,บางบัวทอง,เทศบาลเมืองบางรักพัฒนา,0.0
2564,ธันวาคม,นนทบุรี,บางบัวทอง,เทศบาลเมืองพิมลราช,0.0
2564,ธันวาคม,นนทบุรี,บางบัวทอง,เทศบาลเมืองใหม่บางบัวทอง,0.0
2564,ธันวาคม,นนทบุรี,บางบัวทอง,อบต.บางรักใหญ่,0.0
2564,ธันวาคม,นนทบุรี,บางบัวทอง,อบต.ละหาร,0.0
2564,ธันวาคม,นนทบุรี,บางบัวทอง,อบต.ลำโพ,0.0
2564,ธันวาคม,นนทบุรี,บางใหญ่,เทศบาลเมืองบางแม่นาง,0.0
2564,ธันวาคม,นนทบุรี,บางใหญ่,เทศบาลตำบลบางม่วง,0.0
2564,ธันวาคม,นนทบุรี,บางใหญ่,เทศบาลตำบลบางเลน,0.0
2564,ธันวาคม,นนทบุรี,บางใหญ่,เทศบาลตำบลบางใหญ่,0.0
2564,ธันวาคม,นนทบุรี,บางใหญ่,เทศบาลตำบลบ้านบางม่วง,0.0
2564,ธันวาคม,นนทบุรี,บางใหญ่,เทศบาลตำบลเสาธงหิน,0.0
2564,ธันวาคม,นนทบุรี,บางใหญ่,อบต.บางใหญ่,0.0
2564,ธันวาคม,นนทบุรี,บางใหญ่,อบต.บ้านใหม่,0.0
2564,ธันวาคม,นนทบุรี,ปากเกร็ด,เทศบาลนครปากเกร็ด,0.0
2564,ธันวาคม,นนทบุรี,ปากเกร็ด,เทศบาลตำบลบางพลับ,0.0
2564,ธันวาคม,นนทบุรี,ปากเกร็ด,อบต.เกาะเกร็ด,0.0
2564,ธันวาคม,นนทบุรี,ปากเกร็ด,อบต.คลองข่อย,0.0
2564,ธันวาคม,นนทบุรี,ปากเกร็ด,อบต.คลองพระอุดม,0.0
2564,ธันวาคม,นนทบุรี,ปากเกร็ด,อบต.ท่าอิฐ,0.0
2564,ธันวาคม,นนทบุรี,ปากเกร็ด,อบต.บางตะไนย์,0.0
2564,ธันวาคม,นนทบุรี,ปากเกร็ด,อบต.อ้อมเกร็ด,0.0
2564,ธันวาคม,นนทบุรี,เมืองนนทบุรี,เทศบาลนครนนทบุรี,0.0
2564,ธันวาคม,นนทบุรี,เมืองนนทบุรี,เทศบาลเมืองไทรม้า,0.0
2564,ธันวาคม,นนทบุรี,เมืองนนทบุรี,เทศบาลเมืองบางกร่าง,0.0
2564,ธันวาคม,นนทบุรี,เมืองนนทบุรี,เทศบาลเมืองบางศรีเมือง,0.0
2564,ธันวาคม,นนทบุรี,เมืองนนทบุรี,อบต.บางไผ่,0.0
2564,ธันวาคม,นนทบุรี,เมืองนนทบุรี,อบต.บางรักน้อย,0.0
2565,มกราคม,นนทบุรี,ไทรน้อย,เทศบาลตำบลไทรน้อย,0.0
2565,มกราคม,นนทบุรี,ไทรน้อย,อบต.ขุนศรี,0.0
2565,มกราคม,นนทบุรี,ไทรน้อย,อบต.คลองขวาง,0.0
2565,มกราคม,นนทบุรี,ไทรน้อย,อบต.ทวีวัฒนา,0.0
2565,มกราคม,นนทบุรี,ไทรน้อย,อบต.ไทรน้อย,0.0
2565,มกราคม,นนทบุรี,ไทรน้อย,อบต.ไทรใหญ่,0.0
2565,มกราคม,นนทบุรี,ไทรน้อย,อบต.ราษฎร์นิยม,0.0
2565,มกราคม,นนทบุรี,ไทรน้อย,อบต.หนองเพรางาย,16.86
2565,มกราคม,นนทบุรี,บางกรวย,เทศบาลเมืองบางกรวย,0.0
2565,มกราคม,นนทบุรี,บางกรวย,เทศบาลตำบลบางสีทอง,0.0
2565,มกราคม,นนทบุรี,บางกรวย,เทศบาลตำบลปลายบาง,28.58
2565,มกราคม,นนทบุรี,บางกรวย,เทศบาลตำบลศาลากลาง,0.0
2565,มกราคม,นนทบุรี,บางกรวย,อบต.บางขนุน,0.0
2565,มกราคม,นนทบุรี,บางกรวย,อบต.บางขุนกอง,0.0
2565,มกราคม,นนทบุรี,บางกรวย,อบต.มหาสวัสดิ์,0.0
2565,มกราคม,นนทบุรี,บางบัวทอง,เทศบาลเมืองบางคูรัด,0.0
2565,มกราคม,นนทบุรี,บางบัวทอง,เทศบาลเมืองบางบัวทอง,4.4
2565,มกราคม,นนทบุรี,บางบัวทอง,เทศบาลเมืองบางรักพัฒนา,0.0
2565,มกราคม,นนทบุรี,บางบัวทอง,เทศบาลเมืองพิมลราช,0.0
2565,มกราคม,นนทบุรี,บางบัวทอง,เทศบาลเมืองใหม่บางบัวทอง,0.06
2565,มกราคม,นนทบุรี,บางบัวทอง,อบต.บางรักใหญ่,0.0
2565,มกราคม,นนทบุรี,บางบัวทอง,อบต.ละหาร,0.0
2565,มกราคม,นนทบุรี,บางบัวทอง,อบต.ลำโพ,0.0
2565,มกราคม,นนทบุรี,บางใหญ่,เทศบาลเมืองบางแม่นาง,0.0
2565,มกราคม,นนทบุรี,บางใหญ่,เทศบาลตำบลบางม่วง,0.0
2565,มกราคม,นนทบุรี,บางใหญ่,เทศบาลตำบลบางเลน,0.0
2565,มกราคม,นนทบุรี,บางใหญ่,เทศบาลตำบลบางใหญ่,0.04
2565,มกราคม,นนทบุรี,บางใหญ่,เทศบาลตำบลบ้านบางม่วง,0.0
2565,มกราคม,นนทบุรี,บางใหญ่,เทศบาลตำบลเสาธงหิน,0.0
2565,มกราคม,นนทบุรี,บางใหญ่,อบต.บางใหญ่,0.0
2565,มกราคม,นนทบุรี,บางใหญ่,อบต.บ้านใหม่,0.0
2565,มกราคม,นนทบุรี,ปากเกร็ด,เทศบาลนครปากเกร็ด,0.0
2565,มกราคม,นนทบุรี,ปากเกร็ด,เทศบาลตำบลบางพลับ,0.0
2565,มกราคม,นนทบุรี,ปากเกร็ด,อบต.เกาะเกร็ด,0.0
2565,มกราคม,นนทบุรี,ปากเกร็ด,อบต.คลองข่อย,0.0
2565,มกราคม,นนทบุรี,ปากเกร็ด,อบต.คลองพระอุดม,0.0
2565,มกราคม,นนทบุรี,ปากเกร็ด,อบต.ท่าอิฐ,0.0
2565,มกราคม,นนทบุรี,ปากเกร็ด,อบต.บางตะไนย์,50.0
2565,มกราคม,นนทบุรี,ปากเกร็ด,อบต.อ้อมเกร็ด,0.0
2565,มกราคม,นนทบุรี,เมืองนนทบุรี,เทศบาลนครนนทบุรี,0.0
2565,มกราคม,นนทบุรี,เมืองนนทบุรี,เทศบาลเมืองไทรม้า,0.0
2565,มกราคม,นนทบุรี,เมืองนนทบุรี,เทศบาลเมืองบางกร่าง,0.0
2565,มกราคม,นนทบุรี,เมืองนนทบุรี,เทศบาลเมืองบางศรีเมือง,7.63
2565,มกราคม,นนทบุรี,เมืองนนทบุรี,อบต.บางไผ่,0.0
2565,มกราคม,นนทบุรี,เมืองนนทบุรี,อบต.บางรักน้อย,0.0
2565,กุมภาพันธ์,นนทบุรี,ไทรน้อย,เทศบาลตำบลไทรน้อย,0.0
2565,กุมภาพันธ์,นนทบุรี,ไทรน้อย,อบต.ขุนศรี,0.0
2565,กุมภาพันธ์,นนทบุรี,ไทรน้อย,อบต.คลองขวาง,0.0
2565,กุมภาพันธ์,นนทบุรี,ไทรน้อย,อบต.ทวีวัฒนา,0.0
2565,กุมภาพันธ์,นนทบุรี,ไทรน้อย,อบต.ไทรน้อย,0.0
2565,กุมภาพันธ์,นนทบุรี,ไทรน้อย,อบต.ไทรใหญ่,0.0
2565,กุมภาพันธ์,นนทบุรี,ไทรน้อย,อบต.ราษฎร์นิยม,0.0
2565,กุมภาพันธ์,นนทบุรี,ไทรน้อย,อบต.หนองเพรางาย,50.0
2565,กุมภาพันธ์,นนทบุรี,บางกรวย,เทศบาลเมืองบางกรวย,90.0
2565,กุมภาพันธ์,นนทบุรี,บางกรวย,เทศบาลตำบลบางสีทอง,0.0
2565,กุมภาพันธ์,นนทบุรี,บางกรวย,เทศบาลตำบลปลายบาง,28.74
2565,กุมภาพันธ์,นนทบุรี,บางกรวย,เทศบาลตำบลศาลากลาง,0.0
2565,กุมภาพันธ์,นนทบุรี,บางกรวย,อบต.บางขนุน,0.0
2565,กุมภาพันธ์,นนทบุรี,บางกรวย,อบต.บางขุนกอง,0.0
2565,กุมภาพันธ์,นนทบุรี,บางกรวย,อบต.มหาสวัสดิ์,0.0
2565,กุมภาพันธ์,นนทบุรี,บางบัวทอง,เทศบาลเมืองบางคูรัด,0.0
2565,กุมภาพันธ์,นนทบุรี,บางบัวทอง,เทศบาลเมืองบางบัวทอง,0.2
2565,กุมภาพันธ์,นนทบุรี,บางบัวทอง,เทศบาลเมืองบางรักพัฒนา,0.0
2565,กุมภาพันธ์,นนทบุรี,บางบัวทอง,เทศบาลเมืองพิมลราช,0.0
2565,กุมภาพันธ์,นนทบุรี,บางบัวทอง,เทศบาลเมืองใหม่บางบัวทอง,0.0
2565,กุมภาพันธ์,นนทบุรี,บางบัวทอง,อบต.บางรักใหญ่,0.0
2565,กุมภาพันธ์,นนทบุรี,บางบัวทอง,อบต.ละหาร,0.0
2565,กุมภาพันธ์,นนทบุรี,บางบัวทอง,อบต.ลำโพ,0.0
2565,กุมภาพันธ์,นนทบุรี,บางใหญ่,เทศบาลเมืองบางแม่นาง,0.0
2565,กุมภาพันธ์,นนทบุรี,บางใหญ่,เทศบาลตำบลบางม่วง,0.0
2565,กุมภาพันธ์,นนทบุรี,บางใหญ่,เทศบาลตำบลบางเลน,0.0
2565,กุมภาพันธ์,นนทบุรี,บางใหญ่,เทศบาลตำบลบางใหญ่,0.04
2565,กุมภาพันธ์,นนทบุรี,บางใหญ่,เทศบาลตำบลบ้านบางม่วง,0.0
2565,กุมภาพันธ์,นนทบุรี,บางใหญ่,เทศบาลตำบลเสาธงหิน,0.0
2565,กุมภาพันธ์,นนทบุรี,บางใหญ่,อบต.บางใหญ่,0.0
2565,กุมภาพันธ์,นนทบุรี,บางใหญ่,อบต.บ้านใหม่,0.0
2565,กุมภาพันธ์,นนทบุรี,ปากเกร็ด,เทศบาลนครปากเกร็ด,0.0
2565,กุมภาพันธ์,นนทบุรี,ปากเกร็ด,เทศบาลตำบลบางพลับ,0.0
2565,กุมภาพันธ์,นนทบุรี,ปากเกร็ด,อบต.เกาะเกร็ด,0.0
2565,กุมภาพันธ์,นนทบุรี,ปากเกร็ด,อบต.คลองข่อย,0.0
2565,กุมภาพันธ์,นนทบุรี,ปากเกร็ด,อบต.คลองพระอุดม,0.0
2565,กุมภาพันธ์,นนทบุรี,ปากเกร็ด,อบต.ท่าอิฐ,0.0
2565,กุมภาพันธ์,นนทบุรี,ปากเกร็ด,อบต.บางตะไนย์,14.19
2565,กุมภาพันธ์,นนทบุรี,ปากเกร็ด,อบต.อ้อมเกร็ด,0.0
2565,กุมภาพันธ์,นนทบุรี,เมืองนนทบุรี,เทศบาลนครนนทบุรี,0.0
2565,กุมภาพันธ์,นนทบุรี,เมืองนนทบุรี,เทศบาลเมืองไทรม้า,0.0
2565,กุมภาพันธ์,นนทบุรี,เมืองนนทบุรี,เทศบาลเมืองบางกร่าง,0.0
2565,กุมภาพันธ์,นนทบุรี,เมืองนนทบุรี,เทศบาลเมืองบางศรีเมือง,7.24
2565,กุมภาพันธ์,นนทบุรี,เมืองนนทบุรี,อบต.บางไผ่,0.0
2565,กุมภาพันธ์,นนทบุรี,เมืองนนทบุรี,อบต.บางรักน้อย,0.0
2565,มีนาคม,นนทบุรี,ไทรน้อย,เทศบาลตำบลไทรน้อย,0.0
2565,มีนาคม,นนทบุรี,ไทรน้อย,อบต.ขุนศรี,0.0
2565,มีนาคม,นนทบุรี,ไทรน้อย,อบต.คลองขวาง,0.0
2565,มีนาคม,นนทบุรี,ไทรน้อย,อบต.ทวีวัฒนา,0.0
2565,มีนาคม,นนทบุรี,ไทรน้อย,อบต.ไทรน้อย,0.0
2565,มีนาคม,นนทบุรี,ไทรน้อย,อบต.ไทรใหญ่,0.0
2565,มีนาคม,นนทบุรี,ไทรน้อย,อบต.ราษฎร์นิยม,0.0
2565,มีนาคม,นนทบุรี,ไทรน้อย,อบต.หนองเพรางาย,50.0
2565,มีนาคม,นนทบุรี,บางกรวย,เทศบาลเมืองบางกรวย,1.0
2565,มีนาคม,นนทบุรี,บางกรวย,เทศบาลตำบลบางสีทอง,1.0
2565,มีนาคม,นนทบุรี,บางกรวย,เทศบาลตำบลปลายบาง,38.84
2565,มีนาคม,นนทบุรี,บางกรวย,เทศบาลตำบลศาลากลาง,0.0
2565,มีนาคม,นนทบุรี,บางกรวย,อบต.บางขนุน,0.0
2565,มีนาคม,นนทบุรี,บางกรวย,อบต.บางขุนกอง,0.0
2565,มีนาคม,นนทบุรี,บางกรวย,อบต.มหาสวัสดิ์,0.0
2565,มีนาคม,นนทบุรี,บางบัวทอง,เทศบาลเมืองบางคูรัด,0.0
2565,มีนาคม,นนทบุรี,บางบัวทอง,เทศบาลเมืองบางบัวทอง,4.62
2565,มีนาคม,นนทบุรี,บางบัวทอง,เทศบาลเมืองบางรักพัฒนา,0.0
2565,มีนาคม,นนทบุรี,บางบัวทอง,เทศบาลเมืองพิมลราช,0.0
2565,มีนาคม,นนทบุรี,บางบัวทอง,เทศบาลเมืองใหม่บางบัวทอง,0.05
2565,มีนาคม,นนทบุรี,บางบัวทอง,อบต.บางรักใหญ่,0.0
2565,มีนาคม,นนทบุรี,บางบัวทอง,อบต.ละหาร,0.0
2565,มีนาคม,นนทบุรี,บางบัวทอง,อบต.ลำโพ,0.0
2565,มีนาคม,นนทบุรี,บางใหญ่,เทศบาลเมืองบางแม่นาง,0.0
2565,มีนาคม,นนทบุรี,บางใหญ่,เทศบาลตำบลบางม่วง,0.0
2565,มีนาคม,นนทบุรี,บางใหญ่,เทศบาลตำบลบางเลน,0.0
2565,มีนาคม,นนทบุรี,บางใหญ่,เทศบาลตำบลบางใหญ่,4.55
2565,มีนาคม,นนทบุรี,บางใหญ่,เทศบาลตำบลบ้านบางม่วง,0.0
2565,มีนาคม,นนทบุรี,บางใหญ่,เทศบาลตำบลเสาธงหิน,0.0
2565,มีนาคม,นนทบุรี,บางใหญ่,อบต.บางใหญ่,0.0
2565,มีนาคม,นนทบุรี,บางใหญ่,อบต.บ้านใหม่,0.0
2565,มีนาคม,นนทบุรี,ปากเกร็ด,เทศบาลนครปากเกร็ด,0.0
2565,มีนาคม,นนทบุรี,ปากเกร็ด,เทศบาลตำบลบางพลับ,0.0
2565,มีนาคม,นนทบุรี,ปากเกร็ด,อบต.เกาะเกร็ด,0.66
2565,มีนาคม,นนทบุรี,ปากเกร็ด,อบต.คลองข่อย,0.0
2565,มีนาคม,นนทบุรี,ปากเกร็ด,อบต.คลองพระอุดม,0.0
2565,มีนาคม,นนทบุรี,ปากเกร็ด,อบต.ท่าอิฐ,0.0
2565,มีนาคม,นนทบุรี,ปากเกร็ด,อบต.บางตะไนย์,8.0
2565,มีนาคม,นนทบุรี,ปากเกร็ด,อบต.อ้อมเกร็ด,0.0
2565,มีนาคม,นนทบุรี,เมืองนนทบุรี,เทศบาลนครนนทบุรี,0.0
2565,มีนาคม,นนทบุรี,เมืองนนทบุรี,เทศบาลเมืองไทรม้า,0.0
2565,มีนาคม,นนทบุรี,เมืองนนทบุรี,เทศบาลเมืองบางกร่าง,0.0
2565,มีนาคม,นนทบุรี,เมืองนนทบุรี,เทศบาลเมืองบางศรีเมือง,8.08
2565,มีนาคม,นนทบุรี,เมืองนนทบุรี,อบต.บางไผ่,0.0
2565,มีนาคม,นนทบุรี,เมืองนนทบุรี,อบต.บางรักน้อย,0.0
2565,เมษายน,นนทบุรี,ไทรน้อย,เทศบาลตำบลไทรน้อย,0.0
2565,เมษายน,นนทบุรี,ไทรน้อย,อบต.ขุนศรี,0.0
2565,เมษายน,นนทบุรี,ไทรน้อย,อบต.คลองขวาง,0.0
2565,เมษายน,นนทบุรี,ไทรน้อย,อบต.ทวีวัฒนา,0.0
2565,เมษายน,นนทบุรี,ไทรน้อย,อบต.ไทรน้อย,0.0
2565,เมษายน,นนทบุรี,ไทรน้อย,อบต.ไทรใหญ่,0.0
2565,เมษายน,นนทบุรี,ไทรน้อย,อบต.ราษฎร์นิยม,0.0
2565,เมษายน,นนทบุรี,ไทรน้อย,อบต.หนองเพรางาย,50.0
2565,เมษายน,นนทบุรี,บางกรวย,เทศบาลเมืองบางกรวย,5.0
2565,เมษายน,นนทบุรี,บางกรวย,เทศบาลตำบลบางสีทอง,0.0
2565,เมษายน,นนทบุรี,บางกรวย,เทศบาลตำบลปลายบาง,44.76
2565,เมษายน,นนทบุรี,บางกรวย,เทศบาลตำบลศาลากลาง,0.0
2565,เมษายน,นนทบุรี,บางกรวย,อบต.บางขนุน,0.0
2565,เมษายน,นนทบุรี,บางกรวย,อบต.บางขุนกอง,0.0
2565,เมษายน,นนทบุรี,บางกรวย,อบต.มหาสวัสดิ์,0.0
2565,เมษายน,นนทบุรี,บางบัวทอง,เทศบาลเมืองบางคูรัด,0.0
2565,เมษายน,นนทบุรี,บางบัวทอง,เทศบาลเมืองบางบัวทอง,43.32
2565,เมษายน,นนทบุรี,บางบัวทอง,เทศบาลเมืองบางรักพัฒนา,0.0
2565,เมษายน,นนทบุรี,บางบัวทอง,เทศบาลเมืองพิมลราช,0.0
2565,เมษายน,นนทบุรี,บางบัวทอง,เทศบาลเมืองใหม่บางบัวทอง,0.5
2565,เมษายน,นนทบุรี,บางบัวทอง,อบต.บางรักใหญ่,0.0
2565,เมษายน,นนทบุรี,บางบัวทอง,อบต.ละหาร,0.0
2565,เมษายน,นนทบุรี,บางบัวทอง,อบต.ลำโพ,0.0
2565,เมษายน,นนทบุรี,บางใหญ่,เทศบาลเมืองบางแม่นาง,0.0
2565,เมษายน,นนทบุรี,บางใหญ่,เทศบาลตำบลบางม่วง,0.0
2565,เมษายน,นนทบุรี,บางใหญ่,เทศบาลตำบลบางเลน,0.0
2565,เมษายน,นนทบุรี,บางใหญ่,เทศบาลตำบลบางใหญ่,0.0
2565,เมษายน,นนทบุรี,บางใหญ่,เทศบาลตำบลบ้านบางม่วง,0.0
2565,เมษายน,นนทบุรี,บางใหญ่,เทศบาลตำบลเสาธงหิน,0.0
2565,เมษายน,นนทบุรี,บางใหญ่,อบต.บางใหญ่,0.0
2565,เมษายน,นนทบุรี,บางใหญ่,อบต.บ้านใหม่,0.0
2565,เมษายน,นนทบุรี,ปากเกร็ด,เทศบาลนครปากเกร็ด,0.0
2565,เมษายน,นนทบุรี,ปากเกร็ด,เทศบาลตำบลบางพลับ,0.0
2565,เมษายน,นนทบุรี,ปากเกร็ด,อบต.เกาะเกร็ด,0.0
2565,เมษายน,นนทบุรี,ปากเกร็ด,อบต.คลองข่อย,0.0
2565,เมษายน,นนทบุรี,ปากเกร็ด,อบต.คลองพระอุดม,0.0
2565,เมษายน,นนทบุรี,ปากเกร็ด,อบต.ท่าอิฐ,25.0
2565,เมษายน,นนทบุรี,ปากเกร็ด,อบต.บางตะไนย์,4.0
2565,เมษายน,นนทบุรี,ปากเกร็ด,อบต.อ้อมเกร็ด,0.0
2565,เมษายน,นนทบุรี,เมืองนนทบุรี,เทศบาลนครนนทบุรี,0.0
2565,เมษายน,นนทบุรี,เมืองนนทบุรี,เทศบาลเมืองไทรม้า,0.0
2565,เมษายน,นนทบุรี,เมืองนนทบุรี,เทศบาลเมืองบางกร่าง,0.0
2565,เมษายน,นนทบุรี,เมืองนนทบุรี,เทศบาลเมืองบางศรีเมือง,2.2
2565,เมษายน,นนทบุรี,เมืองนนทบุรี,อบต.บางไผ่,0.0
2565,เมษายน,นนทบุรี,เมืองนนทบุรี,อบต.บางรักน้อย,0.0
2565,พฤษภาคม,นนทบุรี,ไทรน้อย,เทศบาลตำบลไทรน้อย,0.0
2565,พฤษภาคม,นนทบุรี,ไทรน้อย,อบต.ขุนศรี,0.0
2565,พฤษภาคม,นนทบุรี,ไทรน้อย,อบต.คลองขวาง,0.0
2565,พฤษภาคม,นนทบุรี,ไทรน้อย,อบต.ทวีวัฒนา,0.0
2565,พฤษภาคม,นนทบุรี,ไทรน้อย,อบต.ไทรน้อย,0.0
2565,พฤษภาคม,นนทบุรี,ไทรน้อย,อบต.ไทรใหญ่,0.0
2565,พฤษภาคม,นนทบุรี,ไทรน้อย,อบต.ราษฎร์นิยม,0.0
2565,พฤษภาคม,นนทบุรี,ไทรน้อย,อบต.หนองเพรางาย,1.67
2565,พฤษภาคม,นนทบุรี,บางกรวย,เทศบาลเมืองบางกรวย,0.0
2565,พฤษภาคม,นนทบุรี,บางกรวย,เทศบาลตำบลบางสีทอง,0.0
2565,พฤษภาคม,นนทบุรี,บางกรวย,เทศบาลตำบลปลายบาง,32.87
2565,พฤษภาคม,นนทบุรี,บางกรวย,เทศบาลตำบลศาลากลาง,0.0
2565,พฤษภาคม,นนทบุรี,บางกรวย,อบต.บางขนุน,0.0
2565,พฤษภาคม,นนทบุรี,บางกรวย,อบต.บางขุนกอง,0.0
2565,พฤษภาคม,นนทบุรี,บางกรวย,อบต.มหาสวัสดิ์,0.0
2565,พฤษภาคม,นนทบุรี,บางบัวทอง,เทศบาลเมืองบางคูรัด,0.0
2565,พฤษภาคม,นนทบุรี,บางบัวทอง,เทศบาลเมืองบางบัวทอง,1.8
2565,พฤษภาคม,นนทบุรี,บางบัวทอง,เทศบาลเมืองบางรักพัฒนา,0.0
2565,พฤษภาคม,นนทบุรี,บางบัวทอง,เทศบาลเมืองพิมลราช,0.0
2565,พฤษภาคม,นนทบุรี,บางบัวทอง,เทศบาลเมืองใหม่บางบัวทอง,0.04
2565,พฤษภาคม,นนทบุรี,บางบัวทอง,อบต.บางรักใหญ่,0.0
2565,พฤษภาคม,นนทบุรี,บางบัวทอง,อบต.ละหาร,0.0
2565,พฤษภาคม,นนทบุรี,บางบัวทอง,อบต.ลำโพ,0.0
2565,พฤษภาคม,นนทบุรี,บางใหญ่,เทศบาลเมืองบางแม่นาง,0.0
2565,พฤษภาคม,นนทบุรี,บางใหญ่,เทศบาลตำบลบางม่วง,0.0
2565,พฤษภาคม,นนทบุรี,บางใหญ่,เทศบาลตำบลบางเลน,0.0
2565,พฤษภาคม,นนทบุรี,บางใหญ่,เทศบาลตำบลบางใหญ่,0.0
2565,พฤษภาคม,นนทบุรี,บางใหญ่,เทศบาลตำบลบ้านบางม่วง,0.0
2565,พฤษภาคม,นนทบุรี,บางใหญ่,เทศบาลตำบลเสาธงหิน,0.0
2565,พฤษภาคม,นนทบุรี,บางใหญ่,อบต.บางใหญ่,0.0
2565,พฤษภาคม,นนทบุรี,บางใหญ่,อบต.บ้านใหม่,0.0
2565,พฤษภาคม,นนทบุรี,ปากเกร็ด,เทศบาลนครปากเกร็ด,0.0
2565,พฤษภาคม,นนทบุรี,ปากเกร็ด,เทศบาลตำบลบางพลับ,0.0
2565,พฤษภาคม,นนทบุรี,ปากเกร็ด,อบต.เกาะเกร็ด,0.0
2565,พฤษภาคม,นนทบุรี,ปากเกร็ด,อบต.คลองข่อย,0.0
2565,พฤษภาคม,นนทบุรี,ปากเกร็ด,อบต.คลองพระอุดม,0.0
2565,พฤษภาคม,นนทบุรี,ปากเกร็ด,อบต.ท่าอิฐ,27.04
2565,พฤษภาคม,นนทบุรี,ปากเกร็ด,อบต.บางตะไนย์,0.0
2565,พฤษภาคม,นนทบุรี,ปากเกร็ด,อบต.อ้อมเกร็ด,0.0
2565,พฤษภาคม,นนทบุรี,เมืองนนทบุรี,เทศบาลนครนนทบุรี,0.0
2565,พฤษภาคม,นนทบุรี,เมืองนนทบุรี,เทศบาลเมืองไทรม้า,0.0
2565,พฤษภาคม,นนทบุรี,เมืองนนทบุรี,เทศบาลเมืองบางกร่าง,0.0
2565,พฤษภาคม,นนทบุรี,เมืองนนทบุรี,เทศบาลเมืองบางศรีเมือง,2.35
2565,พฤษภาคม,นนทบุรี,เมืองนนทบุรี,อบต.บางไผ่,0.0
2565,พฤษภาคม,นนทบุรี,เมืองนนทบุรี,อบต.บางรักน้อย,0.0
2565,มิถุนายน,นนทบุรี,ไทรน้อย,เทศบาลตำบลไทรน้อย,0.0
2565,มิถุนายน,นนทบุรี,ไทรน้อย,อบต.ขุนศรี,0.0
2565,มิถุนายน,นนทบุรี,ไทรน้อย,อบต.คลองขวาง,0.0
2565,มิถุนายน,นนทบุรี,ไทรน้อย,อบต.ทวีวัฒนา,0.0
2565,มิถุนายน,นนทบุรี,ไทรน้อย,อบต.ไทรน้อย,0.0
2565,มิถุนายน,นนทบุรี,ไทรน้อย,อบต.ไทรใหญ่,0.0
2565,มิถุนายน,นนทบุรี,ไทรน้อย,อบต.ราษฎร์นิยม,0.0
2565,มิถุนายน,นนทบุรี,ไทรน้อย,อบต.หนองเพรางาย,50.0
2565,มิถุนายน,นนทบุรี,บางกรวย,เทศบาลเมืองบางกรวย,0.0
2565,มิถุนายน,นนทบุรี,บางกรวย,เทศบาลตำบลบางสีทอง,0.0
2565,มิถุนายน,นนทบุรี,บางกรวย,เทศบาลตำบลปลายบาง,44.97
2565,มิถุนายน,นนทบุรี,บางกรวย,เทศบาลตำบลศาลากลาง,0.0
2565,มิถุนายน,นนทบุรี,บางกรวย,อบต.บางขนุน,0.0
2565,มิถุนายน,นนทบุรี,บางกรวย,อบต.บางขุนกอง,0.0
2565,มิถุนายน,นนทบุรี,บางกรวย,อบต.มหาสวัสดิ์,0.0
2565,มิถุนายน,นนทบุรี,บางบัวทอง,เทศบาลเมืองบางคูรัด,0.0
2565,มิถุนายน,นนทบุรี,บางบัวทอง,เทศบาลเมืองบางบัวทอง,2.39
2565,มิถุนายน,นนทบุรี,บางบัวทอง,เทศบาลเมืองบางรักพัฒนา,0.0
2565,มิถุนายน,นนทบุรี,บางบัวทอง,เทศบาลเมืองพิมลราช,0.0
2565,มิถุนายน,นนทบุรี,บางบัวทอง,เทศบาลเมืองใหม่บางบัวทอง,0.2
2565,มิถุนายน,นนทบุรี,บางบัวทอง,อบต.บางรักใหญ่,0.0
2565,มิถุนายน,นนทบุรี,บางบัวทอง,อบต.ละหาร,0.0
2565,มิถุนายน,นนทบุรี,บางบัวทอง,อบต.ลำโพ,0.0
2565,มิถุนายน,นนทบุรี,บางใหญ่,เทศบาลเมืองบางแม่นาง,0.0
2565,มิถุนายน,นนทบุรี,บางใหญ่,เทศบาลตำบลบางม่วง,0.0
2565,มิถุนายน,นนทบุรี,บางใหญ่,เทศบาลตำบลบางเลน,0.0
2565,มิถุนายน,นนทบุรี,บางใหญ่,เทศบาลตำบลบางใหญ่,0.0
2565,มิถุนายน,นนทบุรี,บางใหญ่,เทศบาลตำบลบ้านบางม่วง,0.0
2565,มิถุนายน,นนทบุรี,บางใหญ่,เทศบาลตำบลเสาธงหิน,0.0
2565,มิถุนายน,นนทบุรี,บางใหญ่,อบต.บางใหญ่,0.0
2565,มิถุนายน,นนทบุรี,บางใหญ่,อบต.บ้านใหม่,0.0
2565,มิถุนายน,นนทบุรี,ปากเกร็ด,เทศบาลนครปากเกร็ด,0.0
2565,มิถุนายน,นนทบุรี,ปากเกร็ด,เทศบาลตำบลบางพลับ,0.0
2565,มิถุนายน,นนทบุรี,ปากเกร็ด,อบต.เกาะเกร็ด,0.0
2565,มิถุนายน,นนทบุรี,ปากเกร็ด,อบต.คลองข่อย,0.0
2565,มิถุนายน,นนทบุรี,ปากเกร็ด,อบต.คลองพระอุดม,0.0
2565,มิถุนายน,นนทบุรี,ปากเกร็ด,อบต.ท่าอิฐ,8.4
2565,มิถุนายน,นนทบุรี,ปากเกร็ด,อบต.บางตะไนย์,18.0
2565,มิถุนายน,นนทบุรี,ปากเกร็ด,อบต.อ้อมเกร็ด,0.0
2565,มิถุนายน,นนทบุรี,เมืองนนทบุรี,เทศบาลนครนนทบุรี,0.0
2565,มิถุนายน,นนทบุรี,เมืองนนทบุรี,เทศบาลเมืองไทรม้า,0.0
2565,มิถุนายน,นนทบุรี,เมืองนนทบุรี,เทศบาลเมืองบางกร่าง,0.0
2565,มิถุนายน,นนทบุรี,เมืองนนทบุรี,เทศบาลเมืองบางศรีเมือง,2.26
2565,มิถุนายน,นนทบุรี,เมืองนนทบุรี,อบต.บางไผ่,0.0
2565,มิถุนายน,นนทบุรี,เมืองนนทบุรี,อบต.บางรักน้อย,0.0
2565,กรกฎาคม,นนทบุรี,ไทรน้อย,เทศบาลตำบลไทรน้อย,0.0
2565,กรกฎาคม,นนทบุรี,ไทรน้อย,อบต.ขุนศรี,0.0
2565,กรกฎาคม,นนทบุรี,ไทรน้อย,อบต.คลองขวาง,0.0
2565,กรกฎาคม,นนทบุรี,ไทรน้อย,อบต.ทวีวัฒนา,0.0
2565,กรกฎาคม,นนทบุรี,ไทรน้อย,อบต.ไทรน้อย,0.0
2565,กรกฎาคม,นนทบุรี,ไทรน้อย,อบต.ไทรใหญ่,0.0
2565,กรกฎาคม,นนทบุรี,ไทรน้อย,อบต.ราษฎร์นิยม,0.0
2565,กรกฎาคม,นนทบุรี,ไทรน้อย,อบต.หนองเพรางาย,60.0
2565,กรกฎาคม,นนทบุรี,บางกรวย,เทศบาลเมืองบางกรวย,0.0
2565,กรกฎาคม,นนทบุรี,บางกรวย,เทศบาลตำบลบางสีทอง,0.0
2565,กรกฎาคม,นนทบุรี,บางกรวย,เทศบาลตำบลปลายบาง,47.16
2565,กรกฎาคม,นนทบุรี,บางกรวย,เทศบาลตำบลศาลากลาง,0.0
2565,กรกฎาคม,นนทบุรี,บางกรวย,อบต.บางขนุน,0.0
2565,กรกฎาคม,นนทบุรี,บางกรวย,อบต.บางขุนกอง,0.0
2565,กรกฎาคม,นนทบุรี,บางกรวย,อบต.มหาสวัสดิ์,0.0
2565,กรกฎาคม,นนทบุรี,บางบัวทอง,เทศบาลเมืองบางคูรัด,0.0
2565,กรกฎาคม,นนทบุรี,บางบัวทอง,เทศบาลเมืองบางบัวทอง,0.0
2565,กรกฎาคม,นนทบุรี,บางบัวทอง,เทศบาลเมืองบางรักพัฒนา,0.0
2565,กรกฎาคม,นนทบุรี,บางบัวทอง,เทศบาลเมืองพิมลราช,0.0
2565,กรกฎาคม,นนทบุรี,บางบัวทอง,เทศบาลเมืองใหม่บางบัวทอง,0.06
2565,กรกฎาคม,นนทบุรี,บางบัวทอง,อบต.บางรักใหญ่,0.0
2565,กรกฎาคม,นนทบุรี,บางบัวทอง,อบต.ละหาร,0.0
2565,กรกฎาคม,นนทบุรี,บางบัวทอง,อบต.ลำโพ,0.0
2565,กรกฎาคม,นนทบุรี,บางใหญ่,เทศบาลเมืองบางแม่นาง,0.0
2565,กรกฎาคม,นนทบุรี,บางใหญ่,เทศบาลตำบลบางม่วง,0.0
2565,กรกฎาคม,นนทบุรี,บางใหญ่,เทศบาลตำบลบางเลน,0.0
2565,กรกฎาคม,นนทบุรี,บางใหญ่,เทศบาลตำบลบางใหญ่,0.0
2565,กรกฎาคม,นนทบุรี,บางใหญ่,เทศบาลตำบลบ้านบางม่วง,0.0
2565,กรกฎาคม,นนทบุรี,บางใหญ่,เทศบาลตำบลเสาธงหิน,0.0
2565,กรกฎาคม,นนทบุรี,บางใหญ่,อบต.บางใหญ่,0.0
2565,กรกฎาคม,นนทบุรี,บางใหญ่,อบต.บ้านใหม่,0.0
2565,กรกฎาคม,นนทบุรี,ปากเกร็ด,เทศบาลนครปากเกร็ด,0.0
2565,กรกฎาคม,นนทบุรี,ปากเกร็ด,เทศบาลตำบลบางพลับ,0.0
2565,กรกฎาคม,นนทบุรี,ปากเกร็ด,อบต.เกาะเกร็ด,0.0
2565,กรกฎาคม,นนทบุรี,ปากเกร็ด,อบต.คลองข่อย,0.0
2565,กรกฎาคม,นนทบุรี,ปากเกร็ด,อบต.คลองพระอุดม,0.24
2565,กรกฎาคม,นนทบุรี,ปากเกร็ด,อบต.ท่าอิฐ,7.2
2565,กรกฎาคม,นนทบุรี,ปากเกร็ด,อบต.บางตะไนย์,10.0
2565,กรกฎาคม,นนทบุรี,ปากเกร็ด,อบต.อ้อมเกร็ด,0.0
2565,กรกฎาคม,นนทบุรี,เมืองนนทบุรี,เทศบาลนครนนทบุรี,0.0
2565,กรกฎาคม,นนทบุรี,เมืองนนทบุรี,เทศบาลเมืองไทรม้า,0.0
2565,กรกฎาคม,นนทบุรี,เมืองนนทบุรี,เทศบาลเมืองบางกร่าง,0.0
2565,กรกฎาคม,นนทบุรี,เมืองนนทบุรี,เทศบาลเมืองบางศรีเมือง,2.21
2565,กรกฎาคม,นนทบุรี,เมืองนนทบุรี,อบต.บางไผ่,0.0
2565,กรกฎาคม,นนทบุรี,เมืองนนทบุรี,อบต.บางรักน้อย,0.0
2565,สิงหาคม,นนทบุรี,ไทรน้อย,เทศบาลตำบลไทรน้อย,0.0
2565,สิงหาคม,นนทบุรี,ไทรน้อย,อบต.ขุนศรี,0.0
2565,สิงหาคม,นนทบุรี,ไทรน้อย,อบต.คลองขวาง,0.0
2565,สิงหาคม,นนทบุรี,ไทรน้อย,อบต.ทวีวัฒนา,0.0
2565,สิงหาคม,นนทบุรี,ไทรน้อย,อบต.ไทรน้อย,0.0
2565,สิงหาคม,นนทบุรี,ไทรน้อย,อบต.ไทรใหญ่,0.0
2565,สิงหาคม,นนทบุรี,ไทรน้อย,อบต.ราษฎร์นิยม,0.0
2565,สิงหาคม,นนทบุรี,ไทรน้อย,อบต.หนองเพรางาย,60.0
2565,สิงหาคม,นนทบุรี,บางกรวย,เทศบาลเมืองบางกรวย,0.25
2565,สิงหาคม,นนทบุรี,บางกรวย,เทศบาลตำบลบางสีทอง,22.17
2565,สิงหาคม,นนทบุรี,บางกรวย,เทศบาลตำบลปลายบาง,31.98
2565,สิงหาคม,นนทบุรี,บางกรวย,เทศบาลตำบลศาลากลาง,0.0
2565,สิงหาคม,นนทบุรี,บางกรวย,อบต.บางขนุน,0.0
2565,สิงหาคม,นนทบุรี,บางกรวย,อบต.บางขุนกอง,0.0
2565,สิงหาคม,นนทบุรี,บางกรวย,อบต.มหาสวัสดิ์,0.0
2565,สิงหาคม,นนทบุรี,บางบัวทอง,เทศบาลเมืองบางคูรัด,0.0
2565,สิงหาคม,นนทบุรี,บางบัวทอง,เทศบาลเมืองบางบัวทอง,0.0
2565,สิงหาคม,นนทบุรี,บางบัวทอง,เทศบาลเมืองบางรักพัฒนา,0.0
2565,สิงหาคม,นนทบุรี,บางบัวทอง,เทศบาลเมืองพิมลราช,0.0
2565,สิงหาคม,นนทบุรี,บางบัวทอง,เทศบาลเมืองใหม่บางบัวทอง,0.0
2565,สิงหาคม,นนทบุรี,บางบัวทอง,อบต.บางรักใหญ่,0.0
2565,สิงหาคม,นนทบุรี,บางบัวทอง,อบต.ละหาร,0.0
2565,สิงหาคม,นนทบุรี,บางบัวทอง,อบต.ลำโพ,0.0
2565,สิงหาคม,นนทบุรี,บางใหญ่,เทศบาลเมืองบางแม่นาง,0.0
2565,สิงหาคม,นนทบุรี,บางใหญ่,เทศบาลตำบลบางม่วง,0.0
2565,สิงหาคม,นนทบุรี,บางใหญ่,เทศบาลตำบลบางเลน,0.0
2565,สิงหาคม,นนทบุรี,บางใหญ่,เทศบาลตำบลบางใหญ่,0.0
2565,สิงหาคม,นนทบุรี,บางใหญ่,เทศบาลตำบลบ้านบางม่วง,0.0
2565,สิงหาคม,นนทบุรี,บางใหญ่,เทศบาลตำบลเสาธงหิน,0.0
2565,สิงหาคม,นนทบุรี,บางใหญ่,อบต.บางใหญ่,0.0
2565,สิงหาคม,นนทบุรี,บางใหญ่,อบต.บ้านใหม่,0.0
2565,สิงหาคม,นนทบุรี,ปากเกร็ด,เทศบาลนครปากเกร็ด,0.0
2565,สิงหาคม,นนทบุรี,ปากเกร็ด,เทศบาลตำบลบางพลับ,0.0
2565,สิงหาคม,นนทบุรี,ปากเกร็ด,อบต.เกาะเกร็ด,0.0
2565,สิงหาคม,นนทบุรี,ปากเกร็ด,อบต.คลองข่อย,0.0
2565,สิงหาคม,นนทบุรี,ปากเกร็ด,อบต.คลองพระอุดม,0.0
2565,สิงหาคม,นนทบุรี,ปากเกร็ด,อบต.ท่าอิฐ,6.0
2565,สิงหาคม,นนทบุรี,ปากเกร็ด,อบต.บางตะไนย์,0.89
2565,สิงหาคม,นนทบุรี,ปากเกร็ด,อบต.อ้อมเกร็ด,0.0
2565,สิงหาคม,นนทบุรี,เมืองนนทบุรี,เทศบาลนครนนทบุรี,0.0
2565,สิงหาคม,นนทบุรี,เมืองนนทบุรี,เทศบาลเมืองไทรม้า,0.0
2565,สิงหาคม,นนทบุรี,เมืองนนทบุรี,เทศบาลเมืองบางกร่าง,0.0
2565,สิงหาคม,นนทบุรี,เมืองนนทบุรี,เทศบาลเมืองบางศรีเมือง,2.3
2565,สิงหาคม,นนทบุรี,เมืองนนทบุรี,อบต.บางไผ่,0.0
2565,สิงหาคม,นนทบุรี,เมืองนนทบุรี,อบต.บางรักน้อย,0.0
2565,กันยายน,นนทบุรี,ไทรน้อย,เทศบาลตำบลไทรน้อย,0.0
2565,กันยายน,นนทบุรี,ไทรน้อย,อบต.ขุนศรี,0.0
2565,กันยายน,นนทบุรี,ไทรน้อย,อบต.คลองขวาง,0.0
2565,กันยายน,นนทบุรี,ไทรน้อย,อบต.ทวีวัฒนา,0.0
2565,กันยายน,นนทบุรี,ไทรน้อย,อบต.ไทรน้อย,0.0
2565,กันยายน,นนทบุรี,ไทรน้อย,อบต.ไทรใหญ่,0.0
2565,กันยายน,นนทบุรี,ไทรน้อย,อบต.ราษฎร์นิยม,0.0
2565,กันยายน,นนทบุรี,ไทรน้อย,อบต.หนองเพรางาย,60.0
2565,กันยายน,นนทบุรี,บางกรวย,เทศบาลเมืองบางกรวย,0.0
2565,กันยายน,นนทบุรี,บางกรวย,เทศบาลตำบลบางสีทอง,20.82
2565,กันยายน,นนทบุรี,บางกรวย,เทศบาลตำบลศาลากลาง,0.0
2565,กันยายน,นนทบุรี,บางกรวย,อบต.บางขนุน,0.0
2565,กันยายน,นนทบุรี,บางกรวย,อบต.บางขุนกอง,0.0
2565,กันยายน,นนทบุรี,บางกรวย,อบต.มหาสวัสดิ์,0.0
2565,กันยายน,นนทบุรี,บางบัวทอง,เทศบาลเมืองบางคูรัด,0.0
2565,กันยายน,นนทบุรี,บางบัวทอง,เทศบาลเมืองบางบัวทอง,39.62
2565,กันยายน,นนทบุรี,บางบัวทอง,เทศบาลเมืองบางรักพัฒนา,0.0
2565,กันยายน,นนทบุรี,บางบัวทอง,เทศบาลเมืองพิมลราช,0.0
2565,กันยายน,นนทบุรี,บางบัวทอง,เทศบาลเมืองใหม่บางบัวทอง,0.06
2565,กันยายน,นนทบุรี,บางบัวทอง,อบต.บางรักใหญ่,0.0
2565,กันยายน,นนทบุรี,บางบัวทอง,อบต.ละหาร,0.0
2565,กันยายน,นนทบุรี,บางบัวทอง,อบต.ลำโพ,0.0
2565,กันยายน,นนทบุรี,บางใหญ่,เทศบาลเมืองบางแม่นาง,0.0
2565,กันยายน,นนทบุรี,บางใหญ่,เทศบาลตำบลบางม่วง,0.0
2565,กันยายน,นนทบุรี,บางใหญ่,เทศบาลตำบลบางเลน,0.0
2565,กันยายน,นนทบุรี,บางใหญ่,เทศบาลตำบลบางใหญ่,0.0
2565,กันยายน,นนทบุรี,บางใหญ่,เทศบาลตำบลเสาธงหิน,0.0
2565,กันยายน,นนทบุรี,บางใหญ่,อบต.บางใหญ่,0.0
2565,กันยายน,นนทบุรี,บางใหญ่,อบต.บ้านใหม่,0.0
2565,กันยายน,นนทบุรี,ปากเกร็ด,เทศบาลนครปากเกร็ด,0.0
2565,กันยายน,นนทบุรี,ปากเกร็ด,เทศบาลตำบลบางพลับ,0.0
2565,กันยายน,นนทบุรี,ปากเกร็ด,อบต.เกาะเกร็ด,0.0
2565,กันยายน,นนทบุรี,ปากเกร็ด,อบต.คลองข่อย,0.0
2565,กันยายน,นนทบุรี,ปากเกร็ด,อบต.คลองพระอุดม,0.0
2565,กันยายน,นนทบุรี,ปากเกร็ด,อบต.ท่าอิฐ,11.5
2565,กันยายน,นนทบุรี,ปากเกร็ด,อบต.บางตะไนย์,0.0
2565,กันยายน,นนทบุรี,ปากเกร็ด,อบต.อ้อมเกร็ด,0.0
2565,กันยายน,นนทบุรี,เมืองนนทบุรี,เทศบาลนครนนทบุรี,0.0
2565,กันยายน,นนทบุรี,เมืองนนทบุรี,เทศบาลเมืองไทรม้า,0.0
2565,กันยายน,นนทบุรี,เมืองนนทบุรี,เทศบาลเมืองบางกร่าง,0.0
2565,กันยายน,นนทบุรี,เมืองนนทบุรี,เทศบาลเมืองบางศรีเมือง,2.18
2565,กันยายน,นนทบุรี,เมืองนนทบุรี,อบต.บางไผ่,0.0
2565,กันยายน,นนทบุรี,เมืองนนทบุรี,อบต.บางรักน้อย,0.0
2565,ตุลาคม,นนทบุรี,ไทรน้อย,เทศบาลตำบลไทรน้อย,0.0
2565,ตุลาคม,นนทบุรี,ไทรน้อย,อบต.ขุนศรี,0.0
2565,ตุลาคม,นนทบุรี,ไทรน้อย,อบต.คลองขวาง,0.0
2565,ตุลาคม,นนทบุรี,ไทรน้อย,อบต.ทวีวัฒนา,0.0
2565,ตุลาคม,นนทบุรี,ไทรน้อย,อบต.ไทรน้อย,0.0
2565,ตุลาคม,นนทบุรี,ไทรน้อย,อบต.ไทรใหญ่,0.0
2565,ตุลาคม,นนทบุรี,ไทรน้อย,อบต.ราษฎร์นิยม,0.0
2565,ตุลาคม,นนทบุรี,ไทรน้อย,อบต.หนองเพรางาย,0.0
2565,ตุลาคม,นนทบุรี,บางกรวย,เทศบาลเมืองบางกรวย,0.0
2565,ตุลาคม,นนทบุรี,บางกรวย,เทศบาลตำบลบางสีทอง,0.0
2565,ตุลาคม,นนทบุรี,บางกรวย,เทศบาลตำบลศาลากลาง,0.0
2565,ตุลาคม,นนทบุรี,บางกรวย,อบต.บางขนุน,0.0
2565,ตุลาคม,นนทบุรี,บางกรวย,อบต.บางขุนกอง,0.0
2565,ตุลาคม,นนทบุรี,บางกรวย,อบต.มหาสวัสดิ์,0.0
2565,ตุลาคม,นนทบุรี,บางบัวทอง,เทศบาลเมืองบางคูรัด,0.0
2565,ตุลาคม,นนทบุรี,บางบัวทอง,เทศบาลเมืองบางบัวทอง,0.0
2565,ตุลาคม,นนทบุรี,บางบัวทอง,เทศบาลเมืองบางรักพัฒนา,0.0
2565,ตุลาคม,นนทบุรี,บางบัวทอง,เทศบาลเมืองพิมลราช,0.0
2565,ตุลาคม,นนทบุรี,บางบัวทอง,เทศบาลเมืองใหม่บางบัวทอง,0.0
2565,ตุลาคม,นนทบุรี,บางบัวทอง,อบต.บางรักใหญ่,0.0
2565,ตุลาคม,นนทบุรี,บางบัวทอง,อบต.ละหาร,0.0
2565,ตุลาคม,นนทบุรี,บางบัวทอง,อบต.ลำโพ,0.0
2565,ตุลาคม,นนทบุรี,บางใหญ่,เทศบาลเมืองบางแม่นาง,0.0
2565,ตุลาคม,นนทบุรี,บางใหญ่,เทศบาลตำบลบางม่วง,0.0
2565,ตุลาคม,นนทบุรี,บางใหญ่,เทศบาลตำบลบางเลน,0.0
2565,ตุลาคม,นนทบุรี,บางใหญ่,เทศบาลตำบลบางใหญ่,0.0
2565,ตุลาคม,นนทบุรี,บางใหญ่,เทศบาลตำบลบ้านบางม่วง,0.0
2565,ตุลาคม,นนทบุรี,บางใหญ่,เทศบาลตำบลเสาธงหิน,0.0
2565,ตุลาคม,นนทบุรี,บางใหญ่,อบต.บางใหญ่,0.0
2565,ตุลาคม,นนทบุรี,บางใหญ่,อบต.บ้านใหม่,0.0
2565,ตุลาคม,นนทบุรี,ปากเกร็ด,เทศบาลนครปากเกร็ด,0.0
2565,ตุลาคม,นนทบุรี,ปากเกร็ด,เทศบาลตำบลบางพลับ,0.0
2565,ตุลาคม,นนทบุรี,ปากเกร็ด,อบต.เกาะเกร็ด,0.0
2565,ตุลาคม,นนทบุรี,ปากเกร็ด,อบต.คลองข่อย,0.0
2565,ตุลาคม,นนทบุรี,ปากเกร็ด,อบต.คลองพระอุดม,0.0
2565,ตุลาคม,นนทบุรี,ปากเกร็ด,อบต.ท่าอิฐ,0.0
2565,ตุลาคม,นนทบุรี,ปากเกร็ด,อบต.บางตะไนย์,0.0
2565,ตุลาคม,นนทบุรี,ปากเกร็ด,อบต.อ้อมเกร็ด,0.0
2565,ตุลาคม,นนทบุรี,เมืองนนทบุรี,เทศบาลนครนนทบุรี,0.0
2565,ตุลาคม,นนทบุรี,เมืองนนทบุรี,เทศบาลเมืองไทรม้า,0.0
2565,ตุลาคม,นนทบุรี,เมืองนนทบุรี,เทศบาลเมืองบางกร่าง,0.0
2565,ตุลาคม,นนทบุรี,เมืองนนทบุรี,เทศบาลเมืองบางศรีเมือง,8.85
2565,ตุลาคม,นนทบุรี,เมืองนนทบุรี,อบต.บางไผ่,0.0
2565,ตุลาคม,นนทบุรี,เมืองนนทบุรี,อบต.บางรักน้อย,0.0
2565,พฤศจิกายน,นนทบุรี,ไทรน้อย,เทศบาลตำบลไทรน้อย,0.0
2565,พฤศจิกายน,นนทบุรี,ไทรน้อย,อบต.ขุนศรี,0.0
2565,พฤศจิกายน,นนทบุรี,ไทรน้อย,อบต.คลองขวาง,0.0
2565,พฤศจิกายน,นนทบุรี,ไทรน้อย,อบต.ทวีวัฒนา,0.0
2565,พฤศจิกายน,นนทบุรี,ไทรน้อย,อบต.ไทรน้อย,0.0
2565,พฤศจิกายน,นนทบุรี,ไทรน้อย,อบต.ไทรใหญ่,0.0
2565,พฤศจิกายน,นนทบุรี,ไทรน้อย,อบต.ราษฎร์นิยม,0.0
2565,พฤศจิกายน,นนทบุรี,ไทรน้อย,อบต.หนองเพรางาย,13.95
2565,พฤศจิกายน,นนทบุรี,บางกรวย,เทศบาลเมืองบางกรวย,0.0
2565,พฤศจิกายน,นนทบุรี,บางกรวย,เทศบาลตำบลบางสีทอง,0.0
2565,พฤศจิกายน,นนทบุรี,บางกรวย,เทศบาลตำบลปลายบาง,21.73
2565,พฤศจิกายน,นนทบุรี,บางกรวย,เทศบาลตำบลศาลากลาง,0.0
2565,พฤศจิกายน,นนทบุรี,บางกรวย,อบต.บางขนุน,0.0
2565,พฤศจิกายน,นนทบุรี,บางกรวย,อบต.บางขุนกอง,0.0
2565,พฤศจิกายน,นนทบุรี,บางกรวย,อบต.มหาสวัสดิ์,0.0
2565,พฤศจิกายน,นนทบุรี,บางบัวทอง,เทศบาลเมืองบางคูรัด,0.0
2565,พฤศจิกายน,นนทบุรี,บางบัวทอง,เทศบาลเมืองบางบัวทอง,0.0
2565,พฤศจิกายน,นนทบุรี,บางบัวทอง,เทศบาลเมืองบางรักพัฒนา,0.0
2565,พฤศจิกายน,นนทบุรี,บางบัวทอง,เทศบาลเมืองพิมลราช,0.0
2565,พฤศจิกายน,นนทบุรี,บางบัวทอง,เทศบาลเมืองใหม่บางบัวทอง,0.0
2565,พฤศจิกายน,นนทบุรี,บางบัวทอง,อบต.บางรักใหญ่,0.0
2565,พฤศจิกายน,นนทบุรี,บางบัวทอง,อบต.ละหาร,0.0
2565,พฤศจิกายน,นนทบุรี,บางบัวทอง,อบต.ลำโพ,0.0
2565,พฤศจิกายน,นนทบุรี,บางใหญ่,เทศบาลเมืองบางแม่นาง,0.0
2565,พฤศจิกายน,นนทบุรี,บางใหญ่,เทศบาลตำบลบางม่วง,0.0
2565,พฤศจิกายน,นนทบุรี,บางใหญ่,เทศบาลตำบลบางเลน,0.0
2565,พฤศจิกายน,นนทบุรี,บางใหญ่,เทศบาลตำบลบางใหญ่,0.0
2565,พฤศจิกายน,นนทบุรี,บางใหญ่,เทศบาลตำบลบ้านบางม่วง,0.0
2565,พฤศจิกายน,นนทบุรี,บางใหญ่,เทศบาลตำบลเสาธงหิน,0.0
2565,พฤศจิกายน,นนทบุรี,บางใหญ่,อบต.บางใหญ่,0.0
2565,พฤศจิกายน,นนทบุรี,บางใหญ่,อบต.บ้านใหม่,0.0
2565,พฤศจิกายน,นนทบุรี,ปากเกร็ด,เทศบาลนครปากเกร็ด,0.0
2565,พฤศจิกายน,นนทบุรี,ปากเกร็ด,เทศบาลตำบลบางพลับ,0.0
2565,พฤศจิกายน,นนทบุรี,ปากเกร็ด,อบต.เกาะเกร็ด,0.0
2565,พฤศจิกายน,นนทบุรี,ปากเกร็ด,อบต.คลองข่อย,0.0
2565,พฤศจิกายน,นนทบุรี,ปากเกร็ด,อบต.คลองพระอุดม,0.0
2565,พฤศจิกายน,นนทบุรี,ปากเกร็ด,อบต.ท่าอิฐ,0.0
2565,พฤศจิกายน,นนทบุรี,ปากเกร็ด,อบต.บางตะไนย์,0.0
2565,พฤศจิกายน,นนทบุรี,ปากเกร็ด,อบต.อ้อมเกร็ด,0.0
2565,พฤศจิกายน,นนทบุรี,เมืองนนทบุรี,เทศบาลนครนนทบุรี,0.0
2565,พฤศจิกายน,นนทบุรี,เมืองนนทบุรี,เทศบาลเมืองไทรม้า,0.0
2565,พฤศจิกายน,นนทบุรี,เมืองนนทบุรี,เทศบาลเมืองบางกร่าง,0.0
2565,พฤศจิกายน,นนทบุรี,เมืองนนทบุรี,เทศบาลเมืองบางศรีเมือง,9.11
2565,พฤศจิกายน,นนทบุรี,เมืองนนทบุรี,อบต.บางไผ่,0.0
2565,พฤศจิกายน,นนทบุรี,เมืองนนทบุรี,อบต.บางรักน้อย,0.0
2565,ธันวาคม,นนทบุรี,ไทรน้อย,เทศบาลตำบลไทรน้อย,0.0
2565,ธันวาคม,นนทบุรี,ไทรน้อย,อบต.ขุนศรี,0.0
2565,ธันวาคม,นนทบุรี,ไทรน้อย,อบต.คลองขวาง,0.0
2565,ธันวาคม,นนทบุรี,ไทรน้อย,อบต.ทวีวัฒนา,0.0
2565,ธันวาคม,นนทบุรี,ไทรน้อย,อบต.ไทรน้อย,0.0
2565,ธันวาคม,นนทบุรี,ไทรน้อย,อบต.ไทรใหญ่,0.0
2565,ธันวาคม,นนทบุรี,ไทรน้อย,อบต.ราษฎร์นิยม,0.0
2565,ธันวาคม,นนทบุรี,ไทรน้อย,อบต.หนองเพรางาย,13.71
2565,ธันวาคม,นนทบุรี,บางกรวย,เทศบาลเมืองบางกรวย,0.0
2565,ธันวาคม,นนทบุรี,บางกรวย,เทศบาลตำบลบางสีทอง,0.0
2565,ธันวาคม,นนทบุรี,บางกรวย,เทศบาลตำบลปลายบาง,28.61
2565,ธันวาคม,นนทบุรี,บางกรวย,เทศบาลตำบลศาลากลาง,0.0
2565,ธันวาคม,นนทบุรี,บางกรวย,อบต.บางขนุน,0.0
2565,ธันวาคม,นนทบุรี,บางกรวย,อบต.บางขุนกอง,0.0
2565,ธันวาคม,นนทบุรี,บางกรวย,อบต.มหาสวัสดิ์,0.0
2565,ธันวาคม,นนทบุรี,บางบัวทอง,เทศบาลเมืองบางคูรัด,0.0
2565,ธันวาคม,นนทบุรี,บางบัวทอง,เทศบาลเมืองบางบัวทอง,0.0
2565,ธันวาคม,นนทบุรี,บางบัวทอง,เทศบาลเมืองบางรักพัฒนา,0.0
2565,ธันวาคม,นนทบุรี,บางบัวทอง,เทศบาลเมืองพิมลราช,0.0
2565,ธันวาคม,นนทบุรี,บางบัวทอง,เทศบาลเมืองใหม่บางบัวทอง,0.04
2565,ธันวาคม,นนทบุรี,บางบัวทอง,อบต.บางรักใหญ่,0.0
2565,ธันวาคม,นนทบุรี,บางบัวทอง,อบต.ละหาร,0.0
2565,ธันวาคม,นนทบุรี,บางบัวทอง,อบต.ลำโพ,0.0
2565,ธันวาคม,นนทบุรี,บางใหญ่,เทศบาลเมืองบางแม่นาง,0.0
2565,ธันวาคม,นนทบุรี,บางใหญ่,เทศบาลตำบลบางม่วง,0.0
2565,ธันวาคม,นนทบุรี,บางใหญ่,เทศบาลตำบลบางเลน,0.0
2565,ธันวาคม,นนทบุรี,บางใหญ่,เทศบาลตำบลบางใหญ่,0.0
2565,ธันวาคม,นนทบุรี,บางใหญ่,เทศบาลตำบลบ้านบางม่วง,0.0
2565,ธันวาคม,นนทบุรี,บางใหญ่,เทศบาลตำบลเสาธงหิน,0.0
2565,ธันวาคม,นนทบุรี,บางใหญ่,อบต.บางใหญ่,0.0
2565,ธันวาคม,นนทบุรี,บางใหญ่,อบต.บ้านใหม่,0.0
2565,ธันวาคม,นนทบุรี,ปากเกร็ด,เทศบาลนครปากเกร็ด,0.0
2565,ธันวาคม,นนทบุรี,ปากเกร็ด,เทศบาลตำบลบางพลับ,0.0
2565,ธันวาคม,นนทบุรี,ปากเกร็ด,อบต.เกาะเกร็ด,0.0
2565,ธันวาคม,นนทบุรี,ปากเกร็ด,อบต.คลองข่อย,0.0
2565,ธันวาคม,นนทบุรี,ปากเกร็ด,อบต.คลองพระอุดม,0.0
2565,ธันวาคม,นนทบุรี,ปากเกร็ด,อบต.ท่าอิฐ,11.28
2565,ธันวาคม,นนทบุรี,ปากเกร็ด,อบต.บางตะไนย์,0.0
2565,ธันวาคม,นนทบุรี,ปากเกร็ด,อบต.อ้อมเกร็ด,0.0
2565,ธันวาคม,นนทบุรี,เมืองนนทบุรี,เทศบาลนครนนทบุรี,0.0
2565,ธันวาคม,นนทบุรี,เมืองนนทบุรี,เทศบาลเมืองไทรม้า,0.0
2565,ธันวาคม,นนทบุรี,เมืองนนทบุรี,เทศบาลเมืองบางกร่าง,0.0
2565,ธันวาคม,นนทบุรี,เมืองนนทบุรี,เทศบาลเมืองบางศรีเมือง,7.62
2565,ธันวาคม,นนทบุรี,เมืองนนทบุรี,อบต.บางไผ่,0.0
2565,ธันวาคม,นนทบุรี,เมืองนนทบุรี,อบต.บางรักน้อย,0.0
2566,มกราคม,นนทบุรี,ไทรน้อย,เทศบาลตำบลไทรน้อย,0.0
2566,มกราคม,นนทบุรี,ไทรน้อย,อบต.ขุนศรี,0.0
2566,มกราคม,นนทบุรี,ไทรน้อย,อบต.คลองขวาง,0.0
2566,มกราคม,นนทบุรี,ไทรน้อย,อบต.ทวีวัฒนา,0.0
2566,มกราคม,นนทบุรี,ไทรน้อย,อบต.ไทรน้อย,0.0
2566,มกราคม,นนทบุรี,ไทรน้อย,อบต.ไทรใหญ่,0.0
2566,มกราคม,นนทบุรี,ไทรน้อย,อบต.ราษฎร์นิยม,0.0
2566,มกราคม,นนทบุรี,ไทรน้อย,อบต.หนองเพรางาย,50.0
2566,มกราคม,นนทบุรี,บางกรวย,เทศบาลเมืองบางกรวย,11.27
2566,มกราคม,นนทบุรี,บางกรวย,เทศบาลตำบลบางสีทอง,0.0
2566,มกราคม,นนทบุรี,บางกรวย,เทศบาลตำบลปลายบาง,0.0
2566,มกราคม,นนทบุรี,บางกรวย,เทศบาลตำบลศาลากลาง,0.0
2566,มกราคม,นนทบุรี,บางกรวย,อบต.บางขนุน,0.0
2566,มกราคม,นนทบุรี,บางกรวย,อบต.บางขุนกอง,0.0
2566,มกราคม,นนทบุรี,บางกรวย,อบต.มหาสวัสดิ์,0.0
2566,มกราคม,นนทบุรี,บางบัวทอง,เทศบาลนครบางบัวทอง,0.87
2566,มกราคม,นนทบุรี,บางบัวทอง,เทศบาลเมืองบางคูรัด,0.0
2566,มกราคม,นนทบุรี,บางบัวทอง,เทศบาลเมืองบางรักพัฒนา,0.0
2566,มกราคม,นนทบุรี,บางบัวทอง,เทศบาลเมืองพิมลราช,0.0
2566,มกราคม,นนทบุรี,บางบัวทอง,เทศบาลเมืองใหม่บางบัวทอง,0.04
2566,มกราคม,นนทบุรี,บางบัวทอง,อบต.บางรักใหญ่,0.0
2566,มกราคม,นนทบุรี,บางบัวทอง,อบต.ละหาร,0.0
2566,มกราคม,นนทบุรี,บางบัวทอง,อบต.ลำโพ,0.0
2566,มกราคม,นนทบุรี,บางใหญ่,เทศบาลเมืองบางแม่นาง,0.0
2566,มกราคม,นนทบุรี,บางใหญ่,เทศบาลเมืองเสาธงหิน,0.0
2566,มกราคม,นนทบุรี,บางใหญ่,เทศบาลตำบลบางม่วง,0.0
2566,มกราคม,นนทบุรี,บางใหญ่,เทศบาลตำบลบางเลน,0.0
2566,มกราคม,นนทบุรี,บางใหญ่,เทศบาลตำบลบางใหญ่,0.0
2566,มกราคม,นนทบุรี,บางใหญ่,อบต.บางใหญ่,0.0
2566,มกราคม,นนทบุรี,บางใหญ่,อบต.บ้านใหม่,0.0
2566,มกราคม,นนทบุรี,ปากเกร็ด,เทศบาลนครปากเกร็ด,0.0
2566,มกราคม,นนทบุรี,ปากเกร็ด,เทศบาลตำบลบางพลับ,0.0
2566,มกราคม,นนทบุรี,ปากเกร็ด,อบต.เกาะเกร็ด,0.0
2566,มกราคม,นนทบุรี,ปากเกร็ด,อบต.คลองข่อย,0.0
2566,มกราคม,นนทบุรี,ปากเกร็ด,อบต.คลองพระอุดม,0.0
2566,มกราคม,นนทบุรี,ปากเกร็ด,อบต.ท่าอิฐ,0.0
2566,มกราคม,นนทบุรี,ปากเกร็ด,อบต.บางตะไนย์,0.0
2566,มกราคม,นนทบุรี,ปากเกร็ด,อบต.อ้อมเกร็ด,0.0
2566,มกราคม,นนทบุรี,เมืองนนทบุรี,เทศบาลนครนนทบุรี,0.0
2566,มกราคม,นนทบุรี,เมืองนนทบุรี,เทศบาลเมืองไทรม้า,0.0
2566,มกราคม,นนทบุรี,เมืองนนทบุรี,เทศบาลเมืองบางกร่าง,0.0
2566,มกราคม,นนทบุรี,เมืองนนทบุรี,เทศบาลเมืองบางศรีเมือง,2.31
2566,มกราคม,นนทบุรี,เมืองนนทบุรี,อบต.บางไผ่,0.0
2566,มกราคม,นนทบุรี,เมืองนนทบุรี,อบต.บางรักน้อย,0.0
2566,กุมภาพันธ์,นนทบุรี,ไทรน้อย,เทศบาลตำบลไทรน้อย,0.0
2566,กุมภาพันธ์,นนทบุรี,ไทรน้อย,อบต.ขุนศรี,0.0
2566,กุมภาพันธ์,นนทบุรี,ไทรน้อย,อบต.คลองขวาง,0.0
2566,กุมภาพันธ์,นนทบุรี,ไทรน้อย,อบต.ทวีวัฒนา,0.0
2566,กุมภาพันธ์,นนทบุรี,ไทรน้อย,อบต.ไทรน้อย,0.0
2566,กุมภาพันธ์,นนทบุรี,ไทรน้อย,อบต.ไทรใหญ่,0.0
2566,กุมภาพันธ์,นนทบุรี,ไทรน้อย,อบต.ราษฎร์นิยม,0.0
2566,กุมภาพันธ์,นนทบุรี,ไทรน้อย,อบต.หนองเพรางาย,50.0
2566,กุมภาพันธ์,นนทบุรี,บางกรวย,เทศบาลเมืองบางกรวย,15.0
2566,กุมภาพันธ์,นนทบุรี,บางกรวย,เทศบาลตำบลบางสีทอง,0.0
2566,กุมภาพันธ์,นนทบุรี,บางกรวย,เทศบาลตำบลปลายบาง,0.0
2566,กุมภาพันธ์,นนทบุรี,บางกรวย,เทศบาลตำบลศาลากลาง,0.0
2566,กุมภาพันธ์,นนทบุรี,บางกรวย,อบต.บางขนุน,0.0
2566,กุมภาพันธ์,นนทบุรี,บางกรวย,อบต.บางขุนกอง,0.0
2566,กุมภาพันธ์,นนทบุรี,บางกรวย,อบต.มหาสวัสดิ์,0.0
2566,กุมภาพันธ์,นนทบุรี,บางบัวทอง,เทศบาลนครบางบัวทอง,0.51
2566,กุมภาพันธ์,นนทบุรี,บางบัวทอง,เทศบาลเมืองบางคูรัด,0.0
2566,กุมภาพันธ์,นนทบุรี,บางบัวทอง,เทศบาลเมืองบางรักพัฒนา,0.0
2566,กุมภาพันธ์,นนทบุรี,บางบัวทอง,เทศบาลเมืองพิมลราช,0.0
2566,กุมภาพันธ์,นนทบุรี,บางบัวทอง,เทศบาลเมืองใหม่บางบัวทอง,0.09
2566,กุมภาพันธ์,นนทบุรี,บางบัวทอง,อบต.บางรักใหญ่,0.0
2566,กุมภาพันธ์,นนทบุรี,บางบัวทอง,อบต.ละหาร,0.0
2566,กุมภาพันธ์,นนทบุรี,บางบัวทอง,อบต.ลำโพ,0.0
2566,กุมภาพันธ์,นนทบุรี,บางใหญ่,เทศบาลเมืองบางแม่นาง,0.0
2566,กุมภาพันธ์,นนทบุรี,บางใหญ่,เทศบาลเมืองเสาธงหิน,0.0
2566,กุมภาพันธ์,นนทบุรี,บางใหญ่,เทศบาลตำบลบางม่วง,0.0
2566,กุมภาพันธ์,นนทบุรี,บางใหญ่,เทศบาลตำบลบางเลน,0.0
2566,กุมภาพันธ์,นนทบุรี,บางใหญ่,เทศบาลตำบลบางใหญ่,0.0
2566,กุมภาพันธ์,นนทบุรี,บางใหญ่,อบต.บางใหญ่,0.0
2566,กุมภาพันธ์,นนทบุรี,บางใหญ่,อบต.บ้านใหม่,0.0
2566,กุมภาพันธ์,นนทบุรี,ปากเกร็ด,เทศบาลนครปากเกร็ด,0.0
2566,กุมภาพันธ์,นนทบุรี,ปากเกร็ด,เทศบาลตำบลบางพลับ,0.0
2566,กุมภาพันธ์,นนทบุรี,ปากเกร็ด,อบต.เกาะเกร็ด,0.0
2566,กุมภาพันธ์,นนทบุรี,ปากเกร็ด,อบต.คลองข่อย,36.0
2566,กุมภาพันธ์,นนทบุรี,ปากเกร็ด,อบต.คลองพระอุดม,0.0
2566,กุมภาพันธ์,นนทบุรี,ปากเกร็ด,อบต.ท่าอิฐ,0.0
2566,กุมภาพันธ์,นนทบุรี,ปากเกร็ด,อบต.บางตะไนย์,0.0
2566,กุมภาพันธ์,นนทบุรี,ปากเกร็ด,อบต.อ้อมเกร็ด,0.0
2566,กุมภาพันธ์,นนทบุรี,เมืองนนทบุรี,เทศบาลนครนนทบุรี,0.0
2566,กุมภาพันธ์,นนทบุรี,เมืองนนทบุรี,เทศบาลเมืองไทรม้า,0.0
2566,กุมภาพันธ์,นนทบุรี,เมืองนนทบุรี,เทศบาลเมืองบางกร่าง,0.0
2566,กุมภาพันธ์,นนทบุรี,เมืองนนทบุรี,เทศบาลเมืองบางศรีเมือง,2.04
2566,กุมภาพันธ์,นนทบุรี,เมืองนนทบุรี,อบต.บางไผ่,0.0
2566,กุมภาพันธ์,นนทบุรี,เมืองนนทบุรี,อบต.บางรักน้อย,0.0
2566,มีนาคม,นนทบุรี,ไทรน้อย,เทศบาลตำบลไทรน้อย,0.0
2566,มีนาคม,นนทบุรี,ไทรน้อย,อบต.ขุนศรี,0.0
2566,มีนาคม,นนทบุรี,ไทรน้อย,อบต.คลองขวาง,0.0
2566,มีนาคม,นนทบุรี,ไทรน้อย,อบต.ทวีวัฒนา,0.0
2566,มีนาคม,นนทบุรี,ไทรน้อย,อบต.ไทรน้อย,0.0
2566,มีนาคม,นนทบุรี,ไทรน้อย,อบต.ไทรใหญ่,0.0
2566,มีนาคม,นนทบุรี,ไทรน้อย,อบต.ราษฎร์นิยม,0.0
2566,มีนาคม,นนทบุรี,ไทรน้อย,อบต.หนองเพรางาย,50.0
2566,มีนาคม,นนทบุรี,บางกรวย,เทศบาลเมืองบางกรวย,0.0
2566,มีนาคม,นนทบุรี,บางกรวย,เทศบาลตำบลบางสีทอง,0.0
2566,มีนาคม,นนทบุรี,บางกรวย,เทศบาลตำบลปลายบาง,0.0
2566,มีนาคม,นนทบุรี,บางกรวย,เทศบาลตำบลศาลากลาง,0.0
2566,มีนาคม,นนทบุรี,บางกรวย,อบต.บางขนุน,0.0
2566,มีนาคม,นนทบุรี,บางกรวย,อบต.บางขุนกอง,0.0
2566,มีนาคม,นนทบุรี,บางกรวย,อบต.มหาสวัสดิ์,0.0
2566,มีนาคม,นนทบุรี,บางบัวทอง,เทศบาลนครบางบัวทอง,0.69
2566,มีนาคม,นนทบุรี,บางบัวทอง,เทศบาลเมืองบางคูรัด,0.0
2566,มีนาคม,นนทบุรี,บางบัวทอง,เทศบาลเมืองบางรักพัฒนา,0.0
2566,มีนาคม,นนทบุรี,บางบัวทอง,เทศบาลเมืองพิมลราช,0.0
2566,มีนาคม,นนทบุรี,บางบัวทอง,เทศบาลเมืองใหม่บางบัวทอง,0.05
2566,มีนาคม,นนทบุรี,บางบัวทอง,อบต.บางรักใหญ่,0.0
2566,มีนาคม,นนทบุรี,บางบัวทอง,อบต.ละหาร,0.0
2566,มีนาคม,นนทบุรี,บางบัวทอง,อบต.ลำโพ,0.0
2566,มีนาคม,นนทบุรี,บางใหญ่,เทศบาลเมืองบางแม่นาง,0.0
2566,มีนาคม,นนทบุรี,บางใหญ่,เทศบาลเมืองเสาธงหิน,0.0
2566,มีนาคม,นนทบุรี,บางใหญ่,เทศบาลตำบลบางม่วง,0.0
2566,มีนาคม,นนทบุรี,บางใหญ่,เทศบาลตำบลบางเลน,0.0
2566,มีนาคม,นนทบุรี,บางใหญ่,เทศบาลตำบลบางใหญ่,0.0
2566,มีนาคม,นนทบุรี,บางใหญ่,อบต.บางใหญ่,0.0
2566,มีนาคม,นนทบุรี,บางใหญ่,อบต.บ้านใหม่,0.0
2566,มีนาคม,นนทบุรี,ปากเกร็ด,เทศบาลนครปากเกร็ด,0.0
2566,มีนาคม,นนทบุรี,ปากเกร็ด,เทศบาลตำบลบางพลับ,0.0
2566,มีนาคม,นนทบุรี,ปากเกร็ด,อบต.เกาะเกร็ด,0.0
2566,มีนาคม,นนทบุรี,ปากเกร็ด,อบต.คลองข่อย,90.0
2566,มีนาคม,นนทบุรี,ปากเกร็ด,อบต.คลองพระอุดม,0.0
2566,มีนาคม,นนทบุรี,ปากเกร็ด,อบต.ท่าอิฐ,0.0
2566,มีนาคม,นนทบุรี,ปากเกร็ด,อบต.บางตะไนย์,0.0
2566,มีนาคม,นนทบุรี,ปากเกร็ด,อบต.อ้อมเกร็ด,0.0
2566,มีนาคม,นนทบุรี,เมืองนนทบุรี,เทศบาลนครนนทบุรี,0.0
2566,มีนาคม,นนทบุรี,เมืองนนทบุรี,เทศบาลเมืองไทรม้า,0.0
2566,มีนาคม,นนทบุรี,เมืองนนทบุรี,เทศบาลเมืองบางกร่าง,0.0
2566,มีนาคม,นนทบุรี,เมืองนนทบุรี,เทศบาลเมืองบางศรีเมือง,8.89
2566,มีนาคม,นนทบุรี,เมืองนนทบุรี,อบต.บางไผ่,0.0
2566,มีนาคม,นนทบุรี,เมืองนนทบุรี,อบต.บางรักน้อย,0.0
2566,เมษายน,นนทบุรี,ไทรน้อย,เทศบาลตำบลไทรน้อย,0.0
2566,เมษายน,นนทบุรี,ไทรน้อย,อบต.ขุนศรี,0.0
2566,เมษายน,นนทบุรี,ไทรน้อย,อบต.คลองขวาง,0.0
2566,เมษายน,นนทบุรี,ไทรน้อย,อบต.ทวีวัฒนา,0.0
2566,เมษายน,นนทบุรี,ไทรน้อย,อบต.ไทรน้อย,0.0
2566,เมษายน,นนทบุรี,ไทรน้อย,อบต.ไทรใหญ่,0.0
2566,เมษายน,นนทบุรี,ไทรน้อย,อบต.ราษฎร์นิยม,0.0
2566,เมษายน,นนทบุรี,ไทรน้อย,อบต.หนองเพรางาย,0.5
2566,เมษายน,นนทบุรี,บางกรวย,เทศบาลเมืองบางกรวย,0.0
2566,เมษายน,นนทบุรี,บางกรวย,เทศบาลตำบลบางสีทอง,0.0
2566,เมษายน,นนทบุรี,บางกรวย,เทศบาลตำบลปลายบาง,0.0
2566,เมษายน,นนทบุรี,บางกรวย,เทศบาลตำบลศาลากลาง,0.0
2566,เมษายน,นนทบุรี,บางกรวย,อบต.บางขนุน,0.0
2566,เมษายน,นนทบุรี,บางกรวย,อบต.บางขุนกอง,0.0
2566,เมษายน,นนทบุรี,บางกรวย,อบต.มหาสวัสดิ์,0.0
2566,เมษายน,นนทบุรี,บางบัวทอง,เทศบาลนครบางบัวทอง,0.84
2566,เมษายน,นนทบุรี,บางบัวทอง,เทศบาลเมืองบางคูรัด,0.0
2566,เมษายน,นนทบุรี,บางบัวทอง,เทศบาลเมืองบางรักพัฒนา,0.0
2566,เมษายน,นนทบุรี,บางบัวทอง,เทศบาลเมืองพิมลราช,0.0
2566,เมษายน,นนทบุรี,บางบัวทอง,เทศบาลเมืองใหม่บางบัวทอง,0.9
2566,เมษายน,นนทบุรี,บางบัวทอง,อบต.บางรักใหญ่,0.0
2566,เมษายน,นนทบุรี,บางบัวทอง,อบต.ละหาร,0.0
2566,เมษายน,นนทบุรี,บางบัวทอง,อบต.ลำโพ,0.0
2566,เมษายน,นนทบุรี,บางใหญ่,เทศบาลเมืองบางแม่นาง,0.0
2566,เมษายน,นนทบุรี,บางใหญ่,เทศบาลเมืองเสาธงหิน,0.0
2566,เมษายน,นนทบุรี,บางใหญ่,เทศบาลตำบลบางม่วง,0.0
2566,เมษายน,นนทบุรี,บางใหญ่,เทศบาลตำบลบางเลน,0.0
2566,เมษายน,นนทบุรี,บางใหญ่,เทศบาลตำบลบางใหญ่,0.0
2566,เมษายน,นนทบุรี,บางใหญ่,อบต.บางใหญ่,0.0
2566,เมษายน,นนทบุรี,บางใหญ่,อบต.บ้านใหม่,0.0
2566,เมษายน,นนทบุรี,ปากเกร็ด,เทศบาลนครปากเกร็ด,0.0
2566,เมษายน,นนทบุรี,ปากเกร็ด,เทศบาลตำบลบางพลับ,0.0
2566,เมษายน,นนทบุรี,ปากเกร็ด,อบต.เกาะเกร็ด,0.0
2566,เมษายน,นนทบุรี,ปากเกร็ด,อบต.คลองข่อย,0.7
2566,เมษายน,นนทบุรี,ปากเกร็ด,อบต.คลองพระอุดม,0.8
2566,เมษายน,นนทบุรี,ปากเกร็ด,อบต.ท่าอิฐ,0.0
2566,เมษายน,นนทบุรี,ปากเกร็ด,อบต.บางตะไนย์,0.0
2566,เมษายน,นนทบุรี,ปากเกร็ด,อบต.อ้อมเกร็ด,0.0
2566,เมษายน,นนทบุรี,เมืองนนทบุรี,เทศบาลนครนนทบุรี,0.0
2566,เมษายน,นนทบุรี,เมืองนนทบุรี,เทศบาลเมืองไทรม้า,0.0
2566,เมษายน,นนทบุรี,เมืองนนทบุรี,เทศบาลเมืองบางกร่าง,0.0
2566,เมษายน,นนทบุรี,เมืองนนทบุรี,เทศบาลเมืองบางศรีเมือง,0.8
2566,เมษายน,นนทบุรี,เมืองนนทบุรี,อบต.บางไผ่,0.0
2566,เมษายน,นนทบุรี,เมืองนนทบุรี,อบต.บางรักน้อย,0.0
2566,พฤษภาคม,นนทบุรี,ไทรน้อย,เทศบาลตำบลไทรน้อย,0.0
2566,พฤษภาคม,นนทบุรี,ไทรน้อย,อบต.ขุนศรี,0.0
2566,พฤษภาคม,นนทบุรี,ไทรน้อย,อบต.คลองขวาง,0.0
2566,พฤษภาคม,นนทบุรี,ไทรน้อย,อบต.ทวีวัฒนา,0.0
2566,พฤษภาคม,นนทบุรี,ไทรน้อย,อบต.ไทรน้อย,0.0
2566,พฤษภาคม,นนทบุรี,ไทรน้อย,อบต.ไทรใหญ่,0.0
2566,พฤษภาคม,นนทบุรี,ไทรน้อย,อบต.ราษฎร์นิยม,0.0
2566,พฤษภาคม,นนทบุรี,ไทรน้อย,อบต.หนองเพรางาย,50.0
2566,พฤษภาคม,นนทบุรี,บางกรวย,เทศบาลเมืองบางกรวย,0.0
2566,พฤษภาคม,นนทบุรี,บางกรวย,เทศบาลตำบลบางสีทอง,0.0
2566,พฤษภาคม,นนทบุรี,บางกรวย,เทศบาลตำบลปลายบาง,0.0
2566,พฤษภาคม,นนทบุรี,บางกรวย,เทศบาลตำบลศาลากลาง,0.0
2566,พฤษภาคม,นนทบุรี,บางกรวย,อบต.บางขนุน,0.0
2566,พฤษภาคม,นนทบุรี,บางกรวย,อบต.บางขุนกอง,0.0
2566,พฤษภาคม,นนทบุรี,บางกรวย,อบต.มหาสวัสดิ์,0.0
2566,พฤษภาคม,นนทบุรี,บางบัวทอง,เทศบาลนครบางบัวทอง,0.79
2566,พฤษภาคม,นนทบุรี,บางบัวทอง,เทศบาลเมืองบางคูรัด,0.0
2566,พฤษภาคม,นนทบุรี,บางบัวทอง,เทศบาลเมืองบางรักพัฒนา,0.0
2566,พฤษภาคม,นนทบุรี,บางบัวทอง,เทศบาลเมืองพิมลราช,0.0
2566,พฤษภาคม,นนทบุรี,บางบัวทอง,เทศบาลเมืองใหม่บางบัวทอง,0.05
2566,พฤษภาคม,นนทบุรี,บางบัวทอง,อบต.บางรักใหญ่,0.0
2566,พฤษภาคม,นนทบุรี,บางบัวทอง,อบต.ละหาร,0.0
2566,พฤษภาคม,นนทบุรี,บางบัวทอง,อบต.ลำโพ,0.0
2566,พฤษภาคม,นนทบุรี,บางใหญ่,เทศบาลเมืองบางแม่นาง,0.0
2566,พฤษภาคม,นนทบุรี,บางใหญ่,เทศบาลเมืองเสาธงหิน,0.0
2566,พฤษภาคม,นนทบุรี,บางใหญ่,เทศบาลตำบลบางม่วง,0.0
2566,พฤษภาคม,นนทบุรี,บางใหญ่,เทศบาลตำบลบางเลน,0.0
2566,พฤษภาคม,นนทบุรี,บางใหญ่,เทศบาลตำบลบางใหญ่,0.0
2566,พฤษภาคม,นนทบุรี,บางใหญ่,อบต.บางใหญ่,0.0
2566,พฤษภาคม,นนทบุรี,บางใหญ่,อบต.บ้านใหม่,0.0
2566,พฤษภาคม,นนทบุรี,ปากเกร็ด,เทศบาลนครปากเกร็ด,0.0
2566,พฤษภาคม,นนทบุรี,ปากเกร็ด,เทศบาลตำบลบางพลับ,0.0
2566,พฤษภาคม,นนทบุรี,ปากเกร็ด,อบต.เกาะเกร็ด,0.0
2566,พฤษภาคม,นนทบุรี,ปากเกร็ด,อบต.คลองข่อย,36.0
2566,พฤษภาคม,นนทบุรี,ปากเกร็ด,อบต.คลองพระอุดม,20.0
2566,พฤษภาคม,นนทบุรี,ปากเกร็ด,อบต.ท่าอิฐ,0.0
2566,พฤษภาคม,นนทบุรี,ปากเกร็ด,อบต.บางตะไนย์,0.0
2566,พฤษภาคม,นนทบุรี,ปากเกร็ด,อบต.อ้อมเกร็ด,0.0
2566,พฤษภาคม,นนทบุรี,เมืองนนทบุรี,เทศบาลนครนนทบุรี,0.0
2566,พฤษภาคม,นนทบุรี,เมืองนนทบุรี,เทศบาลเมืองไทรม้า,0.0
2566,พฤษภาคม,นนทบุรี,เมืองนนทบุรี,เทศบาลเมืองบางกร่าง,0.0
2566,พฤษภาคม,นนทบุรี,เมืองนนทบุรี,เทศบาลเมืองบางศรีเมือง,2.43
2566,พฤษภาคม,นนทบุรี,เมืองนนทบุรี,อบต.บางไผ่,0.0
2566,พฤษภาคม,นนทบุรี,เมืองนนทบุรี,อบต.บางรักน้อย,0.0
2566,มิถุนายน,นนทบุรี,ไทรน้อย,เทศบาลตำบลไทรน้อย,0.0
2566,มิถุนายน,นนทบุรี,ไทรน้อย,อบต.ขุนศรี,0.0
2566,มิถุนายน,นนทบุรี,ไทรน้อย,อบต.คลองขวาง,0.0
2566,มิถุนายน,นนทบุรี,ไทรน้อย,อบต.ทวีวัฒนา,0.0
2566,มิถุนายน,นนทบุรี,ไทรน้อย,อบต.ไทรน้อย,0.0
2566,มิถุนายน,นนทบุรี,ไทรน้อย,อบต.ไทรใหญ่,0.0
2566,มิถุนายน,นนทบุรี,ไทรน้อย,อบต.ราษฎร์นิยม,0.0
2566,มิถุนายน,นนทบุรี,ไทรน้อย,อบต.หนองเพรางาย,20.0
2566,มิถุนายน,นนทบุรี,บางกรวย,เทศบาลเมืองบางกรวย,0.0
2566,มิถุนายน,นนทบุรี,บางกรวย,เทศบาลตำบลบางสีทอง,0.0
2566,มิถุนายน,นนทบุรี,บางกรวย,เทศบาลตำบลปลายบาง,0.0
2566,มิถุนายน,นนทบุรี,บางกรวย,เทศบาลตำบลศาลากลาง,0.0
2566,มิถุนายน,นนทบุรี,บางกรวย,อบต.บางขนุน,0.0
2566,มิถุนายน,นนทบุรี,บางกรวย,อบต.บางขุนกอง,0.0
2566,มิถุนายน,นนทบุรี,บางกรวย,อบต.มหาสวัสดิ์,0.0
2566,มิถุนายน,นนทบุรี,บางบัวทอง,เทศบาลนครบางบัวทอง,1.46
2566,มิถุนายน,นนทบุรี,บางบัวทอง,เทศบาลเมืองบางคูรัด,0.0
2566,มิถุนายน,นนทบุรี,บางบัวทอง,เทศบาลเมืองบางรักพัฒนา,0.0
2566,มิถุนายน,นนทบุรี,บางบัวทอง,เทศบาลเมืองพิมลราช,0.0
2566,มิถุนายน,นนทบุรี,บางบัวทอง,เทศบาลเมืองใหม่บางบัวทอง,0.07
2566,มิถุนายน,นนทบุรี,บางบัวทอง,อบต.บางรักใหญ่,0.0
2566,มิถุนายน,นนทบุรี,บางบัวทอง,อบต.ละหาร,0.0
2566,มิถุนายน,นนทบุรี,บางบัวทอง,อบต.ลำโพ,0.0
2566,มิถุนายน,นนทบุรี,บางใหญ่,เทศบาลเมืองบางแม่นาง,0.0
2566,มิถุนายน,นนทบุรี,บางใหญ่,เทศบาลเมืองเสาธงหิน,0.0
2566,มิถุนายน,นนทบุรี,บางใหญ่,เทศบาลตำบลบางม่วง,0.0
2566,มิถุนายน,นนทบุรี,บางใหญ่,เทศบาลตำบลบางเลน,0.0
2566,มิถุนายน,นนทบุรี,บางใหญ่,เทศบาลตำบลบางใหญ่,0.0
2566,มิถุนายน,นนทบุรี,บางใหญ่,อบต.บางใหญ่,0.0
2566,มิถุนายน,นนทบุรี,บางใหญ่,อบต.บ้านใหม่,0.0
2566,มิถุนายน,นนทบุรี,ปากเกร็ด,เทศบาลนครปากเกร็ด,0.0
2566,มิถุนายน,นนทบุรี,ปากเกร็ด,เทศบาลตำบลบางพลับ,0.0
2566,มิถุนายน,นนทบุรี,ปากเกร็ด,อบต.เกาะเกร็ด,0.0
2566,มิถุนายน,นนทบุรี,ปากเกร็ด,อบต.คลองข่อย,30.0
2566,มิถุนายน,นนทบุรี,ปากเกร็ด,อบต.คลองพระอุดม,6.0
2566,มิถุนายน,นนทบุรี,ปากเกร็ด,อบต.ท่าอิฐ,0.0
2566,มิถุนายน,นนทบุรี,ปากเกร็ด,อบต.บางตะไนย์,0.0
2566,มิถุนายน,นนทบุรี,ปากเกร็ด,อบต.อ้อมเกร็ด,0.0
2566,มิถุนายน,นนทบุรี,เมืองนนทบุรี,เทศบาลนครนนทบุรี,0.0
2566,มิถุนายน,นนทบุรี,เมืองนนทบุรี,เทศบาลเมืองไทรม้า,0.0
2566,มิถุนายน,นนทบุรี,เมืองนนทบุรี,เทศบาลเมืองบางกร่าง,0.0
2566,มิถุนายน,นนทบุรี,เมืองนนทบุรี,เทศบาลเมืองบางศรีเมือง,2.35
2566,มิถุนายน,นนทบุรี,เมืองนนทบุรี,อบต.บางไผ่,0.0
2566,มิถุนายน,นนทบุรี,เมืองนนทบุรี,อบต.บางรักน้อย,0.0
2566,กรกฎาคม,นนทบุรี,ไทรน้อย,เทศบาลตำบลไทรน้อย,0.0
2566,กรกฎาคม,นนทบุรี,ไทรน้อย,อบต.ขุนศรี,0.0
2566,กรกฎาคม,นนทบุรี,ไทรน้อย,อบต.คลองขวาง,0.0
2566,กรกฎาคม,นนทบุรี,ไทรน้อย,อบต.ทวีวัฒนา,0.0
2566,กรกฎาคม,นนทบุรี,ไทรน้อย,อบต.ไทรน้อย,0.0
2566,กรกฎาคม,นนทบุรี,ไทรน้อย,อบต.ไทรใหญ่,0.0
2566,กรกฎาคม,นนทบุรี,ไทรน้อย,อบต.ราษฎร์นิยม,0.0
2566,กรกฎาคม,นนทบุรี,ไทรน้อย,อบต.หนองเพรางาย,50.0
2566,กรกฎาคม,นนทบุรี,บางกรวย,เทศบาลเมืองบางกรวย,0.0
2566,กรกฎาคม,นนทบุรี,บางกรวย,เทศบาลตำบลบางสีทอง,0.0
2566,กรกฎาคม,นนทบุรี,บางกรวย,เทศบาลตำบลปลายบาง,1991.08
2566,กรกฎาคม,นนทบุรี,บางกรวย,เทศบาลตำบลศาลากลาง,0.0
2566,กรกฎาคม,นนทบุรี,บางกรวย,อบต.บางขนุน,0.0
2566,กรกฎาคม,นนทบุรี,บางกรวย,อบต.บางขุนกอง,0.0
2566,กรกฎาคม,นนทบุรี,บางกรวย,อบต.มหาสวัสดิ์,0.0
2566,กรกฎาคม,นนทบุรี,บางบัวทอง,เทศบาลนครบางบัวทอง,2.3
2566,กรกฎาคม,นนทบุรี,บางบัวทอง,เทศบาลเมืองบางคูรัด,0.0
2566,กรกฎาคม,นนทบุรี,บางบัวทอง,เทศบาลเมืองบางรักพัฒนา,0.0
2566,กรกฎาคม,นนทบุรี,บางบัวทอง,เทศบาลเมืองพิมลราช,0.0
2566,กรกฎาคม,นนทบุรี,บางบัวทอง,เทศบาลเมืองใหม่บางบัวทอง,0.09
2566,กรกฎาคม,นนทบุรี,บางบัวทอง,อบต.บางรักใหญ่,0.0
2566,กรกฎาคม,นนทบุรี,บางบัวทอง,อบต.ละหาร,0.0
2566,กรกฎาคม,นนทบุรี,บางบัวทอง,อบต.ลำโพ,0.0
2566,กรกฎาคม,นนทบุรี,บางใหญ่,เทศบาลเมืองบางแม่นาง,0.0
2566,กรกฎาคม,นนทบุรี,บางใหญ่,เทศบาลเมืองเสาธงหิน,0.0
2566,กรกฎาคม,นนทบุรี,บางใหญ่,เทศบาลตำบลบางม่วง,0.0
2566,กรกฎาคม,นนทบุรี,บางใหญ่,เทศบาลตำบลบางเลน,0.0
2566,กรกฎาคม,นนทบุรี,บางใหญ่,เทศบาลตำบลบางใหญ่,0.0
2566,กรกฎาคม,นนทบุรี,บางใหญ่,อบต.บางใหญ่,0.0
2566,กรกฎาคม,นนทบุรี,บางใหญ่,อบต.บ้านใหม่,0.0
2566,กรกฎาคม,นนทบุรี,ปากเกร็ด,เทศบาลนครปากเกร็ด,0.0
2566,กรกฎาคม,นนทบุรี,ปากเกร็ด,เทศบาลตำบลบางพลับ,0.0
2566,กรกฎาคม,นนทบุรี,ปากเกร็ด,อบต.เกาะเกร็ด,0.0
2566,กรกฎาคม,นนทบุรี,ปากเกร็ด,อบต.คลองข่อย,0.3
2566,กรกฎาคม,นนทบุรี,ปากเกร็ด,อบต.คลองพระอุดม,0.05
2566,กรกฎาคม,นนทบุรี,ปากเกร็ด,อบต.ท่าอิฐ,0.0
2566,กรกฎาคม,นนทบุรี,ปากเกร็ด,อบต.บางตะไนย์,12.86
2566,กรกฎาคม,นนทบุรี,ปากเกร็ด,อบต.อ้อมเกร็ด,0.0
2566,กรกฎาคม,นนทบุรี,เมืองนนทบุรี,เทศบาลนครนนทบุรี,0.0
2566,กรกฎาคม,นนทบุรี,เมืองนนทบุรี,เทศบาลเมืองไทรม้า,0.0
2566,กรกฎาคม,นนทบุรี,เมืองนนทบุรี,เทศบาลเมืองบางกร่าง,0.0
2566,กรกฎาคม,นนทบุรี,เมืองนนทบุรี,เทศบาลเมืองบางศรีเมือง,2.28
2566,กรกฎาคม,นนทบุรี,เมืองนนทบุรี,อบต.บางไผ่,0.0
2566,กรกฎาคม,นนทบุรี,เมืองนนทบุรี,อบต.บางรักน้อย,0.0
2566,สิงหาคม,นนทบุรี,ไทรน้อย,เทศบาลตำบลไทรน้อย,0.0
2566,สิงหาคม,นนทบุรี,ไทรน้อย,อบต.ขุนศรี,0.0
2566,สิงหาคม,นนทบุรี,ไทรน้อย,อบต.คลองขวาง,0.0
2566,สิงหาคม,นนทบุรี,ไทรน้อย,อบต.ทวีวัฒนา,0.0
2566,สิงหาคม,นนทบุรี,ไทรน้อย,อบต.ไทรน้อย,0.0
2566,สิงหาคม,นนทบุรี,ไทรน้อย,อบต.ไทรใหญ่,0.0
2566,สิงหาคม,นนทบุรี,ไทรน้อย,อบต.ราษฎร์นิยม,0.0
2566,สิงหาคม,นนทบุรี,ไทรน้อย,อบต.หนองเพรางาย,20.0
2566,สิงหาคม,นนทบุรี,บางกรวย,เทศบาลเมืองบางกรวย,0.0
2566,สิงหาคม,นนทบุรี,บางกรวย,เทศบาลตำบลบางสีทอง,0.0
2566,สิงหาคม,นนทบุรี,บางกรวย,เทศบาลตำบลปลายบาง,0.0
2566,สิงหาคม,นนทบุรี,บางกรวย,เทศบาลตำบลศาลากลาง,0.0
2566,สิงหาคม,นนทบุรี,บางกรวย,อบต.บางขนุน,0.0
2566,สิงหาคม,นนทบุรี,บางกรวย,อบต.บางขุนกอง,0.0
2566,สิงหาคม,นนทบุรี,บางกรวย,อบต.มหาสวัสดิ์,0.0
2566,สิงหาคม,นนทบุรี,บางบัวทอง,เทศบาลนครบางบัวทอง,2.07
2566,สิงหาคม,นนทบุรี,บางบัวทอง,เทศบาลเมืองบางคูรัด,0.0
2566,สิงหาคม,นนทบุรี,บางบัวทอง,เทศบาลเมืองบางรักพัฒนา,0.0
2566,สิงหาคม,นนทบุรี,บางบัวทอง,เทศบาลเมืองพิมลราช,0.0
2566,สิงหาคม,นนทบุรี,บางบัวทอง,เทศบาลเมืองใหม่บางบัวทอง,0.07
2566,สิงหาคม,นนทบุรี,บางบัวทอง,อบต.บางรักใหญ่,0.0
2566,สิงหาคม,นนทบุรี,บางบัวทอง,อบต.ละหาร,0.0
2566,สิงหาคม,นนทบุรี,บางบัวทอง,อบต.ลำโพ,0.0
2566,สิงหาคม,นนทบุรี,บางใหญ่,เทศบาลเมืองบางแม่นาง,0.0
2566,สิงหาคม,นนทบุรี,บางใหญ่,เทศบาลเมืองเสาธงหิน,0.0
2566,สิงหาคม,นนทบุรี,บางใหญ่,เทศบาลตำบลบางม่วง,0.0
2566,สิงหาคม,นนทบุรี,บางใหญ่,เทศบาลตำบลบางเลน,0.0
2566,สิงหาคม,นนทบุรี,บางใหญ่,เทศบาลตำบลบางใหญ่,0.0
2566,สิงหาคม,นนทบุรี,บางใหญ่,อบต.บางใหญ่,0.0
2566,สิงหาคม,นนทบุรี,บางใหญ่,อบต.บ้านใหม่,0.0
2566,สิงหาคม,นนทบุรี,ปากเกร็ด,เทศบาลนครปากเกร็ด,0.0
2566,สิงหาคม,นนทบุรี,ปากเกร็ด,เทศบาลตำบลบางพลับ,0.0
2566,สิงหาคม,นนทบุรี,ปากเกร็ด,อบต.เกาะเกร็ด,0.0
2566,สิงหาคม,นนทบุรี,ปากเกร็ด,อบต.คลองข่อย,0.3
2566,สิงหาคม,นนทบุรี,ปากเกร็ด,อบต.คลองพระอุดม,2.85
2566,สิงหาคม,นนทบุรี,ปากเกร็ด,อบต.ท่าอิฐ,0.0
2566,สิงหาคม,นนทบุรี,ปากเกร็ด,อบต.บางตะไนย์,0.0
2566,สิงหาคม,นนทบุรี,ปากเกร็ด,อบต.อ้อมเกร็ด,0.0
2566,สิงหาคม,นนทบุรี,เมืองนนทบุรี,เทศบาลนครนนทบุรี,0.0
2566,สิงหาคม,นนทบุรี,เมืองนนทบุรี,เทศบาลเมืองไทรม้า,0.0
2566,สิงหาคม,นนทบุรี,เมืองนนทบุรี,เทศบาลเมืองบางกร่าง,0.0
2566,สิงหาคม,นนทบุรี,เมืองนนทบุรี,เทศบาลเมืองบางศรีเมือง,2.29
2566,สิงหาคม,นนทบุรี,เมืองนนทบุรี,อบต.บางไผ่,0.0
2566,สิงหาคม,นนทบุรี,เมืองนนทบุรี,อบต.บางรักน้อย,0.0
2566,กันยายน,นนทบุรี,ไทรน้อย,เทศบาลตำบลไทรน้อย,0.0
2566,กันยายน,นนทบุรี,ไทรน้อย,อบต.ขุนศรี,0.0
2566,กันยายน,นนทบุรี,ไทรน้อย,อบต.คลองขวาง,0.0
2566,กันยายน,นนทบุรี,ไทรน้อย,อบต.ทวีวัฒนา,0.0
2566,กันยายน,นนทบุรี,ไทรน้อย,อบต.ไทรน้อย,0.0
2566,กันยายน,นนทบุรี,ไทรน้อย,อบต.ไทรใหญ่,0.0
2566,กันยายน,นนทบุรี,ไทรน้อย,อบต.ราษฎร์นิยม,0.0
2566,กันยายน,นนทบุรี,ไทรน้อย,อบต.หนองเพรางาย,50.0
2566,กันยายน,นนทบุรี,บางกรวย,เทศบาลเมืองบางกรวย,0.0
2566,กันยายน,นนทบุรี,บางกรวย,เทศบาลตำบลบางสีทอง,0.0
2566,กันยายน,นนทบุรี,บางกรวย,เทศบาลตำบลปลายบาง,0.0
2566,กันยายน,นนทบุรี,บางกรวย,เทศบาลตำบลศาลากลาง,0.0
2566,กันยายน,นนทบุรี,บางกรวย,อบต.บางขนุน,0.0
2566,กันยายน,นนทบุรี,บางกรวย,อบต.บางขุนกอง,0.0
2566,กันยายน,นนทบุรี,บางกรวย,อบต.มหาสวัสดิ์,0.0
2566,กันยายน,นนทบุรี,บางบัวทอง,เทศบาลนครบางบัวทอง,1.94
2566,กันยายน,นนทบุรี,บางบัวทอง,เทศบาลเมืองบางคูรัด,0.0
2566,กันยายน,นนทบุรี,บางบัวทอง,เทศบาลเมืองบางรักพัฒนา,0.0
2566,กันยายน,นนทบุรี,บางบัวทอง,เทศบาลเมืองพิมลราช,0.0
2566,กันยายน,นนทบุรี,บางบัวทอง,เทศบาลเมืองใหม่บางบัวทอง,0.07
2566,กันยายน,นนทบุรี,บางบัวทอง,อบต.บางรักใหญ่,0.0
2566,กันยายน,นนทบุรี,บางบัวทอง,อบต.ละหาร,0.0
2566,กันยายน,นนทบุรี,บางบัวทอง,อบต.ลำโพ,0.0
2566,กันยายน,นนทบุรี,บางใหญ่,เทศบาลเมืองบางแม่นาง,0.0
2566,กันยายน,นนทบุรี,บางใหญ่,เทศบาลเมืองเสาธงหิน,0.0
2566,กันยายน,นนทบุรี,บางใหญ่,เทศบาลตำบลบางม่วง,0.0
2566,กันยายน,นนทบุรี,บางใหญ่,เทศบาลตำบลบางเลน,0.0
2566,กันยายน,นนทบุรี,บางใหญ่,เทศบาลตำบลบางใหญ่,0.0
2566,กันยายน,นนทบุรี,บางใหญ่,อบต.บางใหญ่,0.0
2566,กันยายน,นนทบุรี,บางใหญ่,อบต.บ้านใหม่,0.0
2566,กันยายน,นนทบุรี,ปากเกร็ด,เทศบาลนครปากเกร็ด,0.0
2566,กันยายน,นนทบุรี,ปากเกร็ด,เทศบาลตำบลบางพลับ,0.0
2566,กันยายน,นนทบุรี,ปากเกร็ด,อบต.เกาะเกร็ด,0.0
2566,กันยายน,นนทบุรี,ปากเกร็ด,อบต.คลองข่อย,0.0
2566,กันยายน,นนทบุรี,ปากเกร็ด,อบต.คลองพระอุดม,1.6
2566,กันยายน,นนทบุรี,ปากเกร็ด,อบต.ท่าอิฐ,0.0
2566,กันยายน,นนทบุรี,ปากเกร็ด,อบต.บางตะไนย์,7.71
2566,กันยายน,นนทบุรี,ปากเกร็ด,อบต.อ้อมเกร็ด,0.0
2566,กันยายน,นนทบุรี,เมืองนนทบุรี,เทศบาลนครนนทบุรี,0.0
2566,กันยายน,นนทบุรี,เมืองนนทบุรี,เทศบาลเมืองไทรม้า,0.0
2566,กันยายน,นนทบุรี,เมืองนนทบุรี,เทศบาลเมืองบางกร่าง,0.0
2566,กันยายน,นนทบุรี,เมืองนนทบุรี,เทศบาลเมืองบางศรีเมือง,2.29
2566,กันยายน,นนทบุรี,เมืองนนทบุรี,อบต.บางไผ่,0.0
2566,กันยายน,นนทบุรี,เมืองนนทบุรี,อบต.บางรักน้อย,0.0
2566,ตุลาคม,นนทบุรี,ไทรน้อย,เทศบาลตำบลไทรน้อย,0.0
2566,ตุลาคม,นนทบุรี,ไทรน้อย,อบต.ขุนศรี,0.0
2566,ตุลาคม,นนทบุรี,ไทรน้อย,อบต.คลองขวาง,0.0
2566,ตุลาคม,นนทบุรี,ไทรน้อย,อบต.ทวีวัฒนา,0.0
2566,ตุลาคม,นนทบุรี,ไทรน้อย,อบต.ไทรน้อย,0.0
2566,ตุลาคม,นนทบุรี,ไทรน้อย,อบต.ไทรใหญ่,0.0
2566,ตุลาคม,นนทบุรี,ไทรน้อย,อบต.ราษฎร์นิยม,0.0
2566,ตุลาคม,นนทบุรี,ไทรน้อย,อบต.หนองเพรางาย,50.0
2566,ตุลาคม,นนทบุรี,บางกรวย,เทศบาลเมืองบางกรวย,5.0
2566,ตุลาคม,นนทบุรี,บางกรวย,เทศบาลตำบลบางสีทอง,0.0
2566,ตุลาคม,นนทบุรี,บางกรวย,เทศบาลตำบลปลายบาง,0.0
2566,ตุลาคม,นนทบุรี,บางกรวย,เทศบาลตำบลศาลากลาง,0.0
2566,ตุลาคม,นนทบุรี,บางกรวย,อบต.บางขนุน,0.0
2566,ตุลาคม,นนทบุรี,บางกรวย,อบต.บางขุนกอง,0.0
2566,ตุลาคม,นนทบุรี,บางกรวย,อบต.มหาสวัสดิ์,0.0
2566,ตุลาคม,นนทบุรี,บางบัวทอง,เทศบาลนครบางบัวทอง,44.18
2566,ตุลาคม,นนทบุรี,บางบัวทอง,เทศบาลเมืองบางคูรัด,0.0
2566,ตุลาคม,นนทบุรี,บางบัวทอง,เทศบาลเมืองบางรักพัฒนา,0.0
2566,ตุลาคม,นนทบุรี,บางบัวทอง,เทศบาลเมืองพิมลราช,0.0
2566,ตุลาคม,นนทบุรี,บางบัวทอง,เทศบาลเมืองใหม่บางบัวทอง,0.11
2566,ตุลาคม,นนทบุรี,บางบัวทอง,อบต.บางรักใหญ่,0.0
2566,ตุลาคม,นนทบุรี,บางบัวทอง,อบต.ละหาร,0.0
2566,ตุลาคม,นนทบุรี,บางบัวทอง,อบต.ลำโพ,0.0
2566,ตุลาคม,นนทบุรี,บางใหญ่,เทศบาลเมืองบางแม่นาง,30.97
2566,ตุลาคม,นนทบุรี,บางใหญ่,เทศบาลเมืองเสาธงหิน,0.0
2566,ตุลาคม,นนทบุรี,บางใหญ่,เทศบาลตำบลบางม่วง,0.0
2566,ตุลาคม,นนทบุรี,บางใหญ่,เทศบาลตำบลบางเลน,0.0
2566,ตุลาคม,นนทบุรี,บางใหญ่,เทศบาลตำบลบางใหญ่,0.0
2566,ตุลาคม,นนทบุรี,บางใหญ่,อบต.บางใหญ่,0.0
2566,ตุลาคม,นนทบุรี,บางใหญ่,อบต.บ้านใหม่,0.0
2566,ตุลาคม,นนทบุรี,ปากเกร็ด,เทศบาลนครปากเกร็ด,0.0
2566,ตุลาคม,นนทบุรี,ปากเกร็ด,เทศบาลตำบลบางพลับ,0.0
2566,ตุลาคม,นนทบุรี,ปากเกร็ด,อบต.เกาะเกร็ด,0.0
2566,ตุลาคม,นนทบุรี,ปากเกร็ด,อบต.คลองข่อย,36.0
2566,ตุลาคม,นนทบุรี,ปากเกร็ด,อบต.คลองพระอุดม,0.0
2566,ตุลาคม,นนทบุรี,ปากเกร็ด,อบต.ท่าอิฐ,0.0
2566,ตุลาคม,นนทบุรี,ปากเกร็ด,อบต.บางตะไนย์,0.0
2566,ตุลาคม,นนทบุรี,ปากเกร็ด,อบต.อ้อมเกร็ด,0.0
2566,ตุลาคม,นนทบุรี,เมืองนนทบุรี,เทศบาลนครนนทบุรี,0.0
2566,ตุลาคม,นนทบุรี,เมืองนนทบุรี,เทศบาลเมืองไทรม้า,0.0
2566,ตุลาคม,นนทบุรี,เมืองนนทบุรี,เทศบาลเมืองบางกร่าง,0.0
2566,ตุลาคม,นนทบุรี,เมืองนนทบุรี,เทศบาลเมืองบางศรีเมือง,2.24
2566,ตุลาคม,นนทบุรี,เมืองนนทบุรี,อบต.บางไผ่,0.0
2566,ตุลาคม,นนทบุรี,เมืองนนทบุรี,อบต.บางรักน้อย,0.0
2566,พฤศจิกายน,นนทบุรี,ไทรน้อย,เทศบาลตำบลไทรน้อย,0.0
2566,พฤศจิกายน,นนทบุรี,ไทรน้อย,อบต.ขุนศรี,0.0
2566,พฤศจิกายน,นนทบุรี,ไทรน้อย,อบต.คลองขวาง,0.0
2566,พฤศจิกายน,นนทบุรี,ไทรน้อย,อบต.ทวีวัฒนา,0.0
2566,พฤศจิกายน,นนทบุรี,ไทรน้อย,อบต.ไทรน้อย,0.0
2566,พฤศจิกายน,นนทบุรี,ไทรน้อย,อบต.ไทรใหญ่,0.0
2566,พฤศจิกายน,นนทบุรี,ไทรน้อย,อบต.ราษฎร์นิยม,0.0
2566,พฤศจิกายน,นนทบุรี,ไทรน้อย,อบต.หนองเพรางาย,50.0
2566,พฤศจิกายน,นนทบุรี,บางกรวย,เทศบาลเมืองบางกรวย,35.0
2566,พฤศจิกายน,นนทบุรี,บางกรวย,เทศบาลตำบลบางสีทอง,0.0
2566,พฤศจิกายน,นนทบุรี,บางกรวย,เทศบาลตำบลปลายบาง,0.0
2566,พฤศจิกายน,นนทบุรี,บางกรวย,เทศบาลตำบลศาลากลาง,0.0
2566,พฤศจิกายน,นนทบุรี,บางกรวย,อบต.บางขนุน,0.0
2566,พฤศจิกายน,นนทบุรี,บางกรวย,อบต.บางขุนกอง,0.0
2566,พฤศจิกายน,นนทบุรี,บางกรวย,อบต.มหาสวัสดิ์,0.0
2566,พฤศจิกายน,นนทบุรี,บางบัวทอง,เทศบาลนครบางบัวทอง,0.68
2566,พฤศจิกายน,นนทบุรี,บางบัวทอง,เทศบาลเมืองบางคูรัด,0.0
2566,พฤศจิกายน,นนทบุรี,บางบัวทอง,เทศบาลเมืองบางรักพัฒนา,0.0
2566,พฤศจิกายน,นนทบุรี,บางบัวทอง,เทศบาลเมืองพิมลราช,0.0
2566,พฤศจิกายน,นนทบุรี,บางบัวทอง,เทศบาลเมืองใหม่บางบัวทอง,0.06
2566,พฤศจิกายน,นนทบุรี,บางบัวทอง,อบต.บางรักใหญ่,0.0
2566,พฤศจิกายน,นนทบุรี,บางบัวทอง,อบต.ละหาร,0.0
2566,พฤศจิกายน,นนทบุรี,บางบัวทอง,อบต.ลำโพ,0.0
2566,พฤศจิกายน,นนทบุรี,บางใหญ่,เทศบาลเมืองบางแม่นาง,0.0
2566,พฤศจิกายน,นนทบุรี,บางใหญ่,เทศบาลเมืองเสาธงหิน,0.0
2566,พฤศจิกายน,นนทบุรี,บางใหญ่,เทศบาลตำบลบางม่วง,0.0
2566,พฤศจิกายน,นนทบุรี,บางใหญ่,เทศบาลตำบลบางเลน,0.0
2566,พฤศจิกายน,นนทบุรี,บางใหญ่,เทศบาลตำบลบางใหญ่,0.0
2566,พฤศจิกายน,นนทบุรี,บางใหญ่,อบต.บางใหญ่,0.0
2566,พฤศจิกายน,นนทบุรี,บางใหญ่,อบต.บ้านใหม่,0.0
2566,พฤศจิกายน,นนทบุรี,ปากเกร็ด,เทศบาลนครปากเกร็ด,0.0
2566,พฤศจิกายน,นนทบุรี,ปากเกร็ด,เทศบาลตำบลบางพลับ,0.0
2566,พฤศจิกายน,นนทบุรี,ปากเกร็ด,อบต.เกาะเกร็ด,0.0
2566,พฤศจิกายน,นนทบุรี,ปากเกร็ด,อบต.คลองข่อย,240.0
2566,พฤศจิกายน,นนทบุรี,ปากเกร็ด,อบต.คลองพระอุดม,0.0
2566,พฤศจิกายน,นนทบุรี,ปากเกร็ด,อบต.ท่าอิฐ,0.0
2566,พฤศจิกายน,นนทบุรี,ปากเกร็ด,อบต.บางตะไนย์,0.0
2566,พฤศจิกายน,นนทบุรี,ปากเกร็ด,อบต.อ้อมเกร็ด,0.0
2566,พฤศจิกายน,นนทบุรี,เมืองนนทบุรี,เทศบาลนครนนทบุรี,0.0
2566,พฤศจิกายน,นนทบุรี,เมืองนนทบุรี,เทศบาลเมืองไทรม้า,0.0
2566,พฤศจิกายน,นนทบุรี,เมืองนนทบุรี,เทศบาลเมืองบางกร่าง,0.0
2566,พฤศจิกายน,นนทบุรี,เมืองนนทบุรี,เทศบาลเมืองบางศรีเมือง,2.13
2566,พฤศจิกายน,นนทบุรี,เมืองนนทบุรี,อบต.บางไผ่,0.0
2566,พฤศจิกายน,นนทบุรี,เมืองนนทบุรี,อบต.บางรักน้อย,0.0
2566,ธันวาคม,นนทบุรี,ไทรน้อย,เทศบาลตำบลไทรน้อย,0.0
2566,ธันวาคม,นนทบุรี,ไทรน้อย,อบต.ขุนศรี,0.0
2566,ธันวาคม,นนทบุรี,ไทรน้อย,อบต.คลองขวาง,0.0
2566,ธันวาคม,นนทบุรี,ไทรน้อย,อบต.ทวีวัฒนา,0.0
2566,ธันวาคม,นนทบุรี,ไทรน้อย,อบต.ไทรน้อย,0.0
2566,ธันวาคม,นนทบุรี,ไทรน้อย,อบต.ไทรใหญ่,0.0
2566,ธันวาคม,นนทบุรี,ไทรน้อย,อบต.ราษฎร์นิยม,0.0
2566,ธันวาคม,นนทบุรี,ไทรน้อย,อบต.หนองเพรางาย,50.0
2566,ธันวาคม,นนทบุรี,บางกรวย,เทศบาลเมืองบางกรวย,25.0
2566,ธันวาคม,นนทบุรี,บางกรวย,เทศบาลตำบลบางสีทอง,0.0
2566,ธันวาคม,นนทบุรี,บางกรวย,เทศบาลตำบลปลายบาง,0.0
2566,ธันวาคม,นนทบุรี,บางกรวย,เทศบาลตำบลศาลากลาง,0.0
2566,ธันวาคม,นนทบุรี,บางกรวย,อบต.บางขนุน,0.0
2566,ธันวาคม,นนทบุรี,บางกรวย,อบต.บางขุนกอง,0.0
2566,ธันวาคม,นนทบุรี,บางกรวย,อบต.มหาสวัสดิ์,0.0
2566,ธันวาคม,นนทบุรี,บางบัวทอง,เทศบาลนครบางบัวทอง,0.75
2566,ธันวาคม,นนทบุรี,บางบัวทอง,เทศบาลเมืองบางคูรัด,0.0
2566,ธันวาคม,นนทบุรี,บางบัวทอง,เทศบาลเมืองบางรักพัฒนา,0.0
2566,ธันวาคม,นนทบุรี,บางบัวทอง,เทศบาลเมืองพิมลราช,0.0
2566,ธันวาคม,นนทบุรี,บางบัวทอง,เทศบาลเมืองใหม่บางบัวทอง,0.09
2566,ธันวาคม,นนทบุรี,บางบัวทอง,อบต.บางรักใหญ่,0.0
2566,ธันวาคม,นนทบุรี,บางบัวทอง,อบต.ละหาร,0.0
2566,ธันวาคม,นนทบุรี,บางบัวทอง,อบต.ลำโพ,0.0
2566,ธันวาคม,นนทบุรี,บางใหญ่,เทศบาลเมืองบางแม่นาง,0.0
2566,ธันวาคม,นนทบุรี,บางใหญ่,เทศบาลเมืองเสาธงหิน,0.0
2566,ธันวาคม,นนทบุรี,บางใหญ่,เทศบาลตำบลบางม่วง,0.0
2566,ธันวาคม,นนทบุรี,บางใหญ่,เทศบาลตำบลบางเลน,0.0
2566,ธันวาคม,นนทบุรี,บางใหญ่,เทศบาลตำบลบางใหญ่,0.0
2566,ธันวาคม,นนทบุรี,บางใหญ่,อบต.บางใหญ่,0.0
2566,ธันวาคม,นนทบุรี,บางใหญ่,อบต.บ้านใหม่,0.0
2566,ธันวาคม,นนทบุรี,ปากเกร็ด,เทศบาลนครปากเกร็ด,0.0
2566,ธันวาคม,นนทบุรี,ปากเกร็ด,เทศบาลตำบลบางพลับ,0.0
2566,ธันวาคม,นนทบุรี,ปากเกร็ด,อบต.เกาะเกร็ด,0.0
2566,ธันวาคม,นนทบุรี,ปากเกร็ด,อบต.คลองข่อย,32.0
2566,ธันวาคม,นนทบุรี,ปากเกร็ด,อบต.คลองพระอุดม,0.0
2566,ธันวาคม,นนทบุรี,ปากเกร็ด,อบต.ท่าอิฐ,0.0
2566,ธันวาคม,นนทบุรี,ปากเกร็ด,อบต.บางตะไนย์,42.0
2566,ธันวาคม,นนทบุรี,ปากเกร็ด,อบต.อ้อมเกร็ด,0.0
2566,ธันวาคม,นนทบุรี,เมืองนนทบุรี,เทศบาลนครนนทบุรี,0.0
2566,ธันวาคม,นนทบุรี,เมืองนนทบุรี,เทศบาลเมืองไทรม้า,0.0
2566,ธันวาคม,นนทบุรี,เมืองนนทบุรี,เทศบาลเมืองบางกร่าง,0.0
2566,ธันวาคม,นนทบุรี,เมืองนนทบุรี,เทศบาลเมืองบางศรีเมือง,2.16
2566,ธันวาคม,นนทบุรี,เมืองนนทบุรี,อบต.บางไผ่,0.0
2566,ธันวาคม,นนทบุรี,เมืองนนทบุรี,อบต.บางรักน้อย,0.0
2567,มกราคม,นนทบุรี,ไทรน้อย,เทศบาลตำบลไทรน้อย,0.0
2567,มกราคม,นนทบุรี,ไทรน้อย,อบต.ขุนศรี,0.0
2567,มกราคม,นนทบุรี,ไทรน้อย,อบต.คลองขวาง,0.0
2567,มกราคม,นนทบุรี,ไทรน้อย,อบต.ทวีวัฒนา,0.0
2567,มกราคม,นนทบุรี,ไทรน้อย,อบต.ไทรน้อย,0.0
2567,มกราคม,นนทบุรี,ไทรน้อย,อบต.ไทรใหญ่,0.0
2567,มกราคม,นนทบุรี,ไทรน้อย,อบต.ราษฎร์นิยม,0.0
2567,มกราคม,นนทบุรี,ไทรน้อย,อบต.หนองเพรางาย,50.0
2567,มกราคม,นนทบุรี,บางกรวย,เทศบาลเมืองบางกรวย,0.0
2567,มกราคม,นนทบุรี,บางกรวย,เทศบาลตำบลบางสีทอง,0.0
2567,มกราคม,นนทบุรี,บางกรวย,เทศบาลตำบลปลายบาง,0.0
2567,มกราคม,นนทบุรี,บางกรวย,เทศบาลตำบลศาลากลาง,0.0
2567,มกราคม,นนทบุรี,บางกรวย,อบต.บางขนุน,0.0
2567,มกราคม,นนทบุรี,บางกรวย,อบต.บางขุนกอง,0.0
2567,มกราคม,นนทบุรี,บางกรวย,อบต.มหาสวัสดิ์,0.0
2567,มกราคม,นนทบุรี,บางบัวทอง,เทศบาลนครบางบัวทอง,2.55
2567,มกราคม,นนทบุรี,บางบัวทอง,เทศบาลเมืองบางคูรัด,0.0
2567,มกราคม,นนทบุรี,บางบัวทอง,เทศบาลเมืองบางรักพัฒนา,0.0
2567,มกราคม,นนทบุรี,บางบัวทอง,เทศบาลเมืองพิมลราช,0.0
2567,มกราคม,นนทบุรี,บางบัวทอง,เทศบาลเมืองใหม่บางบัวทอง,0.09
2567,มกราคม,นนทบุรี,บางบัวทอง,อบต.บางรักใหญ่,0.0
2567,มกราคม,นนทบุรี,บางบัวทอง,อบต.ละหาร,0.0
2567,มกราคม,นนทบุรี,บางบัวทอง,อบต.ลำโพ,0.0
2567,มกราคม,นนทบุรี,บางใหญ่,เทศบาลเมืองบางแม่นาง,0.0
2567,มกราคม,นนทบุรี,บางใหญ่,เทศบาลเมืองเสาธงหิน,0.0
2567,มกราคม,นนทบุรี,บางใหญ่,เทศบาลตำบลบางม่วง,0.0
2567,มกราคม,นนทบุรี,บางใหญ่,เทศบาลตำบลบางเลน,0.0
2567,มกราคม,นนทบุรี,บางใหญ่,เทศบาลตำบลบางใหญ่,0.0
2567,มกราคม,นนทบุรี,บางใหญ่,อบต.บางใหญ่,0.0
2567,มกราคม,นนทบุรี,บางใหญ่,อบต.บ้านใหม่,0.0
2567,มกราคม,นนทบุรี,ปากเกร็ด,เทศบาลนครปากเกร็ด,0.0
2567,มกราคม,นนทบุรี,ปากเกร็ด,เทศบาลตำบลบางพลับ,0.0
2567,มกราคม,นนทบุรี,ปากเกร็ด,อบต.เกาะเกร็ด,0.0
2567,มกราคม,นนทบุรี,ปากเกร็ด,อบต.คลองข่อย,0.3
2567,มกราคม,นนทบุรี,ปากเกร็ด,อบต.คลองพระอุดม,3.0
2567,มกราคม,นนทบุรี,ปากเกร็ด,อบต.ท่าอิฐ,0.0
2567,มกราคม,นนทบุรี,ปากเกร็ด,อบต.บางตะไนย์,12.73
2567,มกราคม,นนทบุรี,ปากเกร็ด,อบต.อ้อมเกร็ด,0.0
2567,มกราคม,นนทบุรี,เมืองนนทบุรี,เทศบาลนครนนทบุรี,0.0
2567,มกราคม,นนทบุรี,เมืองนนทบุรี,เทศบาลเมืองไทรม้า,0.0
2567,มกราคม,นนทบุรี,เมืองนนทบุรี,เทศบาลเมืองบางกร่าง,0.0
2567,มกราคม,นนทบุรี,เมืองนนทบุรี,เทศบาลเมืองบางศรีเมือง,2.27
2567,มกราคม,นนทบุรี,เมืองนนทบุรี,อบต.บางไผ่,0.0
2567,มกราคม,นนทบุรี,เมืองนนทบุรี,อบต.บางรักน้อย,0.0
2567,กุมภาพันธ์,นนทบุรี,ไทรน้อย,เทศบาลตำบลไทรน้อย,0.0
2567,กุมภาพันธ์,นนทบุรี,ไทรน้อย,อบต.ขุนศรี,0.0
2567,กุมภาพันธ์,นนทบุรี,ไทรน้อย,อบต.คลองขวาง,0.0
2567,กุมภาพันธ์,นนทบุรี,ไทรน้อย,อบต.ทวีวัฒนา,0.0
2567,กุมภาพันธ์,นนทบุรี,ไทรน้อย,อบต.ไทรน้อย,0.0
2567,กุมภาพันธ์,นนทบุรี,ไทรน้อย,อบต.ไทรใหญ่,0.0
2567,กุมภาพันธ์,นนทบุรี,ไทรน้อย,อบต.ราษฎร์นิยม,0.0
2567,กุมภาพันธ์,นนทบุรี,ไทรน้อย,อบต.หนองเพรางาย,50.0
2567,กุมภาพันธ์,นนทบุรี,บางกรวย,เทศบาลเมืองบางกรวย,0.0
2567,กุมภาพันธ์,นนทบุรี,บางกรวย,เทศบาลตำบลบางสีทอง,0.0
2567,กุมภาพันธ์,นนทบุรี,บางกรวย,เทศบาลตำบลปลายบาง,0.0
2567,กุมภาพันธ์,นนทบุรี,บางกรวย,เทศบาลตำบลศาลากลาง,0.0
2567,กุมภาพันธ์,นนทบุรี,บางกรวย,อบต.บางขนุน,0.0
2567,กุมภาพันธ์,นนทบุรี,บางกรวย,อบต.บางขุนกอง,0.0
2567,กุมภาพันธ์,นนทบุรี,บางกรวย,อบต.มหาสวัสดิ์,0.0
2567,กุมภาพันธ์,นนทบุรี,บางบัวทอง,เทศบาลนครบางบัวทอง,5.95
2567,กุมภาพันธ์,นนทบุรี,บางบัวทอง,เทศบาลเมืองบางคูรัด,0.0
2567,กุมภาพันธ์,นนทบุรี,บางบัวทอง,เทศบาลเมืองบางรักพัฒนา,0.0
2567,กุมภาพันธ์,นนทบุรี,บางบัวทอง,เทศบาลเมืองพิมลราช,0.0
2567,กุมภาพันธ์,นนทบุรี,บางบัวทอง,เทศบาลเมืองใหม่บางบัวทอง,0.07
2567,กุมภาพันธ์,นนทบุรี,บางบัวทอง,อบต.บางรักใหญ่,0.0
2567,กุมภาพันธ์,นนทบุรี,บางบัวทอง,อบต.ละหาร,0.0
2567,กุมภาพันธ์,นนทบุรี,บางบัวทอง,อบต.ลำโพ,0.0
2567,กุมภาพันธ์,นนทบุรี,บางใหญ่,เทศบาลเมืองบางแม่นาง,0.0
2567,กุมภาพันธ์,นนทบุรี,บางใหญ่,เทศบาลเมืองเสาธงหิน,0.0
2567,กุมภาพันธ์,นนทบุรี,บางใหญ่,เทศบาลตำบลบางม่วง,0.0
2567,กุมภาพันธ์,นนทบุรี,บางใหญ่,เทศบาลตำบลบางเลน,0.0
2567,กุมภาพันธ์,นนทบุรี,บางใหญ่,เทศบาลตำบลบางใหญ่,0.0
2567,กุมภาพันธ์,นนทบุรี,บางใหญ่,อบต.บางใหญ่,0.0
2567,กุมภาพันธ์,นนทบุรี,บางใหญ่,อบต.บ้านใหม่,0.0
2567,กุมภาพันธ์,นนทบุรี,ปากเกร็ด,เทศบาลนครปากเกร็ด,0.0
2567,กุมภาพันธ์,นนทบุรี,ปากเกร็ด,เทศบาลตำบลบางพลับ,0.0
2567,กุมภาพันธ์,นนทบุรี,ปากเกร็ด,อบต.เกาะเกร็ด,0.0
2567,กุมภาพันธ์,นนทบุรี,ปากเกร็ด,อบต.คลองข่อย,0.3
2567,กุมภาพันธ์,นนทบุรี,ปากเกร็ด,อบต.คลองพระอุดม,1.0
2567,กุมภาพันธ์,นนทบุรี,ปากเกร็ด,อบต.ท่าอิฐ,0.0
2567,กุมภาพันธ์,นนทบุรี,ปากเกร็ด,อบต.บางตะไนย์,8.57
2567,กุมภาพันธ์,นนทบุรี,ปากเกร็ด,อบต.อ้อมเกร็ด,0.0
2567,กุมภาพันธ์,นนทบุรี,เมืองนนทบุรี,เทศบาลนครนนทบุรี,0.0
2567,กุมภาพันธ์,นนทบุรี,เมืองนนทบุรี,เทศบาลเมืองไทรม้า,0.0
2567,กุมภาพันธ์,นนทบุรี,เมืองนนทบุรี,เทศบาลเมืองบางกร่าง,0.0
2567,กุมภาพันธ์,นนทบุรี,เมืองนนทบุรี,เทศบาลเมืองบางศรีเมือง,0.21
2567,กุมภาพันธ์,นนทบุรี,เมืองนนทบุรี,อบต.บางไผ่,0.0
2567,กุมภาพันธ์,นนทบุรี,เมืองนนทบุรี,อบต.บางรักน้อย,0.0
2567,มีนาคม,นนทบุรี,ไทรน้อย,เทศบาลตำบลไทรน้อย,0.0
2567,มีนาคม,นนทบุรี,ไทรน้อย,อบต.ขุนศรี,0.0
2567,มีนาคม,นนทบุรี,ไทรน้อย,อบต.คลองขวาง,0.0
2567,มีนาคม,นนทบุรี,ไทรน้อย,อบต.ทวีวัฒนา,0.0
2567,มีนาคม,นนทบุรี,ไทรน้อย,อบต.ไทรน้อย,0.0
2567,มีนาคม,นนทบุรี,ไทรน้อย,อบต.ไทรใหญ่,0.0
2567,มีนาคม,นนทบุรี,ไทรน้อย,อบต.ราษฎร์นิยม,0.0
2567,มีนาคม,นนทบุรี,ไทรน้อย,อบต.หนองเพรางาย,50.0
2567,มีนาคม,นนทบุรี,บางกรวย,เทศบาลเมืองบางกรวย,0.0
2567,มีนาคม,นนทบุรี,บางกรวย,เทศบาลตำบลบางสีทอง,0.0
2567,มีนาคม,นนทบุรี,บางกรวย,เทศบาลตำบลปลายบาง,0.0
2567,มีนาคม,นนทบุรี,บางกรวย,เทศบาลตำบลศาลากลาง,0.0
2567,มีนาคม,นนทบุรี,บางกรวย,อบต.บางขนุน,0.0
2567,มีนาคม,นนทบุรี,บางกรวย,อบต.บางขุนกอง,0.0
2567,มีนาคม,นนทบุรี,บางกรวย,อบต.มหาสวัสดิ์,0.0
2567,มีนาคม,นนทบุรี,บางบัวทอง,เทศบาลนครบางบัวทอง,1.97
2567,มีนาคม,นนทบุรี,บางบัวทอง,เทศบาลเมืองบางคูรัด,0.0
2567,มีนาคม,นนทบุรี,บางบัวทอง,เทศบาลเมืองบางรักพัฒนา,0.0
2567,มีนาคม,นนทบุรี,บางบัวทอง,เทศบาลเมืองพิมลราช,0.0
2567,มีนาคม,นนทบุรี,บางบัวทอง,เทศบาลเมืองใหม่บางบัวทอง,0.09
2567,มีนาคม,นนทบุรี,บางบัวทอง,อบต.บางรักใหญ่,0.0
2567,มีนาคม,นนทบุรี,บางบัวทอง,อบต.ละหาร,0.0
2567,มีนาคม,นนทบุรี,บางบัวทอง,อบต.ลำโพ,0.0
2567,มีนาคม,นนทบุรี,บางใหญ่,เทศบาลเมืองบางแม่นาง,0.0
2567,มีนาคม,นนทบุรี,บางใหญ่,เทศบาลเมืองเสาธงหิน,0.0
2567,มีนาคม,นนทบุรี,บางใหญ่,เทศบาลตำบลบางม่วง,0.0
2567,มีนาคม,นนทบุรี,บางใหญ่,เทศบาลตำบลบางเลน,0.0
2567,มีนาคม,นนทบุรี,บางใหญ่,เทศบาลตำบลบางใหญ่,0.0
2567,มีนาคม,นนทบุรี,บางใหญ่,อบต.บางใหญ่,0.0
2567,มีนาคม,นนทบุรี,บางใหญ่,อบต.บ้านใหม่,0.0
2567,มีนาคม,นนทบุรี,ปากเกร็ด,เทศบาลนครปากเกร็ด,0.0
2567,มีนาคม,นนทบุรี,ปากเกร็ด,เทศบาลตำบลบางพลับ,0.0
2567,มีนาคม,นนทบุรี,ปากเกร็ด,อบต.เกาะเกร็ด,0.0
2567,มีนาคม,นนทบุรี,ปากเกร็ด,อบต.คลองข่อย,0.3
2567,มีนาคม,นนทบุรี,ปากเกร็ด,อบต.คลองพระอุดม,0.0
2567,มีนาคม,นนทบุรี,ปากเกร็ด,อบต.ท่าอิฐ,0.0
2567,มีนาคม,นนทบุรี,ปากเกร็ด,อบต.บางตะไนย์,21.27
2567,มีนาคม,นนทบุรี,ปากเกร็ด,อบต.อ้อมเกร็ด,0.0
2567,มีนาคม,นนทบุรี,เมืองนนทบุรี,เทศบาลนครนนทบุรี,0.0
2567,มีนาคม,นนทบุรี,เมืองนนทบุรี,เทศบาลเมืองไทรม้า,0.0
2567,มีนาคม,นนทบุรี,เมืองนนทบุรี,เทศบาลเมืองบางกร่าง,0.0
2567,มีนาคม,นนทบุรี,เมืองนนทบุรี,เทศบาลเมืองบางศรีเมือง,0.22
2567,มีนาคม,นนทบุรี,เมืองนนทบุรี,อบต.บางไผ่,0.0
2567,มีนาคม,นนทบุรี,เมืองนนทบุรี,อบต.บางรักน้อย,0.0
2567,เมษายน,นนทบุรี,ไทรน้อย,เทศบาลตำบลไทรน้อย,0.0
2567,เมษายน,นนทบุรี,ไทรน้อย,อบต.ขุนศรี,0.0
2567,เมษายน,นนทบุรี,ไทรน้อย,อบต.คลองขวาง,0.0
2567,เมษายน,นนทบุรี,ไทรน้อย,อบต.ทวีวัฒนา,0.0
2567,เมษายน,นนทบุรี,ไทรน้อย,อบต.ไทรน้อย,0.0
2567,เมษายน,นนทบุรี,ไทรน้อย,อบต.ไทรใหญ่,0.0
2567,เมษายน,นนทบุรี,ไทรน้อย,อบต.ราษฎร์นิยม,0.0
2567,เมษายน,นนทบุรี,ไทรน้อย,อบต.หนองเพรางาย,50.0
2567,เมษายน,นนทบุรี,บางกรวย,เทศบาลเมืองบางกรวย,0.0
2567,เมษายน,นนทบุรี,บางกรวย,เทศบาลตำบลบางสีทอง,0.0
2567,เมษายน,นนทบุรี,บางกรวย,เทศบาลตำบลปลายบาง,0.0
2567,เมษายน,นนทบุรี,บางกรวย,เทศบาลตำบลศาลากลาง,0.0
2567,เมษายน,นนทบุรี,บางกรวย,อบต.บางขนุน,0.0
2567,เมษายน,นนทบุรี,บางกรวย,อบต.บางขุนกอง,0.0
2567,เมษายน,นนทบุรี,บางกรวย,อบต.มหาสวัสดิ์,0.0
2567,เมษายน,นนทบุรี,บางบัวทอง,เทศบาลนครบางบัวทอง,1.78
2567,เมษายน,นนทบุรี,บางบัวทอง,เทศบาลเมืองบางคูรัด,0.0
2567,เมษายน,นนทบุรี,บางบัวทอง,เทศบาลเมืองบางรักพัฒนา,0.0
2567,เมษายน,นนทบุรี,บางบัวทอง,เทศบาลเมืองพิมลราช,0.0
2567,เมษายน,นนทบุรี,บางบัวทอง,เทศบาลเมืองใหม่บางบัวทอง,0.09
2567,เมษายน,นนทบุรี,บางบัวทอง,อบต.บางรักใหญ่,0.0
2567,เมษายน,นนทบุรี,บางบัวทอง,อบต.ละหาร,0.0
2567,เมษายน,นนทบุรี,บางบัวทอง,อบต.ลำโพ,0.0
2567,เมษายน,นนทบุรี,บางใหญ่,เทศบาลเมืองบางแม่นาง,0.0
2567,เมษายน,นนทบุรี,บางใหญ่,เทศบาลเมืองเสาธงหิน,0.0
2567,เมษายน,นนทบุรี,บางใหญ่,เทศบาลตำบลบางม่วง,0.0
2567,เมษายน,นนทบุรี,บางใหญ่,เทศบาลตำบลบางเลน,0.0
2567,เมษายน,นนทบุรี,บางใหญ่,เทศบาลตำบลบางใหญ่,0.0
2567,เมษายน,นนทบุรี,บางใหญ่,อบต.บางใหญ่,0.0
2567,เมษายน,นนทบุรี,บางใหญ่,อบต.บ้านใหม่,0.0
2567,เมษายน,นนทบุรี,ปากเกร็ด,เทศบาลนครปากเกร็ด,0.0
2567,เมษายน,นนทบุรี,ปากเกร็ด,เทศบาลตำบลบางพลับ,0.0
2567,เมษายน,นนทบุรี,ปากเกร็ด,อบต.เกาะเกร็ด,0.0
2567,เมษายน,นนทบุรี,ปากเกร็ด,อบต.คลองข่อย,0.3
2567,เมษายน,นนทบุรี,ปากเกร็ด,อบต.คลองพระอุดม,0.0
2567,เมษายน,นนทบุรี,ปากเกร็ด,อบต.ท่าอิฐ,0.0
2567,เมษายน,นนทบุรี,ปากเกร็ด,อบต.บางตะไนย์,12.86
2567,เมษายน,นนทบุรี,ปากเกร็ด,อบต.อ้อมเกร็ด,0.0
2567,เมษายน,นนทบุรี,เมืองนนทบุรี,เทศบาลนครนนทบุรี,0.0
2567,เมษายน,นนทบุรี,เมืองนนทบุรี,เทศบาลเมืองไทรม้า,0.0
2567,เมษายน,นนทบุรี,เมืองนนทบุรี,เทศบาลเมืองบางกร่าง,0.0
2567,เมษายน,นนทบุรี,เมืองนนทบุรี,เทศบาลเมืองบางศรีเมือง,0.22
2567,เมษายน,นนทบุรี,เมืองนนทบุรี,อบต.บางไผ่,0.0
2567,เมษายน,นนทบุรี,เมืองนนทบุรี,อบต.บางรักน้อย,0.0
2567,พฤษภาคม,นนทบุรี,ไทรน้อย,เทศบาลตำบลไทรน้อย,0.0
2567,พฤษภาคม,นนทบุรี,ไทรน้อย,อบต.ขุนศรี,0.0
2567,พฤษภาคม,นนทบุรี,ไทรน้อย,อบต.คลองขวาง,0.0
2567,พฤษภาคม,นนทบุรี,ไทรน้อย,อบต.ทวีวัฒนา,0.0
2567,พฤษภาคม,นนทบุรี,ไทรน้อย,อบต.ไทรน้อย,0.0
2567,พฤษภาคม,นนทบุรี,ไทรน้อย,อบต.ไทรใหญ่,0.0
2567,พฤษภาคม,นนทบุรี,ไทรน้อย,อบต.ราษฎร์นิยม,0.0
2567,พฤษภาคม,นนทบุรี,ไทรน้อย,อบต.หนองเพรางาย,50.0
2567,พฤษภาคม,นนทบุรี,บางกรวย,เทศบาลเมืองบางกรวย,0.0
2567,พฤษภาคม,นนทบุรี,บางกรวย,เทศบาลตำบลบางสีทอง,0.0
2567,พฤษภาคม,นนทบุรี,บางกรวย,เทศบาลตำบลศาลากลาง,0.0
2567,พฤษภาคม,นนทบุรี,บางกรวย,อบต.บางขนุน,0.0
2567,พฤษภาคม,นนทบุรี,บางกรวย,อบต.บางขุนกอง,0.0
2567,พฤษภาคม,นนทบุรี,บางกรวย,อบต.มหาสวัสดิ์,0.0
2567,พฤษภาคม,นนทบุรี,บางบัวทอง,เทศบาลนครบางบัวทอง,14.38
2567,พฤษภาคม,นนทบุรี,บางบัวทอง,เทศบาลเมืองบางคูรัด,0.0
2567,พฤษภาคม,นนทบุรี,บางบัวทอง,เทศบาลเมืองบางรักพัฒนา,0.0
2567,พฤษภาคม,นนทบุรี,บางบัวทอง,เทศบาลเมืองพิมลราช,0.0
2567,พฤษภาคม,นนทบุรี,บางบัวทอง,เทศบาลเมืองใหม่บางบัวทอง,0.03
2567,พฤษภาคม,นนทบุรี,บางบัวทอง,อบต.บางรักใหญ่,0.0
2567,พฤษภาคม,นนทบุรี,บางบัวทอง,อบต.ละหาร,0.0
2567,พฤษภาคม,นนทบุรี,บางใหญ่,เทศบาลเมืองบางแม่นาง,0.0
2567,พฤษภาคม,นนทบุรี,บางใหญ่,เทศบาลเมืองเสาธงหิน,0.0
2567,พฤษภาคม,นนทบุรี,บางใหญ่,เทศบาลตำบลบางม่วง,0.0
2567,พฤษภาคม,นนทบุรี,บางใหญ่,เทศบาลตำบลบางเลน,0.0
2567,พฤษภาคม,นนทบุรี,บางใหญ่,เทศบาลตำบลบางใหญ่,0.0
2567,พฤษภาคม,นนทบุรี,บางใหญ่,อบต.บางใหญ่,0.0
2567,พฤษภาคม,นนทบุรี,บางใหญ่,อบต.บ้านใหม่,0.0
2567,พฤษภาคม,นนทบุรี,ปากเกร็ด,เทศบาลนครปากเกร็ด,0.0
2567,พฤษภาคม,นนทบุรี,ปากเกร็ด,เทศบาลตำบลบางพลับ,0.0
2567,พฤษภาคม,นนทบุรี,ปากเกร็ด,อบต.เกาะเกร็ด,0.0
2567,พฤษภาคม,นนทบุรี,ปากเกร็ด,อบต.คลองข่อย,0.3
2567,พฤษภาคม,นนทบุรี,ปากเกร็ด,อบต.คลองพระอุดม,0.0
2567,พฤษภาคม,นนทบุรี,ปากเกร็ด,อบต.ท่าอิฐ,0.0
2567,พฤษภาคม,นนทบุรี,ปากเกร็ด,อบต.บางตะไนย์,12.86
2567,พฤษภาคม,นนทบุรี,ปากเกร็ด,อบต.อ้อมเกร็ด,0.0
2567,พฤษภาคม,นนทบุรี,เมืองนนทบุรี,เทศบาลนครนนทบุรี,0.0
2567,พฤษภาคม,นนทบุรี,เมืองนนทบุรี,เทศบาลเมืองไทรม้า,0.0
2567,พฤษภาคม,นนทบุรี,เมืองนนทบุรี,เทศบาลเมืองบางศรีเมือง,2.3
2567,พฤษภาคม,นนทบุรี,เมืองนนทบุรี,อบต.บางไผ่,0.0
2567,พฤษภาคม,นนทบุรี,เมืองนนทบุรี,อบต.บางรักน้อย,0.0
2567,มิถุนายน,นนทบุรี,ไทรน้อย,เทศบาลตำบลไทรน้อย,0.0
2567,มิถุนายน,นนทบุรี,ไทรน้อย,อบต.ขุนศรี,0.0
2567,มิถุนายน,นนทบุรี,ไทรน้อย,อบต.คลองขวาง,0.0
2567,มิถุนายน,นนทบุรี,ไทรน้อย,อบต.ทวีวัฒนา,0.0
2567,มิถุนายน,นนทบุรี,ไทรน้อย,อบต.ไทรน้อย,0.0
2567,มิถุนายน,นนทบุรี,ไทรน้อย,อบต.ไทรใหญ่,0.0
2567,มิถุนายน,นนทบุรี,ไทรน้อย,อบต.ราษฎร์นิยม,0.0
2567,มิถุนายน,นนทบุรี,ไทรน้อย,อบต.หนองเพรางาย,50.0
2567,มิถุนายน,นนทบุรี,บางกรวย,เทศบาลเมืองบางกรวย,0.0
2567,มิถุนายน,นนทบุรี,บางกรวย,เทศบาลตำบลบางสีทอง,0.0
2567,มิถุนายน,นนทบุรี,บางกรวย,เทศบาลตำบลศาลากลาง,0.0
2567,มิถุนายน,นนทบุรี,บางกรวย,อบต.บางขนุน,0.0
2567,มิถุนายน,นนทบุรี,บางกรวย,อบต.บางขุนกอง,0.0
2567,มิถุนายน,นนทบุรี,บางกรวย,อบต.มหาสวัสดิ์,0.0
2567,มิถุนายน,นนทบุรี,บางบัวทอง,เทศบาลนครบางบัวทอง,16.42
2567,มิถุนายน,นนทบุรี,บางบัวทอง,เทศบาลเมืองบางคูรัด,0.0
2567,มิถุนายน,นนทบุรี,บางบัวทอง,เทศบาลเมืองบางรักพัฒนา,0.0
2567,มิถุนายน,นนทบุรี,บางบัวทอง,เทศบาลเมืองพิมลราช,0.0
2567,มิถุนายน,นนทบุรี,บางบัวทอง,เทศบาลเมืองใหม่บางบัวทอง,0.07
2567,มิถุนายน,นนทบุรี,บางบัวทอง,อบต.บางรักใหญ่,0.0
2567,มิถุนายน,นนทบุรี,บางบัวทอง,อบต.ละหาร,0.0
2567,มิถุนายน,นนทบุรี,บางใหญ่,เทศบาลเมืองบางแม่นาง,0.0
2567,มิถุนายน,นนทบุรี,บางใหญ่,เทศบาลเมืองเสาธงหิน,0.0
2567,มิถุนายน,นนทบุรี,บางใหญ่,เทศบาลตำบลบางม่วง,0.0
2567,มิถุนายน,นนทบุรี,บางใหญ่,เทศบาลตำบลบางเลน,0.0
2567,มิถุนายน,นนทบุรี,บางใหญ่,เทศบาลตำบลบางใหญ่,0.0
2567,มิถุนายน,นนทบุรี,บางใหญ่,อบต.บางใหญ่,0.0
2567,มิถุนายน,นนทบุรี,บางใหญ่,อบต.บ้านใหม่,0.0
2567,มิถุนายน,นนทบุรี,ปากเกร็ด,เทศบาลนครปากเกร็ด,0.0
2567,มิถุนายน,นนทบุรี,ปากเกร็ด,เทศบาลตำบลบางพลับ,0.0
2567,มิถุนายน,นนทบุรี,ปากเกร็ด,อบต.เกาะเกร็ด,0.0
2567,มิถุนายน,นนทบุรี,ปากเกร็ด,อบต.คลองข่อย,0.3
2567,มิถุนายน,นนทบุรี,ปากเกร็ด,อบต.คลองพระอุดม,0.0
2567,มิถุนายน,นนทบุรี,ปากเกร็ด,อบต.ท่าอิฐ,0.0
2567,มิถุนายน,นนทบุรี,ปากเกร็ด,อบต.บางตะไนย์,28.8
2567,มิถุนายน,นนทบุรี,ปากเกร็ด,อบต.อ้อมเกร็ด,0.0
2567,มิถุนายน,นนทบุรี,เมืองนนทบุรี,เทศบาลนครนนทบุรี,0.0
2567,มิถุนายน,นนทบุรี,เมืองนนทบุรี,เทศบาลเมืองไทรม้า,0.0
2567,มิถุนายน,นนทบุรี,เมืองนนทบุรี,เทศบาลเมืองบางศรีเมือง,2.07
2567,มิถุนายน,นนทบุรี,เมืองนนทบุรี,อบต.บางไผ่,0.0
2567,มิถุนายน,นนทบุรี,เมืองนนทบุรี,อบต.บางรักน้อย,0.0
2567,กรกฎาคม,นนทบุรี,ไทรน้อย,เทศบาลตำบลไทรน้อย,0.0
2567,กรกฎาคม,นนทบุรี,ไทรน้อย,อบต.ขุนศรี,0.0
2567,กรกฎาคม,นนทบุรี,ไทรน้อย,อบต.คลองขวาง,0.0
2567,กรกฎาคม,นนทบุรี,ไทรน้อย,อบต.ทวีวัฒนา,0.0
2567,กรกฎาคม,นนทบุรี,ไทรน้อย,อบต.ไทรน้อย,0.0
2567,กรกฎาคม,นนทบุรี,ไทรน้อย,อบต.ไทรใหญ่,0.0
2567,กรกฎาคม,นนทบุรี,ไทรน้อย,อบต.ราษฎร์นิยม,0.0
2567,กรกฎาคม,นนทบุรี,ไทรน้อย,อบต.หนองเพรางาย,50.0
2567,กรกฎาคม,นนทบุรี,บางกรวย,เทศบาลเมืองบางกรวย,0.0
2567,กรกฎาคม,นนทบุรี,บางกรวย,เทศบาลตำบลบางสีทอง,0.0
2567,กรกฎาคม,นนทบุรี,บางกรวย,เทศบาลตำบลศาลากลาง,0.0
2567,กรกฎาคม,นนทบุรี,บางกรวย,อบต.บางขนุน,0.0
2567,กรกฎาคม,นนทบุรี,บางกรวย,อบต.บางขุนกอง,0.0
2567,กรกฎาคม,นนทบุรี,บางกรวย,อบต.มหาสวัสดิ์,0.0
2567,กรกฎาคม,นนทบุรี,บางบัวทอง,เทศบาลนครบางบัวทอง,14.5
2567,กรกฎาคม,นนทบุรี,บางบัวทอง,เทศบาลเมืองบางคูรัด,0.0
2567,กรกฎาคม,นนทบุรี,บางบัวทอง,เทศบาลเมืองบางรักพัฒนา,0.0
2567,กรกฎาคม,นนทบุรี,บางบัวทอง,เทศบาลเมืองพิมลราช,0.0
2567,กรกฎาคม,นนทบุรี,บางบัวทอง,เทศบาลเมืองใหม่บางบัวทอง,0.06
2567,กรกฎาคม,นนทบุรี,บางบัวทอง,อบต.บางรักใหญ่,0.0
2567,กรกฎาคม,นนทบุรี,บางบัวทอง,อบต.ละหาร,0.0
2567,กรกฎาคม,นนทบุรี,บางใหญ่,เทศบาลเมืองบางแม่นาง,0.0
2567,กรกฎาคม,นนทบุรี,บางใหญ่,เทศบาลเมืองเสาธงหิน,0.0
2567,กรกฎาคม,นนทบุรี,บางใหญ่,เทศบาลตำบลบางม่วง,0.0
2567,กรกฎาคม,นนทบุรี,บางใหญ่,เทศบาลตำบลบางเลน,0.0
2567,กรกฎาคม,นนทบุรี,บางใหญ่,เทศบาลตำบลบางใหญ่,0.0
2567,กรกฎาคม,นนทบุรี,บางใหญ่,อบต.บางใหญ่,0.0
2567,กรกฎาคม,นนทบุรี,บางใหญ่,อบต.บ้านใหม่,0.0
2567,กรกฎาคม,นนทบุรี,ปากเกร็ด,เทศบาลนครปากเกร็ด,0.0
2567,กรกฎาคม,นนทบุรี,ปากเกร็ด,เทศบาลตำบลบางพลับ,0.0
2567,กรกฎาคม,นนทบุรี,ปากเกร็ด,อบต.เกาะเกร็ด,0.0
2567,กรกฎาคม,นนทบุรี,ปากเกร็ด,อบต.คลองข่อย,0.3
2567,กรกฎาคม,นนทบุรี,ปากเกร็ด,อบต.คลองพระอุดม,0.0
2567,กรกฎาคม,นนทบุรี,ปากเกร็ด,อบต.ท่าอิฐ,0.0
2567,กรกฎาคม,นนทบุรี,ปากเกร็ด,อบต.บางตะไนย์,12.86
2567,กรกฎาคม,นนทบุรี,ปากเกร็ด,อบต.อ้อมเกร็ด,0.0
2567,กรกฎาคม,นนทบุรี,เมืองนนทบุรี,เทศบาลนครนนทบุรี,0.0
2567,กรกฎาคม,นนทบุรี,เมืองนนทบุรี,เทศบาลเมืองไทรม้า,0.0
2567,กรกฎาคม,นนทบุรี,เมืองนนทบุรี,เทศบาลเมืองบางศรีเมือง,2.26
2567,กรกฎาคม,นนทบุรี,เมืองนนทบุรี,อบต.บางไผ่,0.0
2567,กรกฎาคม,นนทบุรี,เมืองนนทบุรี,อบต.บางรักน้อย,0.0
2567,สิงหาคม,นนทบุรี,ไทรน้อย,เทศบาลตำบลไทรน้อย,0.0
2567,สิงหาคม,นนทบุรี,ไทรน้อย,อบต.ขุนศรี,0.0
2567,สิงหาคม,นนทบุรี,ไทรน้อย,อบต.คลองขวาง,0.0
2567,สิงหาคม,นนทบุรี,ไทรน้อย,อบต.ทวีวัฒนา,0.0
2567,สิงหาคม,นนทบุรี,ไทรน้อย,อบต.ไทรน้อย,0.0
2567,สิงหาคม,นนทบุรี,ไทรน้อย,อบต.ไทรใหญ่,0.0
2567,สิงหาคม,นนทบุรี,ไทรน้อย,อบต.ราษฎร์นิยม,0.0
2567,สิงหาคม,นนทบุรี,ไทรน้อย,อบต.หนองเพรางาย,50.0
2567,สิงหาคม,นนทบุรี,บางกรวย,เทศบาลเมืองบางกรวย,0.0
2567,สิงหาคม,นนทบุรี,บางกรวย,เทศบาลตำบลบางสีทอง,0.0
2567,สิงหาคม,นนทบุรี,บางกรวย,เทศบาลตำบลศาลากลาง,0.0
2567,สิงหาคม,นนทบุรี,บางกรวย,อบต.บางขนุน,0.0
2567,สิงหาคม,นนทบุรี,บางกรวย,อบต.บางขุนกอง,0.0
2567,สิงหาคม,นนทบุรี,บางกรวย,อบต.มหาสวัสดิ์,0.0
2567,สิงหาคม,นนทบุรี,บางบัวทอง,เทศบาลนครบางบัวทอง,13.72
2567,สิงหาคม,นนทบุรี,บางบัวทอง,เทศบาลเมืองบางคูรัด,0.0
2567,สิงหาคม,นนทบุรี,บางบัวทอง,เทศบาลเมืองบางรักพัฒนา,0.0
2567,สิงหาคม,นนทบุรี,บางบัวทอง,เทศบาลเมืองพิมลราช,0.0
2567,สิงหาคม,นนทบุรี,บางบัวทอง,เทศบาลเมืองใหม่บางบัวทอง,0.09
2567,สิงหาคม,นนทบุรี,บางบัวทอง,อบต.บางรักใหญ่,0.0
2567,สิงหาคม,นนทบุรี,บางบัวทอง,อบต.ละหาร,0.0
2567,สิงหาคม,นนทบุรี,บางใหญ่,เทศบาลเมืองบางแม่นาง,0.0
2567,สิงหาคม,นนทบุรี,บางใหญ่,เทศบาลเมืองเสาธงหิน,0.0
2567,สิงหาคม,นนทบุรี,บางใหญ่,เทศบาลตำบลบางม่วง,0.0
2567,สิงหาคม,นนทบุรี,บางใหญ่,เทศบาลตำบลบางเลน,0.0
2567,สิงหาคม,นนทบุรี,บางใหญ่,เทศบาลตำบลบางใหญ่,0.0
2567,สิงหาคม,นนทบุรี,บางใหญ่,อบต.บางใหญ่,0.0
2567,สิงหาคม,นนทบุรี,บางใหญ่,อบต.บ้านใหม่,0.0
2567,สิงหาคม,นนทบุรี,ปากเกร็ด,เทศบาลนครปากเกร็ด,0.0
2567,สิงหาคม,นนทบุรี,ปากเกร็ด,เทศบาลตำบลบางพลับ,0.0
2567,สิงหาคม,นนทบุรี,ปากเกร็ด,อบต.เกาะเกร็ด,0.0
2567,สิงหาคม,นนทบุรี,ปากเกร็ด,อบต.คลองข่อย,0.3
2567,สิงหาคม,นนทบุรี,ปากเกร็ด,อบต.คลองพระอุดม,0.0
2567,สิงหาคม,นนทบุรี,ปากเกร็ด,อบต.ท่าอิฐ,0.0
2567,สิงหาคม,นนทบุรี,ปากเกร็ด,อบต.บางตะไนย์,12.86
2567,สิงหาคม,นนทบุรี,ปากเกร็ด,อบต.อ้อมเกร็ด,0.0
2567,สิงหาคม,นนทบุรี,เมืองนนทบุรี,เทศบาลนครนนทบุรี,0.0
2567,สิงหาคม,นนทบุรี,เมืองนนทบุรี,เทศบาลเมืองไทรม้า,0.0
2567,สิงหาคม,นนทบุรี,เมืองนนทบุรี,เทศบาลเมืองบางศรีเมือง,2.23
2567,สิงหาคม,นนทบุรี,เมืองนนทบุรี,อบต.บางไผ่,0.0
2567,สิงหาคม,นนทบุรี,เมืองนนทบุรี,อบต.บางรักน้อย,0.0
2567,กันยายน,นนทบุรี,ไทรน้อย,เทศบาลตำบลไทรน้อย,0.0
2567,กันยายน,นนทบุรี,ไทรน้อย,อบต.ขุนศรี,0.0
2567,กันยายน,นนทบุรี,ไทรน้อย,อบต.คลองขวาง,0.0
2567,กันยายน,นนทบุรี,ไทรน้อย,อบต.ทวีวัฒนา,0.0
2567,กันยายน,นนทบุรี,ไทรน้อย,อบต.ไทรน้อย,0.0
2567,กันยายน,นนทบุรี,ไทรน้อย,อบต.ราษฎร์นิยม,0.0
2567,กันยายน,นนทบุรี,ไทรน้อย,อบต.หนองเพรางาย,50.0
2567,กันยายน,นนทบุรี,บางกรวย,เทศบาลเมืองบางกรวย,0.0
2567,กันยายน,นนทบุรี,บางกรวย,เทศบาลตำบลบางสีทอง,0.0
2567,กันยายน,นนทบุรี,บางกรวย,เทศบาลตำบลศาลากลาง,0.0
2567,กันยายน,นนทบุรี,บางกรวย,อบต.บางขนุน,0.0
2567,กันยายน,นนทบุรี,บางกรวย,อบต.บางขุนกอง,0.0
2567,กันยายน,นนทบุรี,บางกรวย,อบต.มหาสวัสดิ์,0.0
2567,กันยายน,นนทบุรี,บางบัวทอง,เทศบาลนครบางบัวทอง,17.95
2567,กันยายน,นนทบุรี,บางบัวทอง,เทศบาลเมืองบางคูรัด,0.0
2567,กันยายน,นนทบุรี,บางบัวทอง,เทศบาลเมืองบางรักพัฒนา,0.0
2567,กันยายน,นนทบุรี,บางบัวทอง,เทศบาลเมืองพิมลราช,0.0
2567,กันยายน,นนทบุรี,บางบัวทอง,เทศบาลเมืองใหม่บางบัวทอง,0.09
2567,กันยายน,นนทบุรี,บางบัวทอง,อบต.บางรักใหญ่,0.0
2567,กันยายน,นนทบุรี,บางบัวทอง,อบต.ละหาร,0.0
2567,กันยายน,นนทบุรี,บางใหญ่,เทศบาลเมืองบางแม่นาง,382.09
2567,กันยายน,นนทบุรี,บางใหญ่,เทศบาลเมืองเสาธงหิน,0.0
2567,กันยายน,นนทบุรี,บางใหญ่,เทศบาลตำบลบางม่วง,0.0
2567,กันยายน,นนทบุรี,บางใหญ่,เทศบาลตำบลบางเลน,0.0
2567,กันยายน,นนทบุรี,บางใหญ่,อบต.บ้านใหม่,0.0
2567,กันยายน,นนทบุรี,ปากเกร็ด,เทศบาลนครปากเกร็ด,0.0
2567,กันยายน,นนทบุรี,ปากเกร็ด,เทศบาลตำบลบางพลับ,0.0
2567,กันยายน,นนทบุรี,ปากเกร็ด,อบต.เกาะเกร็ด,0.0
2567,กันยายน,นนทบุรี,ปากเกร็ด,อบต.คลองข่อย,0.3
2567,กันยายน,นนทบุรี,ปากเกร็ด,อบต.คลองพระอุดม,0.0
2567,กันยายน,นนทบุรี,ปากเกร็ด,อบต.ท่าอิฐ,0.0
2567,กันยายน,นนทบุรี,ปากเกร็ด,อบต.บางตะไนย์,7.47
2567,กันยายน,นนทบุรี,ปากเกร็ด,อบต.อ้อมเกร็ด,0.0
2567,กันยายน,นนทบุรี,เมืองนนทบุรี,เทศบาลนครนนทบุรี,0.0
2567,กันยายน,นนทบุรี,เมืองนนทบุรี,เทศบาลเมืองไทรม้า,0.0
2567,กันยายน,นนทบุรี,เมืองนนทบุรี,เทศบาลเมืองบางศรีเมือง,2.18
2567,กันยายน,นนทบุรี,เมืองนนทบุรี,อบต.บางไผ่,0.0
2567,กันยายน,นนทบุรี,เมืองนนทบุรี,อบต.บางรักน้อย,0.0
2567,ตุลาคม,นนทบุรี,ไทรน้อย,เทศบาลตำบลไทรน้อย,0.0
2567,ตุลาคม,นนทบุรี,ไทรน้อย,อบต.ขุนศรี,0.0
2567,ตุลาคม,นนทบุรี,ไทรน้อย,อบต.คลองขวาง,0.0
2567,ตุลาคม,นนทบุรี,ไทรน้อย,อบต.ทวีวัฒนา,0.0
2567,ตุลาคม,นนทบุรี,ไทรน้อย,อบต.ไทรน้อย,0.0
2567,ตุลาคม,นนทบุรี,ไทรน้อย,อบต.ไทรใหญ่,0.0
2567,ตุลาคม,นนทบุรี,ไทรน้อย,อบต.ราษฎร์นิยม,0.0
2567,ตุลาคม,นนทบุรี,ไทรน้อย,อบต.หนองเพรางาย,20.0
2567,ตุลาคม,นนทบุรี,บางกรวย,เทศบาลเมืองบางกรวย,0.0
2567,ตุลาคม,นนทบุรี,บางกรวย,เทศบาลตำบลบางสีทอง,0.0
2567,ตุลาคม,นนทบุรี,บางกรวย,เทศบาลตำบลปลายบาง,0.0
2567,ตุลาคม,นนทบุรี,บางกรวย,เทศบาลตำบลศาลากลาง,0.0
2567,ตุลาคม,นนทบุรี,บางกรวย,อบต.บางขนุน,0.0
2567,ตุลาคม,นนทบุรี,บางกรวย,อบต.บางขุนกอง,0.0
2567,ตุลาคม,นนทบุรี,บางกรวย,อบต.มหาสวัสดิ์,0.0
2567,ตุลาคม,นนทบุรี,บางบัวทอง,เทศบาลนครบางบัวทอง,1.82
2567,ตุลาคม,นนทบุรี,บางบัวทอง,เทศบาลเมืองบางคูรัด,0.0
2567,ตุลาคม,นนทบุรี,บางบัวทอง,เทศบาลเมืองบางรักพัฒนา,0.0
2567,ตุลาคม,นนทบุรี,บางบัวทอง,เทศบาลเมืองพิมลราช,0.0
2567,ตุลาคม,นนทบุรี,บางบัวทอง,เทศบาลเมืองใหม่บางบัวทอง,0.07
2567,ตุลาคม,นนทบุรี,บางบัวทอง,อบต.บางรักใหญ่,0.0
2567,ตุลาคม,นนทบุรี,บางบัวทอง,อบต.ละหาร,0.0
2567,ตุลาคม,นนทบุรี,บางบัวทอง,อบต.ลำโพ,0.0
2567,ตุลาคม,นนทบุรี,บางใหญ่,เทศบาลเมืองบางแม่นาง,0.0
2567,ตุลาคม,นนทบุรี,บางใหญ่,เทศบาลเมืองเสาธงหิน,0.0
2567,ตุลาคม,นนทบุรี,บางใหญ่,เทศบาลตำบลบางม่วง,0.0
2567,ตุลาคม,นนทบุรี,บางใหญ่,เทศบาลตำบลบางเลน,0.0
2567,ตุลาคม,นนทบุรี,บางใหญ่,เทศบาลตำบลบางใหญ่,0.0
2567,ตุลาคม,นนทบุรี,บางใหญ่,อบต.บางใหญ่,0.0
2567,ตุลาคม,นนทบุรี,บางใหญ่,อบต.บ้านใหม่,0.0
2567,ตุลาคม,นนทบุรี,ปากเกร็ด,เทศบาลนครปากเกร็ด,0.0
2567,ตุลาคม,นนทบุรี,ปากเกร็ด,เทศบาลตำบลบางพลับ,0.0
2567,ตุลาคม,นนทบุรี,ปากเกร็ด,อบต.เกาะเกร็ด,0.0
2567,ตุลาคม,นนทบุรี,ปากเกร็ด,อบต.คลองข่อย,0.0
2567,ตุลาคม,นนทบุรี,ปากเกร็ด,อบต.คลองพระอุดม,1.87
2567,ตุลาคม,นนทบุรี,ปากเกร็ด,อบต.ท่าอิฐ,0.0
2567,ตุลาคม,นนทบุรี,ปากเกร็ด,อบต.บางตะไนย์,6.22
2567,ตุลาคม,นนทบุรี,ปากเกร็ด,อบต.อ้อมเกร็ด,0.0
2567,ตุลาคม,นนทบุรี,เมืองนนทบุรี,เทศบาลนครนนทบุรี,0.0
2567,ตุลาคม,นนทบุรี,เมืองนนทบุรี,เทศบาลเมืองไทรม้า,0.0
2567,ตุลาคม,นนทบุรี,เมืองนนทบุรี,เทศบาลเมืองบางกร่าง,0.0
2567,ตุลาคม,นนทบุรี,เมืองนนทบุรี,เทศบาลเมืองบางศรีเมือง,0.24
2567,ตุลาคม,นนทบุรี,เมืองนนทบุรี,อบต.บางไผ่,0.0
2567,ตุลาคม,นนทบุรี,เมืองนนทบุรี,อบต.บางรักน้อย,0.0
2567,พฤศจิกายน,นนทบุรี,ไทรน้อย,เทศบาลตำบลไทรน้อย,0.0
2567,พฤศจิกายน,นนทบุรี,ไทรน้อย,อบต.ขุนศรี,0.0
2567,พฤศจิกายน,นนทบุรี,ไทรน้อย,อบต.คลองขวาง,0.0
2567,พฤศจิกายน,นนทบุรี,ไทรน้อย,อบต.ทวีวัฒนา,0.0
2567,พฤศจิกายน,นนทบุรี,ไทรน้อย,อบต.ไทรน้อย,0.0
2567,พฤศจิกายน,นนทบุรี,ไทรน้อย,อบต.ไทรใหญ่,0.0
2567,พฤศจิกายน,นนทบุรี,ไทรน้อย,อบต.ราษฎร์นิยม,0.0
2567,พฤศจิกายน,นนทบุรี,ไทรน้อย,อบต.หนองเพรางาย,50.0
2567,พฤศจิกายน,นนทบุรี,บางกรวย,เทศบาลเมืองบางกรวย,0.0
2567,พฤศจิกายน,นนทบุรี,บางกรวย,เทศบาลตำบลบางสีทอง,0.0
2567,พฤศจิกายน,นนทบุรี,บางกรวย,เทศบาลตำบลปลายบาง,0.0
2567,พฤศจิกายน,นนทบุรี,บางกรวย,เทศบาลตำบลศาลากลาง,0.0
2567,พฤศจิกายน,นนทบุรี,บางกรวย,อบต.บางขนุน,0.0
2567,พฤศจิกายน,นนทบุรี,บางกรวย,อบต.บางขุนกอง,0.0
2567,พฤศจิกายน,นนทบุรี,บางกรวย,อบต.มหาสวัสดิ์,0.0
2567,พฤศจิกายน,นนทบุรี,บางบัวทอง,เทศบาลนครบางบัวทอง,1.82
2567,พฤศจิกายน,นนทบุรี,บางบัวทอง,เทศบาลเมืองบางคูรัด,0.0
2567,พฤศจิกายน,นนทบุรี,บางบัวทอง,เทศบาลเมืองบางรักพัฒนา,0.0
2567,พฤศจิกายน,นนทบุรี,บางบัวทอง,เทศบาลเมืองพิมลราช,0.0
2567,พฤศจิกายน,นนทบุรี,บางบัวทอง,เทศบาลเมืองใหม่บางบัวทอง,0.3
2567,พฤศจิกายน,นนทบุรี,บางบัวทอง,อบต.บางรักใหญ่,0.0
2567,พฤศจิกายน,นนทบุรี,บางบัวทอง,อบต.ละหาร,0.0
2567,พฤศจิกายน,นนทบุรี,บางบัวทอง,อบต.ลำโพ,0.0
2567,พฤศจิกายน,นนทบุรี,บางใหญ่,เทศบาลเมืองบางแม่นาง,0.0
2567,พฤศจิกายน,นนทบุรี,บางใหญ่,เทศบาลเมืองเสาธงหิน,0.0
2567,พฤศจิกายน,นนทบุรี,บางใหญ่,เทศบาลตำบลบางม่วง,0.0
2567,พฤศจิกายน,นนทบุรี,บางใหญ่,เทศบาลตำบลบางเลน,0.0
2567,พฤศจิกายน,นนทบุรี,บางใหญ่,เทศบาลตำบลบางใหญ่,0.0
2567,พฤศจิกายน,นนทบุรี,บางใหญ่,อบต.บางใหญ่,0.0
2567,พฤศจิกายน,นนทบุรี,บางใหญ่,อบต.บ้านใหม่,0.0
2567,พฤศจิกายน,นนทบุรี,ปากเกร็ด,เทศบาลนครปากเกร็ด,0.0
2567,พฤศจิกายน,นนทบุรี,ปากเกร็ด,เทศบาลตำบลบางพลับ,0.0
2567,พฤศจิกายน,นนทบุรี,ปากเกร็ด,อบต.เกาะเกร็ด,0.0
2567,พฤศจิกายน,นนทบุรี,ปากเกร็ด,อบต.คลองข่อย,0.0
2567,พฤศจิกายน,นนทบุรี,ปากเกร็ด,อบต.คลองพระอุดม,2.5
2567,พฤศจิกายน,นนทบุรี,ปากเกร็ด,อบต.ท่าอิฐ,0.0
2567,พฤศจิกายน,นนทบุรี,ปากเกร็ด,อบต.บางตะไนย์,10.67
2567,พฤศจิกายน,นนทบุรี,ปากเกร็ด,อบต.อ้อมเกร็ด,0.0
2567,พฤศจิกายน,นนทบุรี,เมืองนนทบุรี,เทศบาลนครนนทบุรี,0.0
2567,พฤศจิกายน,นนทบุรี,เมืองนนทบุรี,เทศบาลเมืองไทรม้า,0.0
2567,พฤศจิกายน,นนทบุรี,เมืองนนทบุรี,เทศบาลเมืองบางกร่าง,0.0
2567,พฤศจิกายน,นนทบุรี,เมืองนนทบุรี,เทศบาลเมืองบางศรีเมือง,0.22
2567,พฤศจิกายน,นนทบุรี,เมืองนนทบุรี,อบต.บางไผ่,0.0
2567,พฤศจิกายน,นนทบุรี,เมืองนนทบุรี,อบต.บางรักน้อย,0.0
2567,ธันวาคม,นนทบุรี,ไทรน้อย,เทศบาลตำบลไทรน้อย,0.0
2567,ธันวาคม,นนทบุรี,ไทรน้อย,อบต.ขุนศรี,0.0
2567,ธันวาคม,นนทบุรี,ไทรน้อย,อบต.คลองขวาง,0.0
2567,ธันวาคม,นนทบุรี,ไทรน้อย,อบต.ทวีวัฒนา,0.0
2567,ธันวาคม,นนทบุรี,ไทรน้อย,อบต.ไทรน้อย,0.0
2567,ธันวาคม,นนทบุรี,ไทรน้อย,อบต.ไทรใหญ่,0.0
2567,ธันวาคม,นนทบุรี,ไทรน้อย,อบต.ราษฎร์นิยม,0.0
2567,ธันวาคม,นนทบุรี,ไทรน้อย,อบต.หนองเพรางาย,50.0
2567,ธันวาคม,นนทบุรี,บางกรวย,เทศบาลเมืองบางกรวย,0.0
2567,ธันวาคม,นนทบุรี,บางกรวย,เทศบาลตำบลบางสีทอง,0.0
2567,ธันวาคม,นนทบุรี,บางกรวย,เทศบาลตำบลปลายบาง,0.0
2567,ธันวาคม,นนทบุรี,บางกรวย,เทศบาลตำบลศาลากลาง,0.0
2567,ธันวาคม,นนทบุรี,บางกรวย,อบต.บางขนุน,0.0
2567,ธันวาคม,นนทบุรี,บางกรวย,อบต.บางขุนกอง,0.0
2567,ธันวาคม,นนทบุรี,บางกรวย,อบต.มหาสวัสดิ์,0.0
2567,ธันวาคม,นนทบุรี,บางบัวทอง,เทศบาลนครบางบัวทอง,2.21
2567,ธันวาคม,นนทบุรี,บางบัวทอง,เทศบาลเมืองบางคูรัด,0.0
2567,ธันวาคม,นนทบุรี,บางบัวทอง,เทศบาลเมืองบางรักพัฒนา,0.0
2567,ธันวาคม,นนทบุรี,บางบัวทอง,เทศบาลเมืองพิมลราช,0.0
2567,ธันวาคม,นนทบุรี,บางบัวทอง,เทศบาลเมืองใหม่บางบัวทอง,1.0
2567,ธันวาคม,นนทบุรี,บางบัวทอง,อบต.บางรักใหญ่,0.0
2567,ธันวาคม,นนทบุรี,บางบัวทอง,อบต.ละหาร,0.0
2567,ธันวาคม,นนทบุรี,บางบัวทอง,อบต.ลำโพ,0.0
2567,ธันวาคม,นนทบุรี,บางใหญ่,เทศบาลเมืองบางแม่นาง,0.0
2567,ธันวาคม,นนทบุรี,บางใหญ่,เทศบาลเมืองเสาธงหิน,0.0
2567,ธันวาคม,นนทบุรี,บางใหญ่,เทศบาลตำบลบางม่วง,0.0
2567,ธันวาคม,นนทบุรี,บางใหญ่,เทศบาลตำบลบางเลน,0.0
2567,ธันวาคม,นนทบุรี,บางใหญ่,เทศบาลตำบลบางใหญ่,0.0
2567,ธันวาคม,นนทบุรี,บางใหญ่,อบต.บางใหญ่,0.0
2567,ธันวาคม,นนทบุรี,บางใหญ่,อบต.บ้านใหม่,0.0
2567,ธันวาคม,นนทบุรี,ปากเกร็ด,เทศบาลนครปากเกร็ด,0.0
2567,ธันวาคม,นนทบุรี,ปากเกร็ด,เทศบาลตำบลบางพลับ,0.0
2567,ธันวาคม,นนทบุรี,ปากเกร็ด,อบต.เกาะเกร็ด,0.0
2567,ธันวาคม,นนทบุรี,ปากเกร็ด,อบต.คลองข่อย,0.3
2567,ธันวาคม,นนทบุรี,ปากเกร็ด,อบต.คลองพระอุดม,2.5
2567,ธันวาคม,นนทบุรี,ปากเกร็ด,อบต.ท่าอิฐ,0.0
2567,ธันวาคม,นนทบุรี,ปากเกร็ด,อบต.บางตะไนย์,28.0
2567,ธันวาคม,นนทบุรี,ปากเกร็ด,อบต.อ้อมเกร็ด,0.0
2567,ธันวาคม,นนทบุรี,เมืองนนทบุรี,เทศบาลนครนนทบุรี,0.0
2567,ธันวาคม,นนทบุรี,เมืองนนทบุรี,เทศบาลเมืองไทรม้า,0.0
2567,ธันวาคม,นนทบุรี,เมืองนนทบุรี,เทศบาลเมืองบางกร่าง,0.0
2567,ธันวาคม,นนทบุรี,เมืองนนทบุรี,เทศบาลเมืองบางศรีเมือง,0.22
2567,ธันวาคม,นนทบุรี,เมืองนนทบุรี,อบต.บางไผ่,0.0
2567,ธันวาคม,นนทบุรี,เมืองนนทบุรี,อบต.บางรักน้อย,0.0
