,ปี,เดือน,จังหวัด,อำเภอ,อปท,ขยะรีไซเคิลลงถัง(ตัน)
0,2563,มกราคม,นนทบุรี,ไทรน้อย,เทศบาลตำบลไทรน้อย,7.56
1,2563,มกราคม,นนทบุรี,ไทรน้อย,อบต.ทวีวัฒนา,0.74
2,2563,มกราคม,นนทบุรี,ไทรน้อย,อบต.หนองเพรางาย,16.89
3,2563,มกราคม,นนทบุรี,บางกรวย,เทศบาลเมืองบางกรวย,350.0
4,2563,มกราคม,นนทบุรี,บางกรวย,เทศบาลตำบลบางสีทอง,1.98
5,2563,มกราคม,นนทบุรี,บางกรวย,เทศบาลตำบลปลายบาง,542.71
6,2563,มกราคม,นนทบุรี,บางกรวย,เทศบาลตำบลศาลากลาง,2.6
7,2563,มกราคม,นนทบุรี,บางกรวย,อบต.บางขนุน,106.09
8,2563,มกราคม,นนทบุรี,บางกรวย,อบต.บางขุนกอง,100.0
9,2563,มกราคม,นนทบุรี,บางกรวย,อบต.มหาสวัสดิ์,5.77
10,2563,มกราคม,นนทบุรี,บางบัวทอง,เทศบาลเมืองบางคูรัด,308.87
11,2563,มกราคม,นนทบุรี,บางบัวทอง,เทศบาลเมืองบางบัวทอง,420.28
12,2563,มกราคม,นนทบุรี,บางบัวทอง,เทศบาลเมืองบางรักพัฒนา,450.99
13,2563,มกราคม,นนทบุรี,บางบัวทอง,เทศบาลเมืองใหม่บางบัวทอง,50.0
14,2563,มกราคม,นนทบุรี,บางบัวทอง,อบต.ละหาร,3.0
15,2563,มกราคม,นนทบุรี,บางใหญ่,เทศบาลเมืองบางแม่นาง,3.0
16,2563,มกราคม,นนทบุรี,บางใหญ่,เทศบาลตำบลบางม่วง,2.85
17,2563,มกราคม,นนทบุรี,บางใหญ่,เทศบาลตำบลบางเลน,320.41
18,2563,มกราคม,นนทบุรี,บางใหญ่,เทศบาลตำบลบางใหญ่,115.14
19,2563,มกราคม,นนทบุรี,บางใหญ่,เทศบาลตำบลบ้านบางม่วง,42.32
20,2563,มกราคม,นนทบุรี,บางใหญ่,เทศบาลตำบลเสาธงหิน,1.45
21,2563,มกราคม,นนทบุรี,บางใหญ่,อบต.บางใหญ่,602.0
22,2563,มกราคม,นนทบุรี,บางใหญ่,อบต.บ้านใหม่,1.1
23,2563,มกราคม,นนทบุรี,ปากเกร็ด,เทศบาลนครปากเกร็ด,720.0
24,2563,มกราคม,นนทบุรี,ปากเกร็ด,เทศบาลตำบลบางพลับ,110.66
25,2563,มกราคม,นนทบุรี,ปากเกร็ด,อบต.เกาะเกร็ด,1.0
26,2563,มกราคม,นนทบุรี,ปากเกร็ด,อบต.คลองพระอุดม,5.0
27,2563,มกราคม,นนทบุรี,ปากเกร็ด,อบต.บางตะไนย์,0.05
28,2563,มกราคม,นนทบุรี,เมืองนนทบุรี,เทศบาลนครนนทบุรี,3534.0
29,2563,มกราคม,นนทบุรี,เมืองนนทบุรี,เทศบาลเมืองบางกร่าง,12.0
30,2563,มกราคม,นนทบุรี,เมืองนนทบุรี,เทศบาลเมืองบางศรีเมือง,368.2
31,2563,มกราคม,นนทบุรี,เมืองนนทบุรี,อบต.บางไผ่,0.99
32,2563,กุมภาพันธ์,นนทบุรี,ไทรน้อย,เทศบาลตำบลไทรน้อย,6.55
33,2563,กุมภาพันธ์,นนทบุรี,ไทรน้อย,อบต.ทวีวัฒนา,0.81
34,2563,กุมภาพันธ์,นนทบุรี,ไทรน้อย,อบต.หนองเพรางาย,15.0
35,2563,กุมภาพันธ์,นนทบุรี,บางกรวย,เทศบาลเมืองบางกรวย,246.84
36,2563,กุมภาพันธ์,นนทบุรี,บางกรวย,เทศบาลตำบลบางสีทอง,1.4
37,2563,กุมภาพันธ์,นนทบุรี,บางกรวย,เทศบาลตำบลปลายบาง,494.38
38,2563,กุมภาพันธ์,นนทบุรี,บางกรวย,เทศบาลตำบลศาลากลาง,2.5
39,2563,กุมภาพันธ์,นนทบุรี,บางกรวย,อบต.บางขนุน,107.57
40,2563,กุมภาพันธ์,นนทบุรี,บางกรวย,อบต.บางขุนกอง,160.0
41,2563,กุมภาพันธ์,นนทบุรี,บางกรวย,อบต.มหาสวัสดิ์,7.28
42,2563,กุมภาพันธ์,นนทบุรี,บางบัวทอง,เทศบาลเมืองบางคูรัด,272.56
43,2563,กุมภาพันธ์,นนทบุรี,บางบัวทอง,เทศบาลเมืองบางบัวทอง,352.27
44,2563,กุมภาพันธ์,นนทบุรี,บางบัวทอง,เทศบาลเมืองบางรักพัฒนา,391.15
45,2563,กุมภาพันธ์,นนทบุรี,บางบัวทอง,เทศบาลเมืองใหม่บางบัวทอง,40.0
46,2563,กุมภาพันธ์,นนทบุรี,บางบัวทอง,อบต.ละหาร,0.23
47,2563,กุมภาพันธ์,นนทบุรี,บางใหญ่,เทศบาลเมืองบางแม่นาง,2.5
48,2563,กุมภาพันธ์,นนทบุรี,บางใหญ่,เทศบาลตำบลบางม่วง,0.77
49,2563,กุมภาพันธ์,นนทบุรี,บางใหญ่,เทศบาลตำบลบางเลน,298.73
50,2563,กุมภาพันธ์,นนทบุรี,บางใหญ่,เทศบาลตำบลบางใหญ่,115.14
51,2563,กุมภาพันธ์,นนทบุรี,บางใหญ่,เทศบาลตำบลบ้านบางม่วง,53.33
52,2563,กุมภาพันธ์,นนทบุรี,บางใหญ่,เทศบาลตำบลเสาธงหิน,1.6
53,2563,กุมภาพันธ์,นนทบุรี,บางใหญ่,อบต.บางใหญ่,201.0
54,2563,กุมภาพันธ์,นนทบุรี,บางใหญ่,อบต.บ้านใหม่,1.2
55,2563,กุมภาพันธ์,นนทบุรี,ปากเกร็ด,เทศบาลนครปากเกร็ด,750.0
56,2563,กุมภาพันธ์,นนทบุรี,ปากเกร็ด,เทศบาลตำบลบางพลับ,98.81
57,2563,กุมภาพันธ์,นนทบุรี,ปากเกร็ด,อบต.เกาะเกร็ด,1.0
58,2563,กุมภาพันธ์,นนทบุรี,ปากเกร็ด,อบต.คลองพระอุดม,3.0
59,2563,กุมภาพันธ์,นนทบุรี,ปากเกร็ด,อบต.บางตะไนย์,0.05
60,2563,กุมภาพันธ์,นนทบุรี,เมืองนนทบุรี,เทศบาลนครนนทบุรี,3132.0
61,2563,กุมภาพันธ์,นนทบุรี,เมืองนนทบุรี,เทศบาลเมืองบางกร่าง,11.0
62,2563,กุมภาพันธ์,นนทบุรี,เมืองนนทบุรี,เทศบาลเมืองบางศรีเมือง,324.65
63,2563,กุมภาพันธ์,นนทบุรี,เมืองนนทบุรี,อบต.บางไผ่,4.7
64,2563,มีนาคม,นนทบุรี,ไทรน้อย,เทศบาลตำบลไทรน้อย,6.55
65,2563,มีนาคม,นนทบุรี,ไทรน้อย,อบต.ทวีวัฒนา,0.62
66,2563,มีนาคม,นนทบุรี,ไทรน้อย,อบต.หนองเพรางาย,20.0
67,2563,มีนาคม,นนทบุรี,บางกรวย,เทศบาลเมืองบางกรวย,261.44
68,2563,มีนาคม,นนทบุรี,บางกรวย,เทศบาลตำบลปลายบาง,541.72
69,2563,มีนาคม,นนทบุรี,บางกรวย,เทศบาลตำบลศาลากลาง,3.0
70,2563,มีนาคม,นนทบุรี,บางกรวย,อบต.บางขนุน,115.19
71,2563,มีนาคม,นนทบุรี,บางกรวย,อบต.บางขุนกอง,150.0
72,2563,มีนาคม,นนทบุรี,บางกรวย,อบต.มหาสวัสดิ์,6.86
73,2563,มีนาคม,นนทบุรี,บางบัวทอง,เทศบาลเมืองบางคูรัด,298.33
74,2563,มีนาคม,นนทบุรี,บางบัวทอง,เทศบาลเมืองบางบัวทอง,241.65
75,2563,มีนาคม,นนทบุรี,บางบัวทอง,เทศบาลเมืองบางรักพัฒนา,450.83
76,2563,มีนาคม,นนทบุรี,บางบัวทอง,เทศบาลเมืองใหม่บางบัวทอง,50.0
77,2563,มีนาคม,นนทบุรี,บางบัวทอง,อบต.ละหาร,2.21
78,2563,มีนาคม,นนทบุรี,บางบัวทอง,อบต.ลำโพ,195.0
79,2563,มีนาคม,นนทบุรี,บางใหญ่,เทศบาลเมืองบางแม่นาง,3.0
80,2563,มีนาคม,นนทบุรี,บางใหญ่,เทศบาลตำบลบางม่วง,1.05
81,2563,มีนาคม,นนทบุรี,บางใหญ่,เทศบาลตำบลบางเลน,337.86
82,2563,มีนาคม,นนทบุรี,บางใหญ่,เทศบาลตำบลบางใหญ่,115.14
83,2563,มีนาคม,นนทบุรี,บางใหญ่,เทศบาลตำบลบ้านบางม่วง,53.33
84,2563,มีนาคม,นนทบุรี,บางใหญ่,เทศบาลตำบลเสาธงหิน,0.46
85,2563,มีนาคม,นนทบุรี,บางใหญ่,อบต.บางใหญ่,0.3
86,2563,มีนาคม,นนทบุรี,บางใหญ่,อบต.บ้านใหม่,1.0
87,2563,มีนาคม,นนทบุรี,ปากเกร็ด,เทศบาลนครปากเกร็ด,755.0
88,2563,มีนาคม,นนทบุรี,ปากเกร็ด,เทศบาลตำบลบางพลับ,109.07
89,2563,มีนาคม,นนทบุรี,ปากเกร็ด,อบต.เกาะเกร็ด,1.0
90,2563,มีนาคม,นนทบุรี,ปากเกร็ด,อบต.คลองพระอุดม,5.0
91,2563,มีนาคม,นนทบุรี,ปากเกร็ด,อบต.บางตะไนย์,0.05
92,2563,มีนาคม,นนทบุรี,เมืองนนทบุรี,เทศบาลนครนนทบุรี,3432.0
93,2563,มีนาคม,นนทบุรี,เมืองนนทบุรี,เทศบาลเมืองบางกร่าง,13.0
94,2563,มีนาคม,นนทบุรี,เมืองนนทบุรี,เทศบาลเมืองบางศรีเมือง,361.82
95,2563,เมษายน,นนทบุรี,ไทรน้อย,เทศบาลตำบลไทรน้อย,5.91
96,2563,เมษายน,นนทบุรี,ไทรน้อย,อบต.ทวีวัฒนา,0.66
97,2563,เมษายน,นนทบุรี,ไทรน้อย,อบต.หนองเพรางาย,20.0
98,2563,เมษายน,นนทบุรี,บางกรวย,เทศบาลเมืองบางกรวย,282.03
99,2563,เมษายน,นนทบุรี,บางกรวย,เทศบาลตำบลปลายบาง,579.75
100,2563,เมษายน,นนทบุรี,บางกรวย,เทศบาลตำบลศาลากลาง,2.0
101,2563,เมษายน,นนทบุรี,บางกรวย,อบต.บางขนุน,106.67
102,2563,เมษายน,นนทบุรี,บางกรวย,อบต.บางขุนกอง,120.0
103,2563,เมษายน,นนทบุรี,บางกรวย,อบต.มหาสวัสดิ์,3.89
104,2563,เมษายน,นนทบุรี,บางบัวทอง,เทศบาลเมืองบางคูรัด,321.68
105,2563,เมษายน,นนทบุรี,บางบัวทอง,เทศบาลเมืองบางบัวทอง,321.15
106,2563,เมษายน,นนทบุรี,บางบัวทอง,เทศบาลเมืองบางรักพัฒนา,482.62
107,2563,เมษายน,นนทบุรี,บางบัวทอง,เทศบาลเมืองใหม่บางบัวทอง,50.0
108,2563,เมษายน,นนทบุรี,บางใหญ่,เทศบาลเมืองบางแม่นาง,4.0
109,2563,เมษายน,นนทบุรี,บางใหญ่,เทศบาลตำบลบางม่วง,2.65
110,2563,เมษายน,นนทบุรี,บางใหญ่,เทศบาลตำบลบางเลน,355.94
111,2563,เมษายน,นนทบุรี,บางใหญ่,เทศบาลตำบลบางใหญ่,115.44
112,2563,เมษายน,นนทบุรี,บางใหญ่,เทศบาลตำบลบ้านบางม่วง,53.33
113,2563,เมษายน,นนทบุรี,บางใหญ่,เทศบาลตำบลเสาธงหิน,0.24
114,2563,เมษายน,นนทบุรี,บางใหญ่,อบต.บ้านใหม่,1.3
115,2563,เมษายน,นนทบุรี,ปากเกร็ด,เทศบาลนครปากเกร็ด,800.0
116,2563,เมษายน,นนทบุรี,ปากเกร็ด,เทศบาลตำบลบางพลับ,114.35
117,2563,เมษายน,นนทบุรี,ปากเกร็ด,อบต.เกาะเกร็ด,1.0
118,2563,เมษายน,นนทบุรี,ปากเกร็ด,อบต.คลองพระอุดม,5.0
119,2563,เมษายน,นนทบุรี,ปากเกร็ด,อบต.ท่าอิฐ,30.13
120,2563,เมษายน,นนทบุรี,ปากเกร็ด,อบต.บางตะไนย์,23.1
121,2563,เมษายน,นนทบุรี,เมืองนนทบุรี,เทศบาลนครนนทบุรี,3366.3
122,2563,เมษายน,นนทบุรี,เมืองนนทบุรี,เทศบาลเมืองบางกร่าง,12.0
123,2563,เมษายน,นนทบุรี,เมืองนนทบุรี,เทศบาลเมืองบางศรีเมือง,370.05
124,2563,พฤษภาคม,นนทบุรี,ไทรน้อย,เทศบาลตำบลไทรน้อย,6.29
125,2563,พฤษภาคม,นนทบุรี,ไทรน้อย,อบต.ทวีวัฒนา,0.78
126,2563,พฤษภาคม,นนทบุรี,ไทรน้อย,อบต.หนองเพรางาย,20.0
127,2563,พฤษภาคม,นนทบุรี,บางกรวย,เทศบาลเมืองบางกรวย,297.77
128,2563,พฤษภาคม,นนทบุรี,บางกรวย,เทศบาลตำบลบางสีทอง,0.8
129,2563,พฤษภาคม,นนทบุรี,บางกรวย,เทศบาลตำบลปลายบาง,600.01
130,2563,พฤษภาคม,นนทบุรี,บางกรวย,เทศบาลตำบลศาลากลาง,3.0
131,2563,พฤษภาคม,นนทบุรี,บางกรวย,อบต.บางขนุน,109.03
132,2563,พฤษภาคม,นนทบุรี,บางกรวย,อบต.บางขุนกอง,140.0
133,2563,พฤษภาคม,นนทบุรี,บางกรวย,อบต.มหาสวัสดิ์,6.0
134,2563,พฤษภาคม,นนทบุรี,บางบัวทอง,เทศบาลเมืองบางคูรัด,297.64
135,2563,พฤษภาคม,นนทบุรี,บางบัวทอง,เทศบาลเมืองบางบัวทอง,261.15
136,2563,พฤษภาคม,นนทบุรี,บางบัวทอง,เทศบาลเมืองบางรักพัฒนา,483.66
137,2563,พฤษภาคม,นนทบุรี,บางบัวทอง,เทศบาลเมืองใหม่บางบัวทอง,10.0
138,2563,พฤษภาคม,นนทบุรี,บางบัวทอง,อบต.ลำโพ,0.39
139,2563,พฤษภาคม,นนทบุรี,บางใหญ่,เทศบาลเมืองบางแม่นาง,3.0
140,2563,พฤษภาคม,นนทบุรี,บางใหญ่,เทศบาลตำบลบางม่วง,3.25
141,2563,พฤษภาคม,นนทบุรี,บางใหญ่,เทศบาลตำบลบางเลน,354.97
142,2563,พฤษภาคม,นนทบุรี,บางใหญ่,เทศบาลตำบลบางใหญ่,115.44
143,2563,พฤษภาคม,นนทบุรี,บางใหญ่,เทศบาลตำบลบ้านบางม่วง,53.33
144,2563,พฤษภาคม,นนทบุรี,บางใหญ่,อบต.บางใหญ่,250.5
145,2563,พฤษภาคม,นนทบุรี,บางใหญ่,อบต.บ้านใหม่,2.0
146,2563,พฤษภาคม,นนทบุรี,ปากเกร็ด,เทศบาลนครปากเกร็ด,825.0
147,2563,พฤษภาคม,นนทบุรี,ปากเกร็ด,เทศบาลตำบลบางพลับ,119.49
148,2563,พฤษภาคม,นนทบุรี,ปากเกร็ด,อบต.เกาะเกร็ด,1.0
149,2563,พฤษภาคม,นนทบุรี,ปากเกร็ด,อบต.คลองพระอุดม,5.0
150,2563,พฤษภาคม,นนทบุรี,ปากเกร็ด,อบต.บางตะไนย์,30.37
151,2563,พฤษภาคม,นนทบุรี,เมืองนนทบุรี,เทศบาลนครนนทบุรี,3518.6
152,2563,พฤษภาคม,นนทบุรี,เมืองนนทบุรี,เทศบาลเมืองบางกร่าง,10.0
153,2563,พฤษภาคม,นนทบุรี,เมืองนนทบุรี,เทศบาลเมืองบางศรีเมือง,387.6
154,2563,มิถุนายน,นนทบุรี,ไทรน้อย,เทศบาลตำบลไทรน้อย,6.0
155,2563,มิถุนายน,นนทบุรี,ไทรน้อย,อบต.ทวีวัฒนา,0.73
156,2563,มิถุนายน,นนทบุรี,ไทรน้อย,อบต.หนองเพรางาย,21.07
157,2563,มิถุนายน,นนทบุรี,บางกรวย,เทศบาลเมืองบางกรวย,288.0
158,2563,มิถุนายน,นนทบุรี,บางกรวย,เทศบาลตำบลบางสีทอง,2.0
159,2563,มิถุนายน,นนทบุรี,บางกรวย,เทศบาลตำบลปลายบาง,514.67
160,2563,มิถุนายน,นนทบุรี,บางกรวย,อบต.บางขนุน,117.77
161,2563,มิถุนายน,นนทบุรี,บางกรวย,อบต.บางขุนกอง,130.0
162,2563,มิถุนายน,นนทบุรี,บางกรวย,อบต.มหาสวัสดิ์,9.25
163,2563,มิถุนายน,นนทบุรี,บางบัวทอง,เทศบาลเมืองบางคูรัด,332.64
164,2563,มิถุนายน,นนทบุรี,บางบัวทอง,เทศบาลเมืองบางบัวทอง,325.13
165,2563,มิถุนายน,นนทบุรี,บางบัวทอง,เทศบาลเมืองบางรักพัฒนา,492.16
166,2563,มิถุนายน,นนทบุรี,บางบัวทอง,เทศบาลเมืองใหม่บางบัวทอง,60.0
167,2563,มิถุนายน,นนทบุรี,บางบัวทอง,อบต.ลำโพ,0.03
168,2563,มิถุนายน,นนทบุรี,บางใหญ่,เทศบาลเมืองบางแม่นาง,3.5
169,2563,มิถุนายน,นนทบุรี,บางใหญ่,เทศบาลตำบลบางม่วง,3.15
170,2563,มิถุนายน,นนทบุรี,บางใหญ่,เทศบาลตำบลบางเลน,366.87
171,2563,มิถุนายน,นนทบุรี,บางใหญ่,เทศบาลตำบลบางใหญ่,115.44
172,2563,มิถุนายน,นนทบุรี,บางใหญ่,เทศบาลตำบลบ้านบางม่วง,52.31
173,2563,มิถุนายน,นนทบุรี,บางใหญ่,เทศบาลตำบลเสาธงหิน,151.43
174,2563,มิถุนายน,นนทบุรี,บางใหญ่,อบต.บางใหญ่,5.0
175,2563,มิถุนายน,นนทบุรี,บางใหญ่,อบต.บ้านใหม่,2.0
176,2563,มิถุนายน,นนทบุรี,ปากเกร็ด,เทศบาลนครปากเกร็ด,845.0
177,2563,มิถุนายน,นนทบุรี,ปากเกร็ด,เทศบาลตำบลบางพลับ,132.66
178,2563,มิถุนายน,นนทบุรี,ปากเกร็ด,อบต.เกาะเกร็ด,1.0
179,2563,มิถุนายน,นนทบุรี,ปากเกร็ด,อบต.คลองพระอุดม,5.0
180,2563,มิถุนายน,นนทบุรี,ปากเกร็ด,อบต.ท่าอิฐ,57.4
181,2563,มิถุนายน,นนทบุรี,ปากเกร็ด,อบต.บางตะไนย์,28.16
182,2563,มิถุนายน,นนทบุรี,เมืองนนทบุรี,เทศบาลนครนนทบุรี,3555.62
183,2563,มิถุนายน,นนทบุรี,เมืองนนทบุรี,เทศบาลเมืองบางกร่าง,11.0
184,2563,มิถุนายน,นนทบุรี,เมืองนนทบุรี,เทศบาลเมืองบางศรีเมือง,379.75
185,2563,กรกฎาคม,นนทบุรี,ไทรน้อย,เทศบาลตำบลไทรน้อย,6.22
186,2563,กรกฎาคม,นนทบุรี,ไทรน้อย,อบต.ทวีวัฒนา,0.93
187,2563,กรกฎาคม,นนทบุรี,ไทรน้อย,อบต.หนองเพรางาย,15.0
188,2563,กรกฎาคม,นนทบุรี,บางกรวย,เทศบาลเมืองบางกรวย,415.0
189,2563,กรกฎาคม,นนทบุรี,บางกรวย,เทศบาลตำบลบางสีทอง,1.2
190,2563,กรกฎาคม,นนทบุรี,บางกรวย,เทศบาลตำบลปลายบาง,580.69
191,2563,กรกฎาคม,นนทบุรี,บางกรวย,เทศบาลตำบลศาลากลาง,3.0
192,2563,กรกฎาคม,นนทบุรี,บางกรวย,อบต.บางขนุน,120.82
193,2563,กรกฎาคม,นนทบุรี,บางกรวย,อบต.บางขุนกอง,150.0
194,2563,กรกฎาคม,นนทบุรี,บางกรวย,อบต.มหาสวัสดิ์,7.51
195,2563,กรกฎาคม,นนทบุรี,บางบัวทอง,เทศบาลเมืองบางคูรัด,327.77
196,2563,กรกฎาคม,นนทบุรี,บางบัวทอง,เทศบาลเมืองบางบัวทอง,259.07
197,2563,กรกฎาคม,นนทบุรี,บางบัวทอง,เทศบาลเมืองบางรักพัฒนา,493.25
198,2563,กรกฎาคม,นนทบุรี,บางบัวทอง,เทศบาลเมืองใหม่บางบัวทอง,60.0
199,2563,กรกฎาคม,นนทบุรี,บางบัวทอง,อบต.ละหาร,3.19
200,2563,กรกฎาคม,นนทบุรี,บางใหญ่,เทศบาลเมืองบางแม่นาง,4.0
201,2563,กรกฎาคม,นนทบุรี,บางใหญ่,เทศบาลตำบลบางม่วง,2.95
202,2563,กรกฎาคม,นนทบุรี,บางใหญ่,เทศบาลตำบลบางเลน,367.54
203,2563,กรกฎาคม,นนทบุรี,บางใหญ่,เทศบาลตำบลบางใหญ่,129.1
204,2563,กรกฎาคม,นนทบุรี,บางใหญ่,เทศบาลตำบลบ้านบางม่วง,54.21
205,2563,กรกฎาคม,นนทบุรี,บางใหญ่,เทศบาลตำบลเสาธงหิน,1.29
206,2563,กรกฎาคม,นนทบุรี,บางใหญ่,อบต.บางใหญ่,548.5
207,2563,กรกฎาคม,นนทบุรี,บางใหญ่,อบต.บ้านใหม่,2.0
208,2563,กรกฎาคม,นนทบุรี,ปากเกร็ด,เทศบาลนครปากเกร็ด,950.0
209,2563,กรกฎาคม,นนทบุรี,ปากเกร็ด,เทศบาลตำบลบางพลับ,137.07
210,2563,กรกฎาคม,นนทบุรี,ปากเกร็ด,อบต.เกาะเกร็ด,5.0
211,2563,กรกฎาคม,นนทบุรี,ปากเกร็ด,อบต.คลองพระอุดม,5.0
212,2563,กรกฎาคม,นนทบุรี,ปากเกร็ด,อบต.บางตะไนย์,36.53
213,2563,กรกฎาคม,นนทบุรี,เมืองนนทบุรี,เทศบาลนครนนทบุรี,3547.94
214,2563,กรกฎาคม,นนทบุรี,เมืองนนทบุรี,เทศบาลเมืองบางกร่าง,12.0
215,2563,กรกฎาคม,นนทบุรี,เมืองนนทบุรี,เทศบาลเมืองบางศรีเมือง,397.98
216,2563,กรกฎาคม,นนทบุรี,เมืองนนทบุรี,อบต.บางไผ่,2846.0
217,2563,สิงหาคม,นนทบุรี,ไทรน้อย,เทศบาลตำบลไทรน้อย,6.74
218,2563,สิงหาคม,นนทบุรี,ไทรน้อย,อบต.ทวีวัฒนา,0.93
219,2563,สิงหาคม,นนทบุรี,ไทรน้อย,อบต.หนองเพรางาย,15.0
220,2563,สิงหาคม,นนทบุรี,บางกรวย,เทศบาลเมืองบางกรวย,375.0
221,2563,สิงหาคม,นนทบุรี,บางกรวย,เทศบาลตำบลบางสีทอง,1.05
222,2563,สิงหาคม,นนทบุรี,บางกรวย,เทศบาลตำบลปลายบาง,582.68
223,2563,สิงหาคม,นนทบุรี,บางกรวย,เทศบาลตำบลศาลากลาง,2.6
224,2563,สิงหาคม,นนทบุรี,บางกรวย,อบต.บางขนุน,113.27
225,2563,สิงหาคม,นนทบุรี,บางกรวย,อบต.บางขุนกอง,130.0
226,2563,สิงหาคม,นนทบุรี,บางกรวย,อบต.มหาสวัสดิ์,6.53
227,2563,สิงหาคม,นนทบุรี,บางบัวทอง,เทศบาลเมืองบางคูรัด,320.35
228,2563,สิงหาคม,นนทบุรี,บางบัวทอง,เทศบาลเมืองบางบัวทอง,288.15
229,2563,สิงหาคม,นนทบุรี,บางบัวทอง,เทศบาลเมืองบางรักพัฒนา,467.74
230,2563,สิงหาคม,นนทบุรี,บางบัวทอง,เทศบาลเมืองใหม่บางบัวทอง,60.0
231,2563,สิงหาคม,นนทบุรี,บางบัวทอง,อบต.ละหาร,5.07
232,2563,สิงหาคม,นนทบุรี,บางบัวทอง,อบต.ลำโพ,5.0
233,2563,สิงหาคม,นนทบุรี,บางใหญ่,เทศบาลเมืองบางแม่นาง,3.5
234,2563,สิงหาคม,นนทบุรี,บางใหญ่,เทศบาลตำบลบางม่วง,2.55
235,2563,สิงหาคม,นนทบุรี,บางใหญ่,เทศบาลตำบลบางเลน,368.36
236,2563,สิงหาคม,นนทบุรี,บางใหญ่,เทศบาลตำบลบางใหญ่,122.14
237,2563,สิงหาคม,นนทบุรี,บางใหญ่,เทศบาลตำบลบ้านบางม่วง,42.32
238,2563,สิงหาคม,นนทบุรี,บางใหญ่,เทศบาลตำบลเสาธงหิน,1.06
239,2563,สิงหาคม,นนทบุรี,บางใหญ่,อบต.บางใหญ่,0.3
240,2563,สิงหาคม,นนทบุรี,บางใหญ่,อบต.บ้านใหม่,2.0
241,2563,สิงหาคม,นนทบุรี,ปากเกร็ด,เทศบาลนครปากเกร็ด,900.0
242,2563,สิงหาคม,นนทบุรี,ปากเกร็ด,เทศบาลตำบลบางพลับ,134.06
243,2563,สิงหาคม,นนทบุรี,ปากเกร็ด,อบต.เกาะเกร็ด,5.0
244,2563,สิงหาคม,นนทบุรี,ปากเกร็ด,อบต.คลองพระอุดม,5.0
245,2563,สิงหาคม,นนทบุรี,ปากเกร็ด,อบต.บางตะไนย์,28.97
246,2563,สิงหาคม,นนทบุรี,เมืองนนทบุรี,เทศบาลนครนนทบุรี,3260.0
247,2563,สิงหาคม,นนทบุรี,เมืองนนทบุรี,เทศบาลเมืองบางกร่าง,10.0
248,2563,สิงหาคม,นนทบุรี,เมืองนนทบุรี,เทศบาลเมืองบางศรีเมือง,388.66
249,2563,กันยายน,นนทบุรี,ไทรน้อย,เทศบาลตำบลไทรน้อย,6.25
250,2563,กันยายน,นนทบุรี,ไทรน้อย,อบต.ทวีวัฒนา,0.95
251,2563,กันยายน,นนทบุรี,ไทรน้อย,อบต.หนองเพรางาย,15.0
252,2563,กันยายน,นนทบุรี,บางกรวย,เทศบาลเมืองบางกรวย,292.0
253,2563,กันยายน,นนทบุรี,บางกรวย,เทศบาลตำบลบางสีทอง,3.12
254,2563,กันยายน,นนทบุรี,บางกรวย,เทศบาลตำบลปลายบาง,590.72
255,2563,กันยายน,นนทบุรี,บางกรวย,เทศบาลตำบลศาลากลาง,2.5
256,2563,กันยายน,นนทบุรี,บางกรวย,อบต.บางขนุน,118.8
257,2563,กันยายน,นนทบุรี,บางกรวย,อบต.บางขุนกอง,170.0
258,2563,กันยายน,นนทบุรี,บางกรวย,อบต.มหาสวัสดิ์,6.48
259,2563,กันยายน,นนทบุรี,บางบัวทอง,เทศบาลเมืองบางคูรัด,312.35
260,2563,กันยายน,นนทบุรี,บางบัวทอง,เทศบาลเมืองบางบัวทอง,269.44
261,2563,กันยายน,นนทบุรี,บางบัวทอง,เทศบาลเมืองบางรักพัฒนา,491.76
262,2563,กันยายน,นนทบุรี,บางบัวทอง,เทศบาลเมืองใหม่บางบัวทอง,10.0
263,2563,กันยายน,นนทบุรี,บางบัวทอง,อบต.ละหาร,3.09
264,2563,กันยายน,นนทบุรี,บางบัวทอง,อบต.ลำโพ,5.0
265,2563,กันยายน,นนทบุรี,บางใหญ่,เทศบาลเมืองบางแม่นาง,3.5
266,2563,กันยายน,นนทบุรี,บางใหญ่,เทศบาลตำบลบางม่วง,2.35
267,2563,กันยายน,นนทบุรี,บางใหญ่,เทศบาลตำบลบางเลน,386.22
268,2563,กันยายน,นนทบุรี,บางใหญ่,เทศบาลตำบลบางใหญ่,120.41
269,2563,กันยายน,นนทบุรี,บางใหญ่,เทศบาลตำบลบ้านบางม่วง,54.21
270,2563,กันยายน,นนทบุรี,บางใหญ่,เทศบาลตำบลเสาธงหิน,331.1
271,2563,กันยายน,นนทบุรี,บางใหญ่,อบต.บางใหญ่,102.0
272,2563,กันยายน,นนทบุรี,บางใหญ่,อบต.บ้านใหม่,1.0
273,2563,กันยายน,นนทบุรี,ปากเกร็ด,เทศบาลนครปากเกร็ด,900.0
274,2563,กันยายน,นนทบุรี,ปากเกร็ด,เทศบาลตำบลบางพลับ,135.3
275,2563,กันยายน,นนทบุรี,ปากเกร็ด,อบต.เกาะเกร็ด,5.0
276,2563,กันยายน,นนทบุรี,ปากเกร็ด,อบต.คลองพระอุดม,5.0
277,2563,กันยายน,นนทบุรี,ปากเกร็ด,อบต.ท่าอิฐ,34.05
278,2563,กันยายน,นนทบุรี,ปากเกร็ด,อบต.บางตะไนย์,40.85
279,2563,กันยายน,นนทบุรี,เมืองนนทบุรี,เทศบาลนครนนทบุรี,3371.62
280,2563,กันยายน,นนทบุรี,เมืองนนทบุรี,เทศบาลเมืองบางกร่าง,11.0
281,2563,กันยายน,นนทบุรี,เมืองนนทบุรี,เทศบาลเมืองบางศรีเมือง,387.74
282,2563,กันยายน,นนทบุรี,เมืองนนทบุรี,อบต.บางไผ่,1014.0
283,2563,ตุลาคม,นนทบุรี,ไทรน้อย,เทศบาลตำบลไทรน้อย,5.11
284,2563,ตุลาคม,นนทบุรี,ไทรน้อย,อบต.ขุนศรี,0.25
285,2563,ตุลาคม,นนทบุรี,ไทรน้อย,อบต.ทวีวัฒนา,0.74
286,2563,ตุลาคม,นนทบุรี,ไทรน้อย,อบต.หนองเพรางาย,15.0
287,2563,ตุลาคม,นนทบุรี,บางกรวย,เทศบาลเมืองบางกรวย,443.82
288,2563,ตุลาคม,นนทบุรี,บางกรวย,เทศบาลตำบลบางสีทอง,6.65
289,2563,ตุลาคม,นนทบุรี,บางกรวย,เทศบาลตำบลปลายบาง,476.5
290,2563,ตุลาคม,นนทบุรี,บางกรวย,เทศบาลตำบลศาลากลาง,2.5
291,2563,ตุลาคม,นนทบุรี,บางกรวย,อบต.บางขนุน,30.29
292,2563,ตุลาคม,นนทบุรี,บางกรวย,อบต.บางขุนกอง,10.0
293,2563,ตุลาคม,นนทบุรี,บางกรวย,อบต.มหาสวัสดิ์,5.01
294,2563,ตุลาคม,นนทบุรี,บางบัวทอง,เทศบาลเมืองบางคูรัด,274.68
295,2563,ตุลาคม,นนทบุรี,บางบัวทอง,เทศบาลเมืองบางบัวทอง,230.61
296,2563,ตุลาคม,นนทบุรี,บางบัวทอง,เทศบาลเมืองบางรักพัฒนา,451.53
297,2563,ตุลาคม,นนทบุรี,บางบัวทอง,เทศบาลเมืองใหม่บางบัวทอง,50.0
298,2563,ตุลาคม,นนทบุรี,บางบัวทอง,อบต.ละหาร,0.23
299,2563,ตุลาคม,นนทบุรี,บางใหญ่,เทศบาลเมืองบางแม่นาง,2.0
300,2563,ตุลาคม,นนทบุรี,บางใหญ่,เทศบาลตำบลบางม่วง,2.51
301,2563,ตุลาคม,นนทบุรี,บางใหญ่,เทศบาลตำบลบางเลน,276.98
302,2563,ตุลาคม,นนทบุรี,บางใหญ่,เทศบาลตำบลบางใหญ่,118.98
303,2563,ตุลาคม,นนทบุรี,บางใหญ่,เทศบาลตำบลบ้านบางม่วง,45.33
304,2563,ตุลาคม,นนทบุรี,บางใหญ่,เทศบาลตำบลเสาธงหิน,1.42
305,2563,ตุลาคม,นนทบุรี,บางใหญ่,อบต.บางใหญ่,396.1
306,2563,ตุลาคม,นนทบุรี,บางใหญ่,อบต.บ้านใหม่,1.0
307,2563,ตุลาคม,นนทบุรี,ปากเกร็ด,เทศบาลนครปากเกร็ด,649.64
308,2563,ตุลาคม,นนทบุรี,ปากเกร็ด,เทศบาลตำบลบางพลับ,101.86
309,2563,ตุลาคม,นนทบุรี,ปากเกร็ด,อบต.เกาะเกร็ด,1.0
310,2563,ตุลาคม,นนทบุรี,ปากเกร็ด,อบต.บางตะไนย์,0.05
311,2563,ตุลาคม,นนทบุรี,เมืองนนทบุรี,เทศบาลนครนนทบุรี,3257.0
312,2563,ตุลาคม,นนทบุรี,เมืองนนทบุรี,เทศบาลเมืองบางกร่าง,10.0
313,2563,ตุลาคม,นนทบุรี,เมืองนนทบุรี,เทศบาลเมืองบางศรีเมือง,355.2
314,2563,พฤศจิกายน,นนทบุรี,ไทรน้อย,เทศบาลตำบลไทรน้อย,4.82
315,2563,พฤศจิกายน,นนทบุรี,ไทรน้อย,อบต.ทวีวัฒนา,0.81
316,2563,พฤศจิกายน,นนทบุรี,ไทรน้อย,อบต.หนองเพรางาย,10.0
317,2563,พฤศจิกายน,นนทบุรี,บางกรวย,เทศบาลเมืองบางกรวย,315.17
318,2563,พฤศจิกายน,นนทบุรี,บางกรวย,เทศบาลตำบลบางสีทอง,5.26
319,2563,พฤศจิกายน,นนทบุรี,บางกรวย,เทศบาลตำบลปลายบาง,454.26
320,2563,พฤศจิกายน,นนทบุรี,บางกรวย,เทศบาลตำบลศาลากลาง,2.1
321,2563,พฤศจิกายน,นนทบุรี,บางกรวย,อบต.บางขนุน,106.85
322,2563,พฤศจิกายน,นนทบุรี,บางกรวย,อบต.บางขุนกอง,80.0
323,2563,พฤศจิกายน,นนทบุรี,บางกรวย,อบต.มหาสวัสดิ์,3.9
324,2563,พฤศจิกายน,นนทบุรี,บางบัวทอง,เทศบาลเมืองบางคูรัด,230.27
325,2563,พฤศจิกายน,นนทบุรี,บางบัวทอง,เทศบาลเมืองบางบัวทอง,298.64
326,2563,พฤศจิกายน,นนทบุรี,บางบัวทอง,เทศบาลเมืองบางรักพัฒนา,376.84
327,2563,พฤศจิกายน,นนทบุรี,บางบัวทอง,เทศบาลเมืองใหม่บางบัวทอง,30.0
328,2563,พฤศจิกายน,นนทบุรี,บางบัวทอง,อบต.ละหาร,0.7
329,2563,พฤศจิกายน,นนทบุรี,บางใหญ่,เทศบาลเมืองบางแม่นาง,3.0
330,2563,พฤศจิกายน,นนทบุรี,บางใหญ่,เทศบาลตำบลบางม่วง,2.65
331,2563,พฤศจิกายน,นนทบุรี,บางใหญ่,เทศบาลตำบลบางเลน,235.24
332,2563,พฤศจิกายน,นนทบุรี,บางใหญ่,เทศบาลตำบลบางใหญ่,115.14
333,2563,พฤศจิกายน,นนทบุรี,บางใหญ่,เทศบาลตำบลบ้านบางม่วง,47.33
334,2563,พฤศจิกายน,นนทบุรี,บางใหญ่,เทศบาลตำบลเสาธงหิน,1.42
335,2563,พฤศจิกายน,นนทบุรี,บางใหญ่,อบต.บางใหญ่,548.5
336,2563,พฤศจิกายน,นนทบุรี,บางใหญ่,อบต.บ้านใหม่,1.0
337,2563,พฤศจิกายน,นนทบุรี,ปากเกร็ด,เทศบาลนครปากเกร็ด,720.0
338,2563,พฤศจิกายน,นนทบุรี,ปากเกร็ด,เทศบาลตำบลบางพลับ,83.38
339,2563,พฤศจิกายน,นนทบุรี,ปากเกร็ด,อบต.ท่าอิฐ,104.48
340,2563,พฤศจิกายน,นนทบุรี,ปากเกร็ด,อบต.บางตะไนย์,0.05
341,2563,พฤศจิกายน,นนทบุรี,เมืองนนทบุรี,เทศบาลนครนนทบุรี,3016.0
342,2563,พฤศจิกายน,นนทบุรี,เมืองนนทบุรี,เทศบาลเมืองบางกร่าง,11.0
343,2563,พฤศจิกายน,นนทบุรี,เมืองนนทบุรี,เทศบาลเมืองบางศรีเมือง,303.88
344,2563,พฤศจิกายน,นนทบุรี,เมืองนนทบุรี,อบต.บางไผ่,0.74
345,2563,ธันวาคม,นนทบุรี,ไทรน้อย,เทศบาลตำบลไทรน้อย,5.11
346,2563,ธันวาคม,นนทบุรี,ไทรน้อย,อบต.ทวีวัฒนา,0.74
347,2563,ธันวาคม,นนทบุรี,ไทรน้อย,อบต.หนองเพรางาย,24.0
348,2563,ธันวาคม,นนทบุรี,บางกรวย,เทศบาลเมืองบางกรวย,308.0
349,2563,ธันวาคม,นนทบุรี,บางกรวย,เทศบาลตำบลบางสีทอง,5.95
350,2563,ธันวาคม,นนทบุรี,บางกรวย,เทศบาลตำบลปลายบาง,470.29
351,2563,ธันวาคม,นนทบุรี,บางกรวย,เทศบาลตำบลศาลากลาง,2.1
352,2563,ธันวาคม,นนทบุรี,บางกรวย,อบต.บางขนุน,108.73
353,2563,ธันวาคม,นนทบุรี,บางกรวย,อบต.บางขุนกอง,100.0
354,2563,ธันวาคม,นนทบุรี,บางกรวย,อบต.มหาสวัสดิ์,5.21
355,2563,ธันวาคม,นนทบุรี,บางบัวทอง,เทศบาลเมืองบางคูรัด,247.46
356,2563,ธันวาคม,นนทบุรี,บางบัวทอง,เทศบาลเมืองบางบัวทอง,321.17
357,2563,ธันวาคม,นนทบุรี,บางบัวทอง,เทศบาลเมืองบางรักพัฒนา,396.62
358,2563,ธันวาคม,นนทบุรี,บางบัวทอง,เทศบาลเมืองใหม่บางบัวทอง,40.0
359,2563,ธันวาคม,นนทบุรี,บางบัวทอง,อบต.ละหาร,2.84
360,2563,ธันวาคม,นนทบุรี,บางใหญ่,เทศบาลเมืองบางแม่นาง,3.0
361,2563,ธันวาคม,นนทบุรี,บางใหญ่,เทศบาลตำบลบางม่วง,2.95
362,2563,ธันวาคม,นนทบุรี,บางใหญ่,เทศบาลตำบลบางเลน,270.62
363,2563,ธันวาคม,นนทบุรี,บางใหญ่,เทศบาลตำบลบางใหญ่,118.96
364,2563,ธันวาคม,นนทบุรี,บางใหญ่,เทศบาลตำบลบ้านบางม่วง,42.12
365,2563,ธันวาคม,นนทบุรี,บางใหญ่,เทศบาลตำบลเสาธงหิน,1.27
366,2563,ธันวาคม,นนทบุรี,บางใหญ่,อบต.บางใหญ่,363.9
367,2563,ธันวาคม,นนทบุรี,บางใหญ่,อบต.บ้านใหม่,1.0
368,2563,ธันวาคม,นนทบุรี,ปากเกร็ด,เทศบาลนครปากเกร็ด,650.0
369,2563,ธันวาคม,นนทบุรี,ปากเกร็ด,เทศบาลตำบลบางพลับ,89.4
370,2563,ธันวาคม,นนทบุรี,ปากเกร็ด,อบต.เกาะเกร็ด,1.0
371,2563,ธันวาคม,นนทบุรี,ปากเกร็ด,อบต.คลองพระอุดม,3.0
372,2563,ธันวาคม,นนทบุรี,ปากเกร็ด,อบต.ท่าอิฐ,4.01
373,2563,ธันวาคม,นนทบุรี,ปากเกร็ด,อบต.บางตะไนย์,0.05
374,2563,ธันวาคม,นนทบุรี,เมืองนนทบุรี,เทศบาลนครนนทบุรี,3106.0
375,2563,ธันวาคม,นนทบุรี,เมืองนนทบุรี,เทศบาลเมืองบางกร่าง,10.0
376,2563,ธันวาคม,นนทบุรี,เมืองนนทบุรี,เทศบาลเมืองบางศรีเมือง,329.93
377,2563,ธันวาคม,นนทบุรี,เมืองนนทบุรี,อบต.บางไผ่,1.41
378,2564,มกราคม,นนทบุรี,ไทรน้อย,เทศบาลตำบลไทรน้อย,5.17
379,2564,มกราคม,นนทบุรี,ไทรน้อย,อบต.ทวีวัฒนา,0.91
380,2564,มกราคม,นนทบุรี,ไทรน้อย,อบต.หนองเพรางาย,20.0
381,2564,มกราคม,นนทบุรี,บางกรวย,เทศบาลเมืองบางกรวย,400.0
382,2564,มกราคม,นนทบุรี,บางกรวย,เทศบาลตำบลบางสีทอง,2.27
383,2564,มกราคม,นนทบุรี,บางกรวย,เทศบาลตำบลปลายบาง,699.07
384,2564,มกราคม,นนทบุรี,บางกรวย,เทศบาลตำบลศาลากลาง,3.0
385,2564,มกราคม,นนทบุรี,บางกรวย,อบต.บางขนุน,108.45
386,2564,มกราคม,นนทบุรี,บางกรวย,อบต.บางขุนกอง,120.0
387,2564,มกราคม,นนทบุรี,บางกรวย,อบต.มหาสวัสดิ์,8.04
388,2564,มกราคม,นนทบุรี,บางบัวทอง,เทศบาลเมืองบางคูรัด,326.24
389,2564,มกราคม,นนทบุรี,บางบัวทอง,เทศบาลเมืองบางบัวทอง,257.35
390,2564,มกราคม,นนทบุรี,บางบัวทอง,เทศบาลเมืองบางรักพัฒนา,419.49
391,2564,มกราคม,นนทบุรี,บางบัวทอง,เทศบาลเมืองใหม่บางบัวทอง,40.0
392,2564,มกราคม,นนทบุรี,บางบัวทอง,อบต.ลำโพ,5.0
393,2564,มกราคม,นนทบุรี,บางใหญ่,เทศบาลเมืองบางแม่นาง,4.0
394,2564,มกราคม,นนทบุรี,บางใหญ่,เทศบาลตำบลบางม่วง,2.32
395,2564,มกราคม,นนทบุรี,บางใหญ่,เทศบาลตำบลบางเลน,310.65
396,2564,มกราคม,นนทบุรี,บางใหญ่,เทศบาลตำบลบางใหญ่,108.73
397,2564,มกราคม,นนทบุรี,บางใหญ่,เทศบาลตำบลบ้านบางม่วง,63.0
398,2564,มกราคม,นนทบุรี,บางใหญ่,เทศบาลตำบลเสาธงหิน,59.19
399,2564,มกราคม,นนทบุรี,บางใหญ่,อบต.บางใหญ่,0.3
400,2564,มกราคม,นนทบุรี,บางใหญ่,อบต.บ้านใหม่,1.0
401,2564,มกราคม,นนทบุรี,ปากเกร็ด,เทศบาลนครปากเกร็ด,900.0
402,2564,มกราคม,นนทบุรี,ปากเกร็ด,เทศบาลตำบลบางพลับ,108.67
403,2564,มกราคม,นนทบุรี,ปากเกร็ด,อบต.เกาะเกร็ด,5.0
404,2564,มกราคม,นนทบุรี,ปากเกร็ด,อบต.คลองพระอุดม,5.0
405,2564,มกราคม,นนทบุรี,ปากเกร็ด,อบต.ท่าอิฐ,13.35
406,2564,มกราคม,นนทบุรี,ปากเกร็ด,อบต.บางตะไนย์,28.35
407,2564,มกราคม,นนทบุรี,เมืองนนทบุรี,เทศบาลนครนนทบุรี,3201.2
408,2564,มกราคม,นนทบุรี,เมืองนนทบุรี,เทศบาลเมืองบางกร่าง,18.0
409,2564,มกราคม,นนทบุรี,เมืองนนทบุรี,เทศบาลเมืองบางศรีเมือง,363.73
410,2564,กุมภาพันธ์,นนทบุรี,ไทรน้อย,เทศบาลตำบลไทรน้อย,5.12
411,2564,กุมภาพันธ์,นนทบุรี,ไทรน้อย,อบต.ทวีวัฒนา,0.86
412,2564,กุมภาพันธ์,นนทบุรี,ไทรน้อย,อบต.ราษฎร์นิยม,30.0
413,2564,กุมภาพันธ์,นนทบุรี,ไทรน้อย,อบต.หนองเพรางาย,20.0
414,2564,กุมภาพันธ์,นนทบุรี,บางกรวย,เทศบาลเมืองบางกรวย,322.47
415,2564,กุมภาพันธ์,นนทบุรี,บางกรวย,เทศบาลตำบลบางสีทอง,3.39
416,2564,กุมภาพันธ์,นนทบุรี,บางกรวย,เทศบาลตำบลปลายบาง,6.91
417,2564,กุมภาพันธ์,นนทบุรี,บางกรวย,เทศบาลตำบลศาลากลาง,3.0
418,2564,กุมภาพันธ์,นนทบุรี,บางกรวย,อบต.บางขนุน,108.45
419,2564,กุมภาพันธ์,นนทบุรี,บางกรวย,อบต.บางขุนกอง,120.0
420,2564,กุมภาพันธ์,นนทบุรี,บางกรวย,อบต.มหาสวัสดิ์,6.91
421,2564,กุมภาพันธ์,นนทบุรี,บางบัวทอง,เทศบาลเมืองบางคูรัด,264.46
422,2564,กุมภาพันธ์,นนทบุรี,บางบัวทอง,เทศบาลเมืองบางบัวทอง,250.0
423,2564,กุมภาพันธ์,นนทบุรี,บางบัวทอง,เทศบาลเมืองบางรักพัฒนา,466.53
424,2564,กุมภาพันธ์,นนทบุรี,บางบัวทอง,เทศบาลเมืองใหม่บางบัวทอง,10.0
425,2564,กุมภาพันธ์,นนทบุรี,บางบัวทอง,อบต.ละหาร,3.02
426,2564,กุมภาพันธ์,นนทบุรี,บางบัวทอง,อบต.ลำโพ,5.0
427,2564,กุมภาพันธ์,นนทบุรี,บางใหญ่,เทศบาลเมืองบางแม่นาง,4.0
428,2564,กุมภาพันธ์,นนทบุรี,บางใหญ่,เทศบาลตำบลบางม่วง,2.0
429,2564,กุมภาพันธ์,นนทบุรี,บางใหญ่,เทศบาลตำบลบางเลน,291.03
430,2564,กุมภาพันธ์,นนทบุรี,บางใหญ่,เทศบาลตำบลบางใหญ่,120.0
431,2564,กุมภาพันธ์,นนทบุรี,บางใหญ่,เทศบาลตำบลบ้านบางม่วง,109.57
432,2564,กุมภาพันธ์,นนทบุรี,บางใหญ่,เทศบาลตำบลเสาธงหิน,100.0
433,2564,กุมภาพันธ์,นนทบุรี,บางใหญ่,อบต.บางใหญ่,0.35
434,2564,กุมภาพันธ์,นนทบุรี,บางใหญ่,อบต.บ้านใหม่,1.0
435,2564,กุมภาพันธ์,นนทบุรี,ปากเกร็ด,เทศบาลนครปากเกร็ด,900.0
436,2564,กุมภาพันธ์,นนทบุรี,ปากเกร็ด,เทศบาลตำบลบางพลับ,109.21
437,2564,กุมภาพันธ์,นนทบุรี,ปากเกร็ด,อบต.เกาะเกร็ด,5.0
438,2564,กุมภาพันธ์,นนทบุรี,ปากเกร็ด,อบต.คลองพระอุดม,5.0
439,2564,กุมภาพันธ์,นนทบุรี,ปากเกร็ด,อบต.ท่าอิฐ,50.0
440,2564,กุมภาพันธ์,นนทบุรี,ปากเกร็ด,อบต.บางตะไนย์,26.81
441,2564,กุมภาพันธ์,นนทบุรี,เมืองนนทบุรี,เทศบาลนครนนทบุรี,3459.4
442,2564,กุมภาพันธ์,นนทบุรี,เมืองนนทบุรี,เทศบาลเมืองบางกร่าง,15.0
443,2564,กุมภาพันธ์,นนทบุรี,เมืองนนทบุรี,เทศบาลเมืองบางศรีเมือง,348.1
444,2564,มีนาคม,นนทบุรี,ไทรน้อย,อบต.ทวีวัฒนา,0.86
445,2564,มีนาคม,นนทบุรี,ไทรน้อย,อบต.หนองเพรางาย,20.0
446,2564,มีนาคม,นนทบุรี,บางกรวย,เทศบาลเมืองบางกรวย,332.0
447,2564,มีนาคม,นนทบุรี,บางกรวย,เทศบาลตำบลบางสีทอง,1.58
448,2564,มีนาคม,นนทบุรี,บางกรวย,เทศบาลตำบลปลายบาง,783.94
449,2564,มีนาคม,นนทบุรี,บางกรวย,เทศบาลตำบลศาลากลาง,3.0
450,2564,มีนาคม,นนทบุรี,บางกรวย,อบต.บางขนุน,117.33
451,2564,มีนาคม,นนทบุรี,บางกรวย,อบต.บางขุนกอง,120.0
452,2564,มีนาคม,นนทบุรี,บางกรวย,อบต.มหาสวัสดิ์,7.75
453,2564,มีนาคม,นนทบุรี,บางบัวทอง,เทศบาลเมืองบางคูรัด,235.29
454,2564,มีนาคม,นนทบุรี,บางบัวทอง,เทศบาลเมืองบางบัวทอง,249.35
455,2564,มีนาคม,นนทบุรี,บางบัวทอง,เทศบาลเมืองบางรักพัฒนา,503.81
456,2564,มีนาคม,นนทบุรี,บางบัวทอง,เทศบาลเมืองใหม่บางบัวทอง,40.0
457,2564,มีนาคม,นนทบุรี,บางบัวทอง,อบต.ลำโพ,5.0
458,2564,มีนาคม,นนทบุรี,บางใหญ่,เทศบาลเมืองบางแม่นาง,4.5
459,2564,มีนาคม,นนทบุรี,บางใหญ่,เทศบาลตำบลบางม่วง,2.32
460,2564,มีนาคม,นนทบุรี,บางใหญ่,เทศบาลตำบลบางเลน,397.56
461,2564,มีนาคม,นนทบุรี,บางใหญ่,เทศบาลตำบลบางใหญ่,31.86
462,2564,มีนาคม,นนทบุรี,บางใหญ่,เทศบาลตำบลบ้านบางม่วง,63.0
463,2564,มีนาคม,นนทบุรี,บางใหญ่,เทศบาลตำบลเสาธงหิน,357.97
464,2564,มีนาคม,นนทบุรี,บางใหญ่,อบต.บางใหญ่,2.0
465,2564,มีนาคม,นนทบุรี,บางใหญ่,อบต.บ้านใหม่,1.5
466,2564,มีนาคม,นนทบุรี,ปากเกร็ด,เทศบาลนครปากเกร็ด,900.0
467,2564,มีนาคม,นนทบุรี,ปากเกร็ด,เทศบาลตำบลบางพลับ,151.64
468,2564,มีนาคม,นนทบุรี,ปากเกร็ด,อบต.เกาะเกร็ด,5.0
469,2564,มีนาคม,นนทบุรี,ปากเกร็ด,อบต.คลองพระอุดม,5.0
470,2564,มีนาคม,นนทบุรี,ปากเกร็ด,อบต.ท่าอิฐ,72.0
471,2564,มีนาคม,นนทบุรี,ปากเกร็ด,อบต.บางตะไนย์,33.92
472,2564,มีนาคม,นนทบุรี,เมืองนนทบุรี,เทศบาลนครนนทบุรี,3610.46
473,2564,มีนาคม,นนทบุรี,เมืองนนทบุรี,เทศบาลเมืองบางกร่าง,18.0
474,2564,มีนาคม,นนทบุรี,เมืองนนทบุรี,เทศบาลเมืองบางศรีเมือง,316.88
475,2564,เมษายน,นนทบุรี,ไทรน้อย,เทศบาลตำบลไทรน้อย,6.25
476,2564,เมษายน,นนทบุรี,ไทรน้อย,อบต.ทวีวัฒนา,1.04
477,2564,เมษายน,นนทบุรี,ไทรน้อย,อบต.หนองเพรางาย,20.0
478,2564,เมษายน,นนทบุรี,บางกรวย,เทศบาลเมืองบางกรวย,337.73
479,2564,เมษายน,นนทบุรี,บางกรวย,เทศบาลตำบลบางสีทอง,1.58
480,2564,เมษายน,นนทบุรี,บางกรวย,เทศบาลตำบลปลายบาง,608.43
481,2564,เมษายน,นนทบุรี,บางกรวย,เทศบาลตำบลศาลากลาง,4.0
482,2564,เมษายน,นนทบุรี,บางกรวย,อบต.บางขนุน,113.55
483,2564,เมษายน,นนทบุรี,บางกรวย,อบต.บางขุนกอง,115.0
484,2564,เมษายน,นนทบุรี,บางกรวย,อบต.มหาสวัสดิ์,7.83
485,2564,เมษายน,นนทบุรี,บางบัวทอง,เทศบาลเมืองบางคูรัด,331.22
486,2564,เมษายน,นนทบุรี,บางบัวทอง,เทศบาลเมืองบางบัวทอง,221.48
487,2564,เมษายน,นนทบุรี,บางบัวทอง,เทศบาลเมืองบางรักพัฒนา,484.07
488,2564,เมษายน,นนทบุรี,บางบัวทอง,เทศบาลเมืองใหม่บางบัวทอง,50.0
489,2564,เมษายน,นนทบุรี,บางบัวทอง,อบต.ลำโพ,5.0
490,2564,เมษายน,นนทบุรี,บางใหญ่,เทศบาลเมืองบางแม่นาง,4.5
491,2564,เมษายน,นนทบุรี,บางใหญ่,เทศบาลตำบลบางม่วง,2.18
492,2564,เมษายน,นนทบุรี,บางใหญ่,เทศบาลตำบลบางเลน,364.52
493,2564,เมษายน,นนทบุรี,บางใหญ่,เทศบาลตำบลบางใหญ่,30.58
494,2564,เมษายน,นนทบุรี,บางใหญ่,เทศบาลตำบลบ้านบางม่วง,69.0
495,2564,เมษายน,นนทบุรี,บางใหญ่,เทศบาลตำบลเสาธงหิน,161.77
496,2564,เมษายน,นนทบุรี,บางใหญ่,อบต.บางใหญ่,1.0
497,2564,เมษายน,นนทบุรี,บางใหญ่,อบต.บ้านใหม่,1.0
498,2564,เมษายน,นนทบุรี,ปากเกร็ด,เทศบาลนครปากเกร็ด,900.0
499,2564,เมษายน,นนทบุรี,ปากเกร็ด,เทศบาลตำบลบางพลับ,137.67
500,2564,เมษายน,นนทบุรี,ปากเกร็ด,อบต.เกาะเกร็ด,5.0
501,2564,เมษายน,นนทบุรี,ปากเกร็ด,อบต.คลองพระอุดม,5.0
502,2564,เมษายน,นนทบุรี,ปากเกร็ด,อบต.ท่าอิฐ,90.5
503,2564,เมษายน,นนทบุรี,ปากเกร็ด,อบต.บางตะไนย์,30.26
504,2564,เมษายน,นนทบุรี,เมืองนนทบุรี,เทศบาลนครนนทบุรี,3403.77
505,2564,เมษายน,นนทบุรี,เมืองนนทบุรี,เทศบาลเมืองบางกร่าง,17.0
506,2564,เมษายน,นนทบุรี,เมืองนนทบุรี,เทศบาลเมืองบางศรีเมือง,397.17
507,2564,พฤษภาคม,นนทบุรี,ไทรน้อย,อบต.ทวีวัฒนา,0.99
508,2564,พฤษภาคม,นนทบุรี,ไทรน้อย,อบต.หนองเพรางาย,20.0
509,2564,พฤษภาคม,นนทบุรี,บางกรวย,เทศบาลเมืองบางกรวย,350.0
510,2564,พฤษภาคม,นนทบุรี,บางกรวย,เทศบาลตำบลบางสีทอง,4.99
511,2564,พฤษภาคม,นนทบุรี,บางกรวย,เทศบาลตำบลปลายบาง,783.94
512,2564,พฤษภาคม,นนทบุรี,บางกรวย,เทศบาลตำบลศาลากลาง,4.0
513,2564,พฤษภาคม,นนทบุรี,บางกรวย,อบต.บางขนุน,118.24
514,2564,พฤษภาคม,นนทบุรี,บางกรวย,อบต.บางขุนกอง,180.0
515,2564,พฤษภาคม,นนทบุรี,บางกรวย,อบต.มหาสวัสดิ์,8.15
516,2564,พฤษภาคม,นนทบุรี,บางบัวทอง,เทศบาลเมืองบางคูรัด,311.79
517,2564,พฤษภาคม,นนทบุรี,บางบัวทอง,เทศบาลเมืองบางบัวทอง,218.26
518,2564,พฤษภาคม,นนทบุรี,บางบัวทอง,เทศบาลเมืองบางรักพัฒนา,485.3
519,2564,พฤษภาคม,นนทบุรี,บางบัวทอง,เทศบาลเมืองใหม่บางบัวทอง,50.0
520,2564,พฤษภาคม,นนทบุรี,บางบัวทอง,อบต.ลำโพ,5.0
521,2564,พฤษภาคม,นนทบุรี,บางใหญ่,เทศบาลเมืองบางแม่นาง,5.0
522,2564,พฤษภาคม,นนทบุรี,บางใหญ่,เทศบาลตำบลบางม่วง,1.98
523,2564,พฤษภาคม,นนทบุรี,บางใหญ่,เทศบาลตำบลบางเลน,346.93
524,2564,พฤษภาคม,นนทบุรี,บางใหญ่,เทศบาลตำบลบางใหญ่,30.11
525,2564,พฤษภาคม,นนทบุรี,บางใหญ่,เทศบาลตำบลบ้านบางม่วง,42.32
526,2564,พฤษภาคม,นนทบุรี,บางใหญ่,เทศบาลตำบลเสาธงหิน,117.31
527,2564,พฤษภาคม,นนทบุรี,บางใหญ่,อบต.บางใหญ่,0.23
528,2564,พฤษภาคม,นนทบุรี,บางใหญ่,อบต.บ้านใหม่,1.5
529,2564,พฤษภาคม,นนทบุรี,ปากเกร็ด,เทศบาลนครปากเกร็ด,800.0
530,2564,พฤษภาคม,นนทบุรี,ปากเกร็ด,เทศบาลตำบลบางพลับ,120.2
531,2564,พฤษภาคม,นนทบุรี,ปากเกร็ด,อบต.เกาะเกร็ด,6.0
532,2564,พฤษภาคม,นนทบุรี,ปากเกร็ด,อบต.คลองพระอุดม,5.0
533,2564,พฤษภาคม,นนทบุรี,ปากเกร็ด,อบต.ท่าอิฐ,36.25
534,2564,พฤษภาคม,นนทบุรี,ปากเกร็ด,อบต.บางตะไนย์,25.42
535,2564,พฤษภาคม,นนทบุรี,เมืองนนทบุรี,เทศบาลนครนนทบุรี,3404.58
536,2564,พฤษภาคม,นนทบุรี,เมืองนนทบุรี,เทศบาลเมืองบางกร่าง,15.0
537,2564,พฤษภาคม,นนทบุรี,เมืองนนทบุรี,เทศบาลเมืองบางศรีเมือง,400.47
538,2564,มิถุนายน,นนทบุรี,ไทรน้อย,เทศบาลตำบลไทรน้อย,6.04
539,2564,มิถุนายน,นนทบุรี,ไทรน้อย,อบต.ทวีวัฒนา,0.95
540,2564,มิถุนายน,นนทบุรี,ไทรน้อย,อบต.หนองเพรางาย,20.0
541,2564,มิถุนายน,นนทบุรี,บางกรวย,เทศบาลเมืองบางกรวย,337.73
542,2564,มิถุนายน,นนทบุรี,บางกรวย,เทศบาลตำบลบางสีทอง,4.48
543,2564,มิถุนายน,นนทบุรี,บางกรวย,เทศบาลตำบลปลายบาง,588.58
544,2564,มิถุนายน,นนทบุรี,บางกรวย,เทศบาลตำบลศาลากลาง,2.6
545,2564,มิถุนายน,นนทบุรี,บางกรวย,อบต.บางขนุน,114.37
546,2564,มิถุนายน,นนทบุรี,บางกรวย,อบต.บางขุนกอง,200.0
547,2564,มิถุนายน,นนทบุรี,บางกรวย,อบต.มหาสวัสดิ์,8.32
548,2564,มิถุนายน,นนทบุรี,บางบัวทอง,เทศบาลเมืองบางคูรัด,305.85
549,2564,มิถุนายน,นนทบุรี,บางบัวทอง,เทศบาลเมืองบางบัวทอง,253.76
550,2564,มิถุนายน,นนทบุรี,บางบัวทอง,เทศบาลเมืองบางรักพัฒนา,461.47
551,2564,มิถุนายน,นนทบุรี,บางบัวทอง,เทศบาลเมืองใหม่บางบัวทอง,40.0
552,2564,มิถุนายน,นนทบุรี,บางบัวทอง,อบต.ละหาร,0.34
553,2564,มิถุนายน,นนทบุรี,บางบัวทอง,อบต.ลำโพ,5.0
554,2564,มิถุนายน,นนทบุรี,บางใหญ่,เทศบาลเมืองบางแม่นาง,4.0
555,2564,มิถุนายน,นนทบุรี,บางใหญ่,เทศบาลตำบลบางม่วง,2.32
556,2564,มิถุนายน,นนทบุรี,บางใหญ่,เทศบาลตำบลบางเลน,317.76
557,2564,มิถุนายน,นนทบุรี,บางใหญ่,เทศบาลตำบลบางใหญ่,29.64
558,2564,มิถุนายน,นนทบุรี,บางใหญ่,เทศบาลตำบลบ้านบางม่วง,38.3
559,2564,มิถุนายน,นนทบุรี,บางใหญ่,เทศบาลตำบลเสาธงหิน,121.8
560,2564,มิถุนายน,นนทบุรี,บางใหญ่,อบต.บางใหญ่,0.23
561,2564,มิถุนายน,นนทบุรี,บางใหญ่,อบต.บ้านใหม่,0.2
562,2564,มิถุนายน,นนทบุรี,ปากเกร็ด,เทศบาลนครปากเกร็ด,700.0
563,2564,มิถุนายน,นนทบุรี,ปากเกร็ด,เทศบาลตำบลบางพลับ,116.47
564,2564,มิถุนายน,นนทบุรี,ปากเกร็ด,อบต.เกาะเกร็ด,4.0
565,2564,มิถุนายน,นนทบุรี,ปากเกร็ด,อบต.คลองพระอุดม,5.0
566,2564,มิถุนายน,นนทบุรี,ปากเกร็ด,อบต.ท่าอิฐ,70.5
567,2564,มิถุนายน,นนทบุรี,ปากเกร็ด,อบต.บางตะไนย์,26.84
568,2564,มิถุนายน,นนทบุรี,ปากเกร็ด,อบต.อ้อมเกร็ด,0.5
569,2564,มิถุนายน,นนทบุรี,เมืองนนทบุรี,เทศบาลนครนนทบุรี,3261.87
570,2564,มิถุนายน,นนทบุรี,เมืองนนทบุรี,เทศบาลเมืองบางกร่าง,15.0
571,2564,มิถุนายน,นนทบุรี,เมืองนนทบุรี,เทศบาลเมืองบางศรีเมือง,381.99
572,2564,กรกฎาคม,นนทบุรี,ไทรน้อย,เทศบาลตำบลไทรน้อย,6.04
573,2564,กรกฎาคม,นนทบุรี,ไทรน้อย,อบต.ทวีวัฒนา,0.97
574,2564,กรกฎาคม,นนทบุรี,ไทรน้อย,อบต.หนองเพรางาย,20.0
575,2564,กรกฎาคม,นนทบุรี,บางกรวย,เทศบาลเมืองบางกรวย,237.0
576,2564,กรกฎาคม,นนทบุรี,บางกรวย,เทศบาลตำบลบางสีทอง,2.4
577,2564,กรกฎาคม,นนทบุรี,บางกรวย,เทศบาลตำบลปลายบาง,588.58
578,2564,กรกฎาคม,นนทบุรี,บางกรวย,เทศบาลตำบลศาลากลาง,3.5
579,2564,กรกฎาคม,นนทบุรี,บางกรวย,อบต.บางขนุน,110.39
580,2564,กรกฎาคม,นนทบุรี,บางกรวย,อบต.บางขุนกอง,180.0
581,2564,กรกฎาคม,นนทบุรี,บางกรวย,อบต.มหาสวัสดิ์,8.45
582,2564,กรกฎาคม,นนทบุรี,บางบัวทอง,เทศบาลเมืองบางคูรัด,295.34
583,2564,กรกฎาคม,นนทบุรี,บางบัวทอง,เทศบาลเมืองบางบัวทอง,234.22
584,2564,กรกฎาคม,นนทบุรี,บางบัวทอง,เทศบาลเมืองบางรักพัฒนา,473.12
585,2564,กรกฎาคม,นนทบุรี,บางบัวทอง,เทศบาลเมืองใหม่บางบัวทอง,10.0
586,2564,กรกฎาคม,นนทบุรี,บางบัวทอง,อบต.ลำโพ,5.0
587,2564,กรกฎาคม,นนทบุรี,บางใหญ่,เทศบาลเมืองบางแม่นาง,2.0
588,2564,กรกฎาคม,นนทบุรี,บางใหญ่,เทศบาลตำบลบางม่วง,2.18
589,2564,กรกฎาคม,นนทบุรี,บางใหญ่,เทศบาลตำบลบางเลน,326.88
590,2564,กรกฎาคม,นนทบุรี,บางใหญ่,เทศบาลตำบลบางใหญ่,110.0
591,2564,กรกฎาคม,นนทบุรี,บางใหญ่,เทศบาลตำบลบ้านบางม่วง,51.39
592,2564,กรกฎาคม,นนทบุรี,บางใหญ่,เทศบาลตำบลเสาธงหิน,128.01
593,2564,กรกฎาคม,นนทบุรี,บางใหญ่,อบต.บางใหญ่,0.23
594,2564,กรกฎาคม,นนทบุรี,บางใหญ่,อบต.บ้านใหม่,0.1
595,2564,กรกฎาคม,นนทบุรี,ปากเกร็ด,เทศบาลนครปากเกร็ด,700.0
596,2564,กรกฎาคม,นนทบุรี,ปากเกร็ด,เทศบาลตำบลบางพลับ,115.37
597,2564,กรกฎาคม,นนทบุรี,ปากเกร็ด,อบต.เกาะเกร็ด,5.0
598,2564,กรกฎาคม,นนทบุรี,ปากเกร็ด,อบต.คลองพระอุดม,5.0
599,2564,กรกฎาคม,นนทบุรี,ปากเกร็ด,อบต.ท่าอิฐ,125.15
600,2564,กรกฎาคม,นนทบุรี,ปากเกร็ด,อบต.บางตะไนย์,26.51
601,2564,กรกฎาคม,นนทบุรี,เมืองนนทบุรี,เทศบาลนครนนทบุรี,3301.8
602,2564,กรกฎาคม,นนทบุรี,เมืองนนทบุรี,เทศบาลเมืองบางกร่าง,16.0
603,2564,กรกฎาคม,นนทบุรี,เมืองนนทบุรี,เทศบาลเมืองบางศรีเมือง,399.87
604,2564,สิงหาคม,นนทบุรี,ไทรน้อย,เทศบาลตำบลไทรน้อย,6.04
605,2564,สิงหาคม,นนทบุรี,ไทรน้อย,อบต.ทวีวัฒนา,1.02
606,2564,สิงหาคม,นนทบุรี,ไทรน้อย,อบต.หนองเพรางาย,15.0
607,2564,สิงหาคม,นนทบุรี,บางกรวย,เทศบาลเมืองบางกรวย,363.71
608,2564,สิงหาคม,นนทบุรี,บางกรวย,เทศบาลตำบลบางสีทอง,2.0
609,2564,สิงหาคม,นนทบุรี,บางกรวย,เทศบาลตำบลปลายบาง,588.58
610,2564,สิงหาคม,นนทบุรี,บางกรวย,เทศบาลตำบลศาลากลาง,3.5
611,2564,สิงหาคม,นนทบุรี,บางกรวย,อบต.บางขนุน,110.14
612,2564,สิงหาคม,นนทบุรี,บางกรวย,อบต.บางขุนกอง,200.0
613,2564,สิงหาคม,นนทบุรี,บางกรวย,อบต.มหาสวัสดิ์,8.47
614,2564,สิงหาคม,นนทบุรี,บางบัวทอง,เทศบาลเมืองบางคูรัด,301.17
615,2564,สิงหาคม,นนทบุรี,บางบัวทอง,เทศบาลเมืองบางบัวทอง,273.64
616,2564,สิงหาคม,นนทบุรี,บางบัวทอง,เทศบาลเมืองบางรักพัฒนา,450.0
617,2564,สิงหาคม,นนทบุรี,บางบัวทอง,เทศบาลเมืองใหม่บางบัวทอง,2.0
618,2564,สิงหาคม,นนทบุรี,บางบัวทอง,อบต.ลำโพ,5.0
619,2564,สิงหาคม,นนทบุรี,บางใหญ่,เทศบาลเมืองบางแม่นาง,2.5
620,2564,สิงหาคม,นนทบุรี,บางใหญ่,เทศบาลตำบลบางม่วง,1.89
621,2564,สิงหาคม,นนทบุรี,บางใหญ่,เทศบาลตำบลบางเลน,342.79
622,2564,สิงหาคม,นนทบุรี,บางใหญ่,เทศบาลตำบลบางใหญ่,110.0
623,2564,สิงหาคม,นนทบุรี,บางใหญ่,เทศบาลตำบลบ้านบางม่วง,53.33
624,2564,สิงหาคม,นนทบุรี,บางใหญ่,เทศบาลตำบลเสาธงหิน,150.12
625,2564,สิงหาคม,นนทบุรี,บางใหญ่,อบต.บางใหญ่,0.23
626,2564,สิงหาคม,นนทบุรี,บางใหญ่,อบต.บ้านใหม่,8.0
627,2564,สิงหาคม,นนทบุรี,ปากเกร็ด,เทศบาลนครปากเกร็ด,700.0
628,2564,สิงหาคม,นนทบุรี,ปากเกร็ด,เทศบาลตำบลบางพลับ,123.51
629,2564,สิงหาคม,นนทบุรี,ปากเกร็ด,อบต.เกาะเกร็ด,6.0
630,2564,สิงหาคม,นนทบุรี,ปากเกร็ด,อบต.คลองพระอุดม,5.0
631,2564,สิงหาคม,นนทบุรี,ปากเกร็ด,อบต.ท่าอิฐ,103.5
632,2564,สิงหาคม,นนทบุรี,ปากเกร็ด,อบต.บางตะไนย์,28.16
633,2564,สิงหาคม,นนทบุรี,เมืองนนทบุรี,เทศบาลนครนนทบุรี,3332.65
634,2564,สิงหาคม,นนทบุรี,เมืองนนทบุรี,เทศบาลเมืองบางกร่าง,16.0
635,2564,สิงหาคม,นนทบุรี,เมืองนนทบุรี,เทศบาลเมืองบางศรีเมือง,403.7
636,2564,กันยายน,นนทบุรี,ไทรน้อย,เทศบาลตำบลไทรน้อย,0.2
637,2564,กันยายน,นนทบุรี,ไทรน้อย,อบต.ทวีวัฒนา,1.01
638,2564,กันยายน,นนทบุรี,ไทรน้อย,อบต.หนองเพรางาย,20.0
639,2564,กันยายน,นนทบุรี,บางกรวย,เทศบาลเมืองบางกรวย,237.73
640,2564,กันยายน,นนทบุรี,บางกรวย,เทศบาลตำบลบางสีทอง,2.4
641,2564,กันยายน,นนทบุรี,บางกรวย,เทศบาลตำบลปลายบาง,20.0
642,2564,กันยายน,นนทบุรี,บางกรวย,เทศบาลตำบลศาลากลาง,3.0
643,2564,กันยายน,นนทบุรี,บางกรวย,อบต.บางขนุน,117.43
644,2564,กันยายน,นนทบุรี,บางกรวย,อบต.บางขุนกอง,180.0
645,2564,กันยายน,นนทบุรี,บางกรวย,อบต.มหาสวัสดิ์,8.34
646,2564,กันยายน,นนทบุรี,บางบัวทอง,เทศบาลเมืองบางคูรัด,311.39
647,2564,กันยายน,นนทบุรี,บางบัวทอง,เทศบาลเมืองบางบัวทอง,170.44
648,2564,กันยายน,นนทบุรี,บางบัวทอง,เทศบาลเมืองบางรักพัฒนา,461.54
649,2564,กันยายน,นนทบุรี,บางบัวทอง,เทศบาลเมืองใหม่บางบัวทอง,60.0
650,2564,กันยายน,นนทบุรี,บางบัวทอง,อบต.ลำโพ,5.0
651,2564,กันยายน,นนทบุรี,บางใหญ่,เทศบาลเมืองบางแม่นาง,3.0
652,2564,กันยายน,นนทบุรี,บางใหญ่,เทศบาลตำบลบางม่วง,2.32
653,2564,กันยายน,นนทบุรี,บางใหญ่,เทศบาลตำบลบางเลน,328.77
654,2564,กันยายน,นนทบุรี,บางใหญ่,เทศบาลตำบลบางใหญ่,125.35
655,2564,กันยายน,นนทบุรี,บางใหญ่,เทศบาลตำบลบ้านบางม่วง,87.0
656,2564,กันยายน,นนทบุรี,บางใหญ่,เทศบาลตำบลเสาธงหิน,158.26
657,2564,กันยายน,นนทบุรี,บางใหญ่,อบต.บางใหญ่,0.5
658,2564,กันยายน,นนทบุรี,บางใหญ่,อบต.บ้านใหม่,1.5
659,2564,กันยายน,นนทบุรี,ปากเกร็ด,เทศบาลนครปากเกร็ด,700.0
660,2564,กันยายน,นนทบุรี,ปากเกร็ด,เทศบาลตำบลบางพลับ,123.8
661,2564,กันยายน,นนทบุรี,ปากเกร็ด,อบต.เกาะเกร็ด,5.0
662,2564,กันยายน,นนทบุรี,ปากเกร็ด,อบต.คลองพระอุดม,6.0
663,2564,กันยายน,นนทบุรี,ปากเกร็ด,อบต.ท่าอิฐ,88.25
664,2564,กันยายน,นนทบุรี,ปากเกร็ด,อบต.บางตะไนย์,26.8
665,2564,กันยายน,นนทบุรี,เมืองนนทบุรี,เทศบาลนครนนทบุรี,3376.09
666,2564,กันยายน,นนทบุรี,เมืองนนทบุรี,เทศบาลเมืองบางกร่าง,15.0
667,2564,กันยายน,นนทบุรี,เมืองนนทบุรี,เทศบาลเมืองบางศรีเมือง,390.56
668,2564,ตุลาคม,นนทบุรี,ไทรน้อย,อบต.ทวีวัฒนา,0.95
669,2564,ตุลาคม,นนทบุรี,ไทรน้อย,อบต.ราษฎร์นิยม,12.0
670,2564,ตุลาคม,นนทบุรี,ไทรน้อย,อบต.หนองเพรางาย,20.0
671,2564,ตุลาคม,นนทบุรี,บางกรวย,เทศบาลเมืองบางกรวย,416.0
672,2564,ตุลาคม,นนทบุรี,บางกรวย,เทศบาลตำบลบางสีทอง,2.2
673,2564,ตุลาคม,นนทบุรี,บางกรวย,เทศบาลตำบลปลายบาง,48.89
674,2564,ตุลาคม,นนทบุรี,บางกรวย,เทศบาลตำบลศาลากลาง,4.0
675,2564,ตุลาคม,นนทบุรี,บางกรวย,อบต.บางขนุน,120.13
676,2564,ตุลาคม,นนทบุรี,บางกรวย,อบต.บางขุนกอง,160.0
677,2564,ตุลาคม,นนทบุรี,บางกรวย,อบต.มหาสวัสดิ์,7.27
678,2564,ตุลาคม,นนทบุรี,บางบัวทอง,เทศบาลเมืองบางคูรัด,312.35
679,2564,ตุลาคม,นนทบุรี,บางบัวทอง,เทศบาลเมืองบางบัวทอง,225.84
680,2564,ตุลาคม,นนทบุรี,บางบัวทอง,เทศบาลเมืองบางรักพัฒนา,474.42
681,2564,ตุลาคม,นนทบุรี,บางบัวทอง,เทศบาลเมืองใหม่บางบัวทอง,50.0
682,2564,ตุลาคม,นนทบุรี,บางบัวทอง,อบต.ละหาร,3.29
683,2564,ตุลาคม,นนทบุรี,บางบัวทอง,อบต.ลำโพ,4.0
684,2564,ตุลาคม,นนทบุรี,บางใหญ่,เทศบาลเมืองบางแม่นาง,4.0
685,2564,ตุลาคม,นนทบุรี,บางใหญ่,เทศบาลตำบลบางม่วง,2.15
686,2564,ตุลาคม,นนทบุรี,บางใหญ่,เทศบาลตำบลบางเลน,376.91
687,2564,ตุลาคม,นนทบุรี,บางใหญ่,เทศบาลตำบลบางใหญ่,124.26
688,2564,ตุลาคม,นนทบุรี,บางใหญ่,เทศบาลตำบลบ้านบางม่วง,42.32
689,2564,ตุลาคม,นนทบุรี,บางใหญ่,เทศบาลตำบลเสาธงหิน,174.27
690,2564,ตุลาคม,นนทบุรี,บางใหญ่,อบต.บางใหญ่,1.0
691,2564,ตุลาคม,นนทบุรี,บางใหญ่,อบต.บ้านใหม่,1.0
692,2564,ตุลาคม,นนทบุรี,ปากเกร็ด,เทศบาลนครปากเกร็ด,900.0
693,2564,ตุลาคม,นนทบุรี,ปากเกร็ด,เทศบาลตำบลบางพลับ,138.99
694,2564,ตุลาคม,นนทบุรี,ปากเกร็ด,อบต.เกาะเกร็ด,5.0
695,2564,ตุลาคม,นนทบุรี,ปากเกร็ด,อบต.คลองพระอุดม,6.0
696,2564,ตุลาคม,นนทบุรี,ปากเกร็ด,อบต.บางตะไนย์,35.04
697,2564,ตุลาคม,นนทบุรี,เมืองนนทบุรี,เทศบาลนครนนทบุรี,3466.14
698,2564,ตุลาคม,นนทบุรี,เมืองนนทบุรี,เทศบาลเมืองบางกร่าง,14.0
699,2564,ตุลาคม,นนทบุรี,เมืองนนทบุรี,เทศบาลเมืองบางศรีเมือง,398.13
700,2564,ตุลาคม,นนทบุรี,เมืองนนทบุรี,อบต.บางไผ่,58.0
701,2564,พฤศจิกายน,นนทบุรี,ไทรน้อย,เทศบาลตำบลไทรน้อย,0.11
702,2564,พฤศจิกายน,นนทบุรี,ไทรน้อย,อบต.ทวีวัฒนา,0.97
703,2564,พฤศจิกายน,นนทบุรี,ไทรน้อย,อบต.ราษฎร์นิยม,11.0
704,2564,พฤศจิกายน,นนทบุรี,ไทรน้อย,อบต.หนองเพรางาย,15.0
705,2564,พฤศจิกายน,นนทบุรี,บางกรวย,เทศบาลเมืองบางกรวย,275.93
706,2564,พฤศจิกายน,นนทบุรี,บางกรวย,เทศบาลตำบลบางสีทอง,2.9
707,2564,พฤศจิกายน,นนทบุรี,บางกรวย,เทศบาลตำบลปลายบาง,541.95
708,2564,พฤศจิกายน,นนทบุรี,บางกรวย,เทศบาลตำบลศาลากลาง,2.5
709,2564,พฤศจิกายน,นนทบุรี,บางกรวย,อบต.บางขนุน,107.38
710,2564,พฤศจิกายน,นนทบุรี,บางกรวย,อบต.บางขุนกอง,100.0
711,2564,พฤศจิกายน,นนทบุรี,บางกรวย,อบต.มหาสวัสดิ์,8.19
712,2564,พฤศจิกายน,นนทบุรี,บางบัวทอง,เทศบาลเมืองบางคูรัด,303.78
713,2564,พฤศจิกายน,นนทบุรี,บางบัวทอง,เทศบาลเมืองบางบัวทอง,219.45
714,2564,พฤศจิกายน,นนทบุรี,บางบัวทอง,เทศบาลเมืองบางรักพัฒนา,447.35
715,2564,พฤศจิกายน,นนทบุรี,บางบัวทอง,เทศบาลเมืองใหม่บางบัวทอง,2.0
716,2564,พฤศจิกายน,นนทบุรี,บางบัวทอง,อบต.ละหาร,3.63
717,2564,พฤศจิกายน,นนทบุรี,บางบัวทอง,อบต.ลำโพ,5.0
718,2564,พฤศจิกายน,นนทบุรี,บางใหญ่,เทศบาลเมืองบางแม่นาง,3.5
719,2564,พฤศจิกายน,นนทบุรี,บางใหญ่,เทศบาลตำบลบางม่วง,2.45
720,2564,พฤศจิกายน,นนทบุรี,บางใหญ่,เทศบาลตำบลบางเลน,379.63
721,2564,พฤศจิกายน,นนทบุรี,บางใหญ่,เทศบาลตำบลบางใหญ่,116.52
722,2564,พฤศจิกายน,นนทบุรี,บางใหญ่,เทศบาลตำบลบ้านบางม่วง,52.31
723,2564,พฤศจิกายน,นนทบุรี,บางใหญ่,เทศบาลตำบลเสาธงหิน,166.2
724,2564,พฤศจิกายน,นนทบุรี,บางใหญ่,อบต.บางใหญ่,2.0
725,2564,พฤศจิกายน,นนทบุรี,บางใหญ่,อบต.บ้านใหม่,1.0
726,2564,พฤศจิกายน,นนทบุรี,ปากเกร็ด,เทศบาลนครปากเกร็ด,900.0
727,2564,พฤศจิกายน,นนทบุรี,ปากเกร็ด,เทศบาลตำบลบางพลับ,128.24
728,2564,พฤศจิกายน,นนทบุรี,ปากเกร็ด,อบต.เกาะเกร็ด,5.0
729,2564,พฤศจิกายน,นนทบุรี,ปากเกร็ด,อบต.คลองพระอุดม,5.0
730,2564,พฤศจิกายน,นนทบุรี,ปากเกร็ด,อบต.บางตะไนย์,33.5
731,2564,พฤศจิกายน,นนทบุรี,เมืองนนทบุรี,เทศบาลนครนนทบุรี,3371.62
732,2564,พฤศจิกายน,นนทบุรี,เมืองนนทบุรี,เทศบาลเมืองบางกร่าง,13.0
733,2564,พฤศจิกายน,นนทบุรี,เมืองนนทบุรี,เทศบาลเมืองบางศรีเมือง,372.05
734,2564,พฤศจิกายน,นนทบุรี,เมืองนนทบุรี,อบต.บางไผ่,83.0
735,2564,ธันวาคม,นนทบุรี,ไทรน้อย,เทศบาลตำบลไทรน้อย,6.04
736,2564,ธันวาคม,นนทบุรี,ไทรน้อย,อบต.ทวีวัฒนา,1.02
737,2564,ธันวาคม,นนทบุรี,ไทรน้อย,อบต.ราษฎร์นิยม,40.0
738,2564,ธันวาคม,นนทบุรี,ไทรน้อย,อบต.หนองเพรางาย,15.0
739,2564,ธันวาคม,นนทบุรี,บางกรวย,เทศบาลเมืองบางกรวย,322.47
740,2564,ธันวาคม,นนทบุรี,บางกรวย,เทศบาลตำบลบางสีทอง,1.1
741,2564,ธันวาคม,นนทบุรี,บางกรวย,เทศบาลตำบลปลายบาง,588.58
742,2564,ธันวาคม,นนทบุรี,บางกรวย,เทศบาลตำบลศาลากลาง,3.0
743,2564,ธันวาคม,นนทบุรี,บางกรวย,อบต.บางขนุน,109.48
744,2564,ธันวาคม,นนทบุรี,บางกรวย,อบต.บางขุนกอง,120.0
745,2564,ธันวาคม,นนทบุรี,บางกรวย,อบต.มหาสวัสดิ์,8.36
746,2564,ธันวาคม,นนทบุรี,บางบัวทอง,เทศบาลเมืองบางคูรัด,299.94
747,2564,ธันวาคม,นนทบุรี,บางบัวทอง,เทศบาลเมืองบางบัวทอง,256.29
748,2564,ธันวาคม,นนทบุรี,บางบัวทอง,เทศบาลเมืองบางรักพัฒนา,466.53
749,2564,ธันวาคม,นนทบุรี,บางบัวทอง,เทศบาลเมืองใหม่บางบัวทอง,10.0
750,2564,ธันวาคม,นนทบุรี,บางบัวทอง,อบต.ละหาร,3.02
751,2564,ธันวาคม,นนทบุรี,บางบัวทอง,อบต.ลำโพ,5.0
752,2564,ธันวาคม,นนทบุรี,บางใหญ่,เทศบาลเมืองบางแม่นาง,4.0
753,2564,ธันวาคม,นนทบุรี,บางใหญ่,เทศบาลตำบลบางม่วง,2.34
754,2564,ธันวาคม,นนทบุรี,บางใหญ่,เทศบาลตำบลบางเลน,406.31
755,2564,ธันวาคม,นนทบุรี,บางใหญ่,เทศบาลตำบลบางใหญ่,110.0
756,2564,ธันวาคม,นนทบุรี,บางใหญ่,เทศบาลตำบลบ้านบางม่วง,53.33
757,2564,ธันวาคม,นนทบุรี,บางใหญ่,เทศบาลตำบลเสาธงหิน,161.69
758,2564,ธันวาคม,นนทบุรี,บางใหญ่,อบต.บางใหญ่,0.23
759,2564,ธันวาคม,นนทบุรี,บางใหญ่,อบต.บ้านใหม่,1.0
760,2564,ธันวาคม,นนทบุรี,ปากเกร็ด,เทศบาลนครปากเกร็ด,900.0
761,2564,ธันวาคม,นนทบุรี,ปากเกร็ด,เทศบาลตำบลบางพลับ,137.35
762,2564,ธันวาคม,นนทบุรี,ปากเกร็ด,อบต.เกาะเกร็ด,5.0
763,2564,ธันวาคม,นนทบุรี,ปากเกร็ด,อบต.คลองพระอุดม,5.0
764,2564,ธันวาคม,นนทบุรี,ปากเกร็ด,อบต.บางตะไนย์,27.98
765,2564,ธันวาคม,นนทบุรี,เมืองนนทบุรี,เทศบาลนครนนทบุรี,3459.4
766,2564,ธันวาคม,นนทบุรี,เมืองนนทบุรี,เทศบาลเมืองบางกร่าง,16.0
767,2564,ธันวาคม,นนทบุรี,เมืองนนทบุรี,เทศบาลเมืองบางศรีเมือง,395.52
768,2565,มกราคม,นนทบุรี,ไทรน้อย,อบต.ขุนศรี,0.33
769,2565,มกราคม,นนทบุรี,ไทรน้อย,อบต.ทวีวัฒนา,1.06
770,2565,มกราคม,นนทบุรี,ไทรน้อย,อบต.ราษฎร์นิยม,8.0
771,2565,มกราคม,นนทบุรี,ไทรน้อย,อบต.หนองเพรางาย,20.0
772,2565,มกราคม,นนทบุรี,บางกรวย,เทศบาลเมืองบางกรวย,130.45
773,2565,มกราคม,นนทบุรี,บางกรวย,เทศบาลตำบลบางสีทอง,3.87
774,2565,มกราคม,นนทบุรี,บางกรวย,เทศบาลตำบลปลายบาง,166.97
775,2565,มกราคม,นนทบุรี,บางกรวย,เทศบาลตำบลศาลากลาง,3.0
776,2565,มกราคม,นนทบุรี,บางกรวย,อบต.บางขนุน,111.0
777,2565,มกราคม,นนทบุรี,บางกรวย,อบต.บางขุนกอง,250.0
778,2565,มกราคม,นนทบุรี,บางกรวย,อบต.มหาสวัสดิ์,8.4
779,2565,มกราคม,นนทบุรี,บางบัวทอง,เทศบาลเมืองบางคูรัด,300.42
780,2565,มกราคม,นนทบุรี,บางบัวทอง,เทศบาลเมืองบางบัวทอง,10.5
781,2565,มกราคม,นนทบุรี,บางบัวทอง,เทศบาลเมืองใหม่บางบัวทอง,10.0
782,2565,มกราคม,นนทบุรี,บางบัวทอง,อบต.ลำโพ,5.0
783,2565,มกราคม,นนทบุรี,บางใหญ่,เทศบาลเมืองบางแม่นาง,2.5
784,2565,มกราคม,นนทบุรี,บางใหญ่,เทศบาลตำบลบางม่วง,1.19
785,2565,มกราคม,นนทบุรี,บางใหญ่,เทศบาลตำบลบางเลน,0.34
786,2565,มกราคม,นนทบุรี,บางใหญ่,เทศบาลตำบลบางใหญ่,1.23
787,2565,มกราคม,นนทบุรี,บางใหญ่,เทศบาลตำบลเสาธงหิน,120.81
788,2565,มกราคม,นนทบุรี,บางใหญ่,อบต.บางใหญ่,0.3
789,2565,มกราคม,นนทบุรี,บางใหญ่,อบต.บ้านใหม่,8.0
790,2565,มกราคม,นนทบุรี,ปากเกร็ด,เทศบาลนครปากเกร็ด,800.0
791,2565,มกราคม,นนทบุรี,ปากเกร็ด,เทศบาลตำบลบางพลับ,0.04
792,2565,มกราคม,นนทบุรี,ปากเกร็ด,อบต.เกาะเกร็ด,5.0
793,2565,มกราคม,นนทบุรี,ปากเกร็ด,อบต.คลองพระอุดม,5.0
794,2565,มกราคม,นนทบุรี,ปากเกร็ด,อบต.ท่าอิฐ,46.25
795,2565,มกราคม,นนทบุรี,ปากเกร็ด,อบต.บางตะไนย์,1.0
796,2565,มกราคม,นนทบุรี,เมืองนนทบุรี,เทศบาลนครนนทบุรี,325.81
797,2565,มกราคม,นนทบุรี,เมืองนนทบุรี,เทศบาลเมืองบางกร่าง,18.0
798,2565,มกราคม,นนทบุรี,เมืองนนทบุรี,เทศบาลเมืองบางศรีเมือง,349.62
799,2565,กุมภาพันธ์,นนทบุรี,ไทรน้อย,อบต.ขุนศรี,0.27
800,2565,กุมภาพันธ์,นนทบุรี,ไทรน้อย,อบต.ทวีวัฒนา,20.0
801,2565,กุมภาพันธ์,นนทบุรี,ไทรน้อย,อบต.หนองเพรางาย,20.0
802,2565,กุมภาพันธ์,นนทบุรี,บางกรวย,เทศบาลเมืองบางกรวย,69.12
803,2565,กุมภาพันธ์,นนทบุรี,บางกรวย,เทศบาลตำบลบางสีทอง,1.5
804,2565,กุมภาพันธ์,นนทบุรี,บางกรวย,เทศบาลตำบลปลายบาง,102.42
805,2565,กุมภาพันธ์,นนทบุรี,บางกรวย,เทศบาลตำบลศาลากลาง,3.0
806,2565,กุมภาพันธ์,นนทบุรี,บางกรวย,อบต.บางขุนกอง,250.0
807,2565,กุมภาพันธ์,นนทบุรี,บางกรวย,อบต.มหาสวัสดิ์,8.59
808,2565,กุมภาพันธ์,นนทบุรี,บางบัวทอง,เทศบาลเมืองบางคูรัด,283.01
809,2565,กุมภาพันธ์,นนทบุรี,บางบัวทอง,เทศบาลเมืองบางบัวทอง,22.6
810,2565,กุมภาพันธ์,นนทบุรี,บางบัวทอง,เทศบาลเมืองใหม่บางบัวทอง,60.0
811,2565,กุมภาพันธ์,นนทบุรี,บางบัวทอง,อบต.ลำโพ,5.0
812,2565,กุมภาพันธ์,นนทบุรี,บางใหญ่,เทศบาลเมืองบางแม่นาง,3.0
813,2565,กุมภาพันธ์,นนทบุรี,บางใหญ่,เทศบาลตำบลบางม่วง,1.21
814,2565,กุมภาพันธ์,นนทบุรี,บางใหญ่,เทศบาลตำบลบางเลน,2.03
815,2565,กุมภาพันธ์,นนทบุรี,บางใหญ่,เทศบาลตำบลบางใหญ่,1.2
816,2565,กุมภาพันธ์,นนทบุรี,บางใหญ่,เทศบาลตำบลเสาธงหิน,110.18
817,2565,กุมภาพันธ์,นนทบุรี,บางใหญ่,อบต.บ้านใหม่,9.0
818,2565,กุมภาพันธ์,นนทบุรี,ปากเกร็ด,เทศบาลนครปากเกร็ด,600.0
819,2565,กุมภาพันธ์,นนทบุรี,ปากเกร็ด,เทศบาลตำบลบางพลับ,0.03
820,2565,กุมภาพันธ์,นนทบุรี,ปากเกร็ด,อบต.เกาะเกร็ด,6.0
821,2565,กุมภาพันธ์,นนทบุรี,ปากเกร็ด,อบต.คลองพระอุดม,5.0
822,2565,กุมภาพันธ์,นนทบุรี,ปากเกร็ด,อบต.ท่าอิฐ,128.5
823,2565,กุมภาพันธ์,นนทบุรี,ปากเกร็ด,อบต.บางตะไนย์,0.1
824,2565,กุมภาพันธ์,นนทบุรี,เมืองนนทบุรี,เทศบาลนครนนทบุรี,288.03
825,2565,กุมภาพันธ์,นนทบุรี,เมืองนนทบุรี,เทศบาลเมืองบางกร่าง,18.0
826,2565,กุมภาพันธ์,นนทบุรี,เมืองนนทบุรี,เทศบาลเมืองบางศรีเมือง,331.16
827,2565,มีนาคม,นนทบุรี,ไทรน้อย,อบต.ขุนศรี,0.15
828,2565,มีนาคม,นนทบุรี,ไทรน้อย,อบต.ทวีวัฒนา,20.6
829,2565,มีนาคม,นนทบุรี,ไทรน้อย,อบต.หนองเพรางาย,20.0
830,2565,มีนาคม,นนทบุรี,บางกรวย,เทศบาลเมืองบางกรวย,300.0
831,2565,มีนาคม,นนทบุรี,บางกรวย,เทศบาลตำบลบางสีทอง,3.51
832,2565,มีนาคม,นนทบุรี,บางกรวย,เทศบาลตำบลปลายบาง,121.36
833,2565,มีนาคม,นนทบุรี,บางกรวย,เทศบาลตำบลศาลากลาง,2.6
834,2565,มีนาคม,นนทบุรี,บางกรวย,อบต.มหาสวัสดิ์,8.24
835,2565,มีนาคม,นนทบุรี,บางบัวทอง,เทศบาลเมืองบางคูรัด,283.01
836,2565,มีนาคม,นนทบุรี,บางบัวทอง,เทศบาลเมืองบางบัวทอง,245.0
837,2565,มีนาคม,นนทบุรี,บางบัวทอง,เทศบาลเมืองใหม่บางบัวทอง,50.0
838,2565,มีนาคม,นนทบุรี,บางบัวทอง,อบต.ลำโพ,5.0
839,2565,มีนาคม,นนทบุรี,บางใหญ่,เทศบาลเมืองบางแม่นาง,2.0
840,2565,มีนาคม,นนทบุรี,บางใหญ่,เทศบาลตำบลบางม่วง,1.15
841,2565,มีนาคม,นนทบุรี,บางใหญ่,เทศบาลตำบลบางเลน,0.67
842,2565,มีนาคม,นนทบุรี,บางใหญ่,เทศบาลตำบลบางใหญ่,13.66
843,2565,มีนาคม,นนทบุรี,บางใหญ่,เทศบาลตำบลเสาธงหิน,122.77
844,2565,มีนาคม,นนทบุรี,บางใหญ่,อบต.บ้านใหม่,2.5
845,2565,มีนาคม,นนทบุรี,ปากเกร็ด,เทศบาลนครปากเกร็ด,700.0
846,2565,มีนาคม,นนทบุรี,ปากเกร็ด,เทศบาลตำบลบางพลับ,0.04
847,2565,มีนาคม,นนทบุรี,ปากเกร็ด,อบต.เกาะเกร็ด,6.0
848,2565,มีนาคม,นนทบุรี,ปากเกร็ด,อบต.คลองพระอุดม,5.0
849,2565,มีนาคม,นนทบุรี,ปากเกร็ด,อบต.ท่าอิฐ,133.0
850,2565,มีนาคม,นนทบุรี,ปากเกร็ด,อบต.บางตะไนย์,5.0
851,2565,มีนาคม,นนทบุรี,เมืองนนทบุรี,เทศบาลนครนนทบุรี,323.49
852,2565,มีนาคม,นนทบุรี,เมืองนนทบุรี,เทศบาลเมืองบางศรีเมือง,369.15
853,2565,เมษายน,นนทบุรี,ไทรน้อย,อบต.ขุนศรี,0.19
854,2565,เมษายน,นนทบุรี,ไทรน้อย,อบต.ทวีวัฒนา,92.09
855,2565,เมษายน,นนทบุรี,ไทรน้อย,อบต.หนองเพรางาย,20.0
856,2565,เมษายน,นนทบุรี,บางกรวย,เทศบาลเมืองบางกรวย,53.16
857,2565,เมษายน,นนทบุรี,บางกรวย,เทศบาลตำบลบางสีทอง,3.0
858,2565,เมษายน,นนทบุรี,บางกรวย,เทศบาลตำบลปลายบาง,130.77
859,2565,เมษายน,นนทบุรี,บางกรวย,เทศบาลตำบลศาลากลาง,3.5
860,2565,เมษายน,นนทบุรี,บางกรวย,อบต.มหาสวัสดิ์,8.56
861,2565,เมษายน,นนทบุรี,บางบัวทอง,เทศบาลเมืองบางคูรัด,293.98
862,2565,เมษายน,นนทบุรี,บางบัวทอง,เทศบาลเมืองบางบัวทอง,263.4
863,2565,เมษายน,นนทบุรี,บางบัวทอง,เทศบาลเมืองใหม่บางบัวทอง,60.0
864,2565,เมษายน,นนทบุรี,บางใหญ่,เทศบาลเมืองบางแม่นาง,8.0
865,2565,เมษายน,นนทบุรี,บางใหญ่,เทศบาลตำบลบางม่วง,1.22
866,2565,เมษายน,นนทบุรี,บางใหญ่,เทศบาลตำบลบางเลน,0.78
867,2565,เมษายน,นนทบุรี,บางใหญ่,เทศบาลตำบลบางใหญ่,16.47
868,2565,เมษายน,นนทบุรี,บางใหญ่,เทศบาลตำบลเสาธงหิน,118.39
869,2565,เมษายน,นนทบุรี,บางใหญ่,อบต.บางใหญ่,2.0
870,2565,เมษายน,นนทบุรี,บางใหญ่,อบต.บ้านใหม่,2.5
871,2565,เมษายน,นนทบุรี,ปากเกร็ด,เทศบาลนครปากเกร็ด,600.0
872,2565,เมษายน,นนทบุรี,ปากเกร็ด,เทศบาลตำบลบางพลับ,0.04
873,2565,เมษายน,นนทบุรี,ปากเกร็ด,อบต.เกาะเกร็ด,5.0
874,2565,เมษายน,นนทบุรี,ปากเกร็ด,อบต.ท่าอิฐ,44.0
875,2565,เมษายน,นนทบุรี,ปากเกร็ด,อบต.บางตะไนย์,5.0
876,2565,เมษายน,นนทบุรี,เมืองนนทบุรี,เทศบาลนครนนทบุรี,314.77
877,2565,เมษายน,นนทบุรี,เมืองนนทบุรี,เทศบาลเมืองบางศรีเมือง,351.58
878,2565,พฤษภาคม,นนทบุรี,ไทรน้อย,อบต.ขุนศรี,0.26
879,2565,พฤษภาคม,นนทบุรี,ไทรน้อย,อบต.ทวีวัฒนา,76.73
880,2565,พฤษภาคม,นนทบุรี,ไทรน้อย,อบต.ไทรน้อย,705.91
881,2565,พฤษภาคม,นนทบุรี,ไทรน้อย,อบต.หนองเพรางาย,20.0
882,2565,พฤษภาคม,นนทบุรี,บางกรวย,เทศบาลเมืองบางกรวย,20.04
883,2565,พฤษภาคม,นนทบุรี,บางกรวย,เทศบาลตำบลบางสีทอง,3.09
884,2565,พฤษภาคม,นนทบุรี,บางกรวย,เทศบาลตำบลปลายบาง,92.06
885,2565,พฤษภาคม,นนทบุรี,บางกรวย,เทศบาลตำบลศาลากลาง,4.0
886,2565,พฤษภาคม,นนทบุรี,บางกรวย,อบต.มหาสวัสดิ์,8.82
887,2565,พฤษภาคม,นนทบุรี,บางบัวทอง,เทศบาลเมืองบางคูรัด,287.31
888,2565,พฤษภาคม,นนทบุรี,บางบัวทอง,เทศบาลเมืองบางบัวทอง,52.0
889,2565,พฤษภาคม,นนทบุรี,บางบัวทอง,เทศบาลเมืองใหม่บางบัวทอง,100.0
890,2565,พฤษภาคม,นนทบุรี,บางใหญ่,เทศบาลตำบลบางม่วง,1.02
891,2565,พฤษภาคม,นนทบุรี,บางใหญ่,เทศบาลตำบลบางเลน,4.39
892,2565,พฤษภาคม,นนทบุรี,บางใหญ่,เทศบาลตำบลบางใหญ่,18.75
893,2565,พฤษภาคม,นนทบุรี,บางใหญ่,เทศบาลตำบลเสาธงหิน,146.9
894,2565,พฤษภาคม,นนทบุรี,บางใหญ่,อบต.บางใหญ่,0.23
895,2565,พฤษภาคม,นนทบุรี,บางใหญ่,อบต.บ้านใหม่,2.0
896,2565,พฤษภาคม,นนทบุรี,ปากเกร็ด,เทศบาลนครปากเกร็ด,700.0
897,2565,พฤษภาคม,นนทบุรี,ปากเกร็ด,เทศบาลตำบลบางพลับ,0.02
898,2565,พฤษภาคม,นนทบุรี,ปากเกร็ด,อบต.เกาะเกร็ด,4.0
899,2565,พฤษภาคม,นนทบุรี,ปากเกร็ด,อบต.คลองพระอุดม,5.0
900,2565,พฤษภาคม,นนทบุรี,ปากเกร็ด,อบต.ท่าอิฐ,60.5
901,2565,พฤษภาคม,นนทบุรี,ปากเกร็ด,อบต.บางตะไนย์,5.0
902,2565,พฤษภาคม,นนทบุรี,เมืองนนทบุรี,เทศบาลนครนนทบุรี,300.83
903,2565,พฤษภาคม,นนทบุรี,เมืองนนทบุรี,เทศบาลเมืองบางศรีเมือง,376.45
904,2565,มิถุนายน,นนทบุรี,ไทรน้อย,อบต.ขุนศรี,0.22
905,2565,มิถุนายน,นนทบุรี,ไทรน้อย,อบต.หนองเพรางาย,20.0
906,2565,มิถุนายน,นนทบุรี,บางกรวย,เทศบาลเมืองบางกรวย,20.0
907,2565,มิถุนายน,นนทบุรี,บางกรวย,เทศบาลตำบลบางสีทอง,2.93
908,2565,มิถุนายน,นนทบุรี,บางกรวย,เทศบาลตำบลปลายบาง,92.4
909,2565,มิถุนายน,นนทบุรี,บางกรวย,เทศบาลตำบลศาลากลาง,4.0
910,2565,มิถุนายน,นนทบุรี,บางกรวย,อบต.มหาสวัสดิ์,9.31
911,2565,มิถุนายน,นนทบุรี,บางบัวทอง,เทศบาลเมืองบางคูรัด,268.0
912,2565,มิถุนายน,นนทบุรี,บางบัวทอง,เทศบาลเมืองบางบัวทอง,51.6
913,2565,มิถุนายน,นนทบุรี,บางบัวทอง,เทศบาลเมืองใหม่บางบัวทอง,20.0
914,2565,มิถุนายน,นนทบุรี,บางใหญ่,เทศบาลตำบลบางม่วง,1.01
915,2565,มิถุนายน,นนทบุรี,บางใหญ่,เทศบาลตำบลบางเลน,2.67
916,2565,มิถุนายน,นนทบุรี,บางใหญ่,เทศบาลตำบลบางใหญ่,17.88
917,2565,มิถุนายน,นนทบุรี,บางใหญ่,เทศบาลตำบลเสาธงหิน,148.39
918,2565,มิถุนายน,นนทบุรี,บางใหญ่,อบต.บ้านใหม่,3.0
919,2565,มิถุนายน,นนทบุรี,ปากเกร็ด,เทศบาลนครปากเกร็ด,700.0
920,2565,มิถุนายน,นนทบุรี,ปากเกร็ด,เทศบาลตำบลบางพลับ,0.02
921,2565,มิถุนายน,นนทบุรี,ปากเกร็ด,อบต.เกาะเกร็ด,4.0
922,2565,มิถุนายน,นนทบุรี,ปากเกร็ด,อบต.คลองพระอุดม,5.0
923,2565,มิถุนายน,นนทบุรี,ปากเกร็ด,อบต.ท่าอิฐ,5.0
924,2565,มิถุนายน,นนทบุรี,ปากเกร็ด,อบต.บางตะไนย์,5.0
925,2565,มิถุนายน,นนทบุรี,เมืองนนทบุรี,เทศบาลนครนนทบุรี,0.66
926,2565,มิถุนายน,นนทบุรี,เมืองนนทบุรี,เทศบาลเมืองบางศรีเมือง,361.11
927,2565,กรกฎาคม,นนทบุรี,ไทรน้อย,อบต.ขุนศรี,0.27
928,2565,กรกฎาคม,นนทบุรี,ไทรน้อย,อบต.ทวีวัฒนา,20.6
929,2565,กรกฎาคม,นนทบุรี,ไทรน้อย,อบต.หนองเพรางาย,20.0
930,2565,กรกฎาคม,นนทบุรี,บางกรวย,เทศบาลเมืองบางกรวย,58.95
931,2565,กรกฎาคม,นนทบุรี,บางกรวย,เทศบาลตำบลบางสีทอง,2.93
932,2565,กรกฎาคม,นนทบุรี,บางกรวย,เทศบาลตำบลปลายบาง,109.56
933,2565,กรกฎาคม,นนทบุรี,บางกรวย,อบต.มหาสวัสดิ์,9.36
934,2565,กรกฎาคม,นนทบุรี,บางบัวทอง,เทศบาลเมืองบางคูรัด,275.17
935,2565,กรกฎาคม,นนทบุรี,บางบัวทอง,เทศบาลเมืองใหม่บางบัวทอง,20.0
936,2565,กรกฎาคม,นนทบุรี,บางบัวทอง,อบต.ลำโพ,5.0
937,2565,กรกฎาคม,นนทบุรี,บางใหญ่,เทศบาลตำบลบางม่วง,1.02
938,2565,กรกฎาคม,นนทบุรี,บางใหญ่,เทศบาลตำบลบางเลน,3.16
939,2565,กรกฎาคม,นนทบุรี,บางใหญ่,เทศบาลตำบลบางใหญ่,16.64
940,2565,กรกฎาคม,นนทบุรี,บางใหญ่,เทศบาลตำบลเสาธงหิน,127.84
941,2565,กรกฎาคม,นนทบุรี,บางใหญ่,อบต.บ้านใหม่,7.0
942,2565,กรกฎาคม,นนทบุรี,ปากเกร็ด,เทศบาลนครปากเกร็ด,600.0
943,2565,กรกฎาคม,นนทบุรี,ปากเกร็ด,เทศบาลตำบลบางพลับ,0.03
944,2565,กรกฎาคม,นนทบุรี,ปากเกร็ด,อบต.เกาะเกร็ด,4.0
945,2565,กรกฎาคม,นนทบุรี,ปากเกร็ด,อบต.คลองพระอุดม,3.0
946,2565,กรกฎาคม,นนทบุรี,ปากเกร็ด,อบต.ท่าอิฐ,4.0
947,2565,กรกฎาคม,นนทบุรี,ปากเกร็ด,อบต.บางตะไนย์,5.0
948,2565,กรกฎาคม,นนทบุรี,เมืองนนทบุรี,เทศบาลนครนนทบุรี,300.69
949,2565,กรกฎาคม,นนทบุรี,เมืองนนทบุรี,เทศบาลเมืองบางศรีเมือง,353.83
950,2565,สิงหาคม,นนทบุรี,ไทรน้อย,อบต.ขุนศรี,0.19
951,2565,สิงหาคม,นนทบุรี,ไทรน้อย,อบต.ทวีวัฒนา,6.64
952,2565,สิงหาคม,นนทบุรี,ไทรน้อย,อบต.หนองเพรางาย,20.0
953,2565,สิงหาคม,นนทบุรี,บางกรวย,เทศบาลเมืองบางกรวย,20.0
954,2565,สิงหาคม,นนทบุรี,บางกรวย,เทศบาลตำบลบางสีทอง,2.4
955,2565,สิงหาคม,นนทบุรี,บางกรวย,เทศบาลตำบลปลายบาง,112.06
956,2565,สิงหาคม,นนทบุรี,บางกรวย,อบต.มหาสวัสดิ์,9.18
957,2565,สิงหาคม,นนทบุรี,บางบัวทอง,เทศบาลเมืองบางคูรัด,276.97
958,2565,สิงหาคม,นนทบุรี,บางใหญ่,เทศบาลตำบลบางม่วง,1.01
959,2565,สิงหาคม,นนทบุรี,บางใหญ่,เทศบาลตำบลบางเลน,1.21
960,2565,สิงหาคม,นนทบุรี,บางใหญ่,เทศบาลตำบลบางใหญ่,18.5
961,2565,สิงหาคม,นนทบุรี,บางใหญ่,เทศบาลตำบลเสาธงหิน,130.22
962,2565,สิงหาคม,นนทบุรี,บางใหญ่,อบต.บ้านใหม่,8.0
963,2565,สิงหาคม,นนทบุรี,ปากเกร็ด,เทศบาลนครปากเกร็ด,700.0
964,2565,สิงหาคม,นนทบุรี,ปากเกร็ด,เทศบาลตำบลบางพลับ,0.03
965,2565,สิงหาคม,นนทบุรี,ปากเกร็ด,อบต.เกาะเกร็ด,4.0
966,2565,สิงหาคม,นนทบุรี,ปากเกร็ด,อบต.คลองพระอุดม,6.0
967,2565,สิงหาคม,นนทบุรี,ปากเกร็ด,อบต.ท่าอิฐ,10.0
968,2565,สิงหาคม,นนทบุรี,ปากเกร็ด,อบต.บางตะไนย์,5.0
969,2565,สิงหาคม,นนทบุรี,เมืองนนทบุรี,เทศบาลนครนนทบุรี,1.38
970,2565,สิงหาคม,นนทบุรี,เมืองนนทบุรี,เทศบาลเมืองบางศรีเมือง,367.2
971,2565,สิงหาคม,นนทบุรี,เมืองนนทบุรี,อบต.บางไผ่,793.9
972,2565,กันยายน,นนทบุรี,ไทรน้อย,อบต.ขุนศรี,0.23
973,2565,กันยายน,นนทบุรี,ไทรน้อย,อบต.ทวีวัฒนา,1.31
974,2565,กันยายน,นนทบุรี,ไทรน้อย,อบต.หนองเพรางาย,20.0
975,2565,กันยายน,นนทบุรี,บางกรวย,เทศบาลเมืองบางกรวย,104.15
976,2565,กันยายน,นนทบุรี,บางกรวย,เทศบาลตำบลบางสีทอง,2.4
977,2565,กันยายน,นนทบุรี,บางกรวย,อบต.มหาสวัสดิ์,9.42
978,2565,กันยายน,นนทบุรี,บางบัวทอง,เทศบาลเมืองบางคูรัด,237.77
979,2565,กันยายน,นนทบุรี,บางบัวทอง,เทศบาลเมืองบางบัวทอง,256.84
980,2565,กันยายน,นนทบุรี,บางบัวทอง,เทศบาลเมืองใหม่บางบัวทอง,50.0
981,2565,กันยายน,นนทบุรี,บางใหญ่,เทศบาลตำบลบางม่วง,1.03
982,2565,กันยายน,นนทบุรี,บางใหญ่,เทศบาลตำบลบางเลน,4.9
983,2565,กันยายน,นนทบุรี,บางใหญ่,เทศบาลตำบลบางใหญ่,17.94
984,2565,กันยายน,นนทบุรี,บางใหญ่,เทศบาลตำบลเสาธงหิน,125.69
985,2565,กันยายน,นนทบุรี,บางใหญ่,อบต.บางใหญ่,2.0
986,2565,กันยายน,นนทบุรี,บางใหญ่,อบต.บ้านใหม่,2.5
987,2565,กันยายน,นนทบุรี,ปากเกร็ด,เทศบาลนครปากเกร็ด,600.0
988,2565,กันยายน,นนทบุรี,ปากเกร็ด,เทศบาลตำบลบางพลับ,0.01
989,2565,กันยายน,นนทบุรี,ปากเกร็ด,อบต.เกาะเกร็ด,4.0
990,2565,กันยายน,นนทบุรี,ปากเกร็ด,อบต.คลองพระอุดม,2.0
991,2565,กันยายน,นนทบุรี,ปากเกร็ด,อบต.ท่าอิฐ,16.5
992,2565,กันยายน,นนทบุรี,ปากเกร็ด,อบต.บางตะไนย์,0.1
993,2565,กันยายน,นนทบุรี,เมืองนนทบุรี,เทศบาลนครนนทบุรี,2163.4
994,2565,กันยายน,นนทบุรี,เมืองนนทบุรี,เทศบาลเมืองบางกร่าง,23.57
995,2565,กันยายน,นนทบุรี,เมืองนนทบุรี,เทศบาลเมืองบางศรีเมือง,348.24
996,2565,กันยายน,นนทบุรี,เมืองนนทบุรี,อบต.บางไผ่,506.7
997,2565,ตุลาคม,นนทบุรี,ไทรน้อย,อบต.ขุนศรี,0.27
998,2565,ตุลาคม,นนทบุรี,ไทรน้อย,อบต.ทวีวัฒนา,0.99
999,2565,ตุลาคม,นนทบุรี,ไทรน้อย,อบต.หนองเพรางาย,20.0
1000,2565,ตุลาคม,นนทบุรี,บางกรวย,เทศบาลเมืองบางกรวย,852.7
1001,2565,ตุลาคม,นนทบุรี,บางกรวย,เทศบาลตำบลบางสีทอง,3.4
1002,2565,ตุลาคม,นนทบุรี,บางกรวย,อบต.บางขนุน,121.03
1003,2565,ตุลาคม,นนทบุรี,บางกรวย,อบต.บางขุนกอง,160.0
1004,2565,ตุลาคม,นนทบุรี,บางกรวย,อบต.มหาสวัสดิ์,8.09
1005,2565,ตุลาคม,นนทบุรี,บางบัวทอง,เทศบาลเมืองบางคูรัด,302.57
1006,2565,ตุลาคม,นนทบุรี,บางบัวทอง,เทศบาลเมืองบางบัวทอง,242.65
1007,2565,ตุลาคม,นนทบุรี,บางบัวทอง,เทศบาลเมืองบางรักพัฒนา,484.89
1008,2565,ตุลาคม,นนทบุรี,บางบัวทอง,เทศบาลเมืองใหม่บางบัวทอง,20.0
1009,2565,ตุลาคม,นนทบุรี,บางบัวทอง,อบต.ลำโพ,5.0
1010,2565,ตุลาคม,นนทบุรี,บางใหญ่,เทศบาลเมืองบางแม่นาง,4.0
1011,2565,ตุลาคม,นนทบุรี,บางใหญ่,เทศบาลตำบลบางม่วง,3.25
1012,2565,ตุลาคม,นนทบุรี,บางใหญ่,เทศบาลตำบลบางเลน,342.17
1013,2565,ตุลาคม,นนทบุรี,บางใหญ่,เทศบาลตำบลบางใหญ่,131.03
1014,2565,ตุลาคม,นนทบุรี,บางใหญ่,เทศบาลตำบลบ้านบางม่วง,68.36
1015,2565,ตุลาคม,นนทบุรี,บางใหญ่,เทศบาลตำบลเสาธงหิน,130.54
1016,2565,ตุลาคม,นนทบุรี,บางใหญ่,อบต.บางใหญ่,0.23
1017,2565,ตุลาคม,นนทบุรี,บางใหญ่,อบต.บ้านใหม่,0.2
1018,2565,ตุลาคม,นนทบุรี,ปากเกร็ด,เทศบาลนครปากเกร็ด,600.0
1019,2565,ตุลาคม,นนทบุรี,ปากเกร็ด,เทศบาลตำบลบางพลับ,120.13
1020,2565,ตุลาคม,นนทบุรี,ปากเกร็ด,อบต.เกาะเกร็ด,5.0
1021,2565,ตุลาคม,นนทบุรี,ปากเกร็ด,อบต.คลองพระอุดม,5.0
1022,2565,ตุลาคม,นนทบุรี,ปากเกร็ด,อบต.ท่าอิฐ,62.25
1023,2565,ตุลาคม,นนทบุรี,ปากเกร็ด,อบต.บางตะไนย์,0.1
1024,2565,ตุลาคม,นนทบุรี,เมืองนนทบุรี,เทศบาลนครนนทบุรี,3436.43
1025,2565,ตุลาคม,นนทบุรี,เมืองนนทบุรี,เทศบาลเมืองบางกร่าง,18.0
1026,2565,ตุลาคม,นนทบุรี,เมืองนนทบุรี,เทศบาลเมืองบางศรีเมือง,404.49
1027,2565,พฤศจิกายน,นนทบุรี,ไทรน้อย,อบต.ขุนศรี,0.18
1028,2565,พฤศจิกายน,นนทบุรี,ไทรน้อย,อบต.ทวีวัฒนา,0.95
1029,2565,พฤศจิกายน,นนทบุรี,ไทรน้อย,อบต.หนองเพรางาย,20.0
1030,2565,พฤศจิกายน,นนทบุรี,บางกรวย,เทศบาลเมืองบางกรวย,141.65
1031,2565,พฤศจิกายน,นนทบุรี,บางกรวย,เทศบาลตำบลบางสีทอง,2.5
1032,2565,พฤศจิกายน,นนทบุรี,บางกรวย,เทศบาลตำบลปลายบาง,270.74
1033,2565,พฤศจิกายน,นนทบุรี,บางกรวย,อบต.บางขนุน,118.11
1034,2565,พฤศจิกายน,นนทบุรี,บางกรวย,อบต.บางขุนกอง,200.0
1035,2565,พฤศจิกายน,นนทบุรี,บางกรวย,อบต.มหาสวัสดิ์,8.3
1036,2565,พฤศจิกายน,นนทบุรี,บางบัวทอง,เทศบาลเมืองบางคูรัด,282.79
1037,2565,พฤศจิกายน,นนทบุรี,บางบัวทอง,เทศบาลเมืองบางบัวทอง,205.47
1038,2565,พฤศจิกายน,นนทบุรี,บางบัวทอง,เทศบาลเมืองบางรักพัฒนา,68.29
1039,2565,พฤศจิกายน,นนทบุรี,บางบัวทอง,เทศบาลเมืองใหม่บางบัวทอง,50.0
1040,2565,พฤศจิกายน,นนทบุรี,บางบัวทอง,อบต.ลำโพ,5.0
1041,2565,พฤศจิกายน,นนทบุรี,บางใหญ่,เทศบาลเมืองบางแม่นาง,2.5
1042,2565,พฤศจิกายน,นนทบุรี,บางใหญ่,เทศบาลตำบลบางม่วง,2.18
1043,2565,พฤศจิกายน,นนทบุรี,บางใหญ่,เทศบาลตำบลบางเลน,0.77
1044,2565,พฤศจิกายน,นนทบุรี,บางใหญ่,เทศบาลตำบลบางใหญ่,130.75
1045,2565,พฤศจิกายน,นนทบุรี,บางใหญ่,เทศบาลตำบลบ้านบางม่วง,51.39
1046,2565,พฤศจิกายน,นนทบุรี,บางใหญ่,เทศบาลตำบลเสาธงหิน,118.23
1047,2565,พฤศจิกายน,นนทบุรี,บางใหญ่,อบต.บางใหญ่,2.0
1048,2565,พฤศจิกายน,นนทบุรี,บางใหญ่,อบต.บ้านใหม่,8.0
1049,2565,พฤศจิกายน,นนทบุรี,ปากเกร็ด,เทศบาลนครปากเกร็ด,600.0
1050,2565,พฤศจิกายน,นนทบุรี,ปากเกร็ด,เทศบาลตำบลบางพลับ,114.84
1051,2565,พฤศจิกายน,นนทบุรี,ปากเกร็ด,อบต.เกาะเกร็ด,4.0
1052,2565,พฤศจิกายน,นนทบุรี,ปากเกร็ด,อบต.คลองพระอุดม,5.0
1053,2565,พฤศจิกายน,นนทบุรี,ปากเกร็ด,อบต.ท่าอิฐ,115.25
1054,2565,พฤศจิกายน,นนทบุรี,ปากเกร็ด,อบต.บางตะไนย์,0.01
1055,2565,พฤศจิกายน,นนทบุรี,เมืองนนทบุรี,เทศบาลนครนนทบุรี,3351.72
1056,2565,พฤศจิกายน,นนทบุรี,เมืองนนทบุรี,เทศบาลเมืองบางกร่าง,15.0
1057,2565,พฤศจิกายน,นนทบุรี,เมืองนนทบุรี,เทศบาลเมืองบางศรีเมือง,364.73
1058,2565,ธันวาคม,นนทบุรี,ไทรน้อย,อบต.ขุนศรี,0.16
1059,2565,ธันวาคม,นนทบุรี,ไทรน้อย,อบต.ทวีวัฒนา,0.83
1060,2565,ธันวาคม,นนทบุรี,ไทรน้อย,อบต.หนองเพรางาย,20.0
1061,2565,ธันวาคม,นนทบุรี,บางกรวย,เทศบาลเมืองบางกรวย,131.19
1062,2565,ธันวาคม,นนทบุรี,บางกรวย,เทศบาลตำบลบางสีทอง,2.4
1063,2565,ธันวาคม,นนทบุรี,บางกรวย,เทศบาลตำบลปลายบาง,184.38
1064,2565,ธันวาคม,นนทบุรี,บางกรวย,อบต.บางขนุน,113.57
1065,2565,ธันวาคม,นนทบุรี,บางกรวย,อบต.บางขุนกอง,200.0
1066,2565,ธันวาคม,นนทบุรี,บางกรวย,อบต.มหาสวัสดิ์,8.39
1067,2565,ธันวาคม,นนทบุรี,บางบัวทอง,เทศบาลเมืองบางคูรัด,306.8
1068,2565,ธันวาคม,นนทบุรี,บางบัวทอง,เทศบาลเมืองบางบัวทอง,54.0
1069,2565,ธันวาคม,นนทบุรี,บางบัวทอง,เทศบาลเมืองใหม่บางบัวทอง,2.0
1070,2565,ธันวาคม,นนทบุรี,บางบัวทอง,อบต.ลำโพ,5.0
1071,2565,ธันวาคม,นนทบุรี,บางใหญ่,เทศบาลเมืองบางแม่นาง,3.5
1072,2565,ธันวาคม,นนทบุรี,บางใหญ่,เทศบาลตำบลบางม่วง,1.21
1073,2565,ธันวาคม,นนทบุรี,บางใหญ่,เทศบาลตำบลบางเลน,0.48
1074,2565,ธันวาคม,นนทบุรี,บางใหญ่,เทศบาลตำบลบางใหญ่,126.54
1075,2565,ธันวาคม,นนทบุรี,บางใหญ่,เทศบาลตำบลบ้านบางม่วง,36.36
1076,2565,ธันวาคม,นนทบุรี,บางใหญ่,เทศบาลตำบลเสาธงหิน,120.81
1077,2565,ธันวาคม,นนทบุรี,บางใหญ่,อบต.บางใหญ่,0.23
1078,2565,ธันวาคม,นนทบุรี,บางใหญ่,อบต.บ้านใหม่,2.5
1079,2565,ธันวาคม,นนทบุรี,ปากเกร็ด,เทศบาลนครปากเกร็ด,600.0
1080,2565,ธันวาคม,นนทบุรี,ปากเกร็ด,เทศบาลตำบลบางพลับ,125.95
1081,2565,ธันวาคม,นนทบุรี,ปากเกร็ด,อบต.เกาะเกร็ด,6.0
1082,2565,ธันวาคม,นนทบุรี,ปากเกร็ด,อบต.คลองพระอุดม,5.0
1083,2565,ธันวาคม,นนทบุรี,ปากเกร็ด,อบต.ท่าอิฐ,98.25
1084,2565,ธันวาคม,นนทบุรี,ปากเกร็ด,อบต.บางตะไนย์,0.01
1085,2565,ธันวาคม,นนทบุรี,เมืองนนทบุรี,เทศบาลนครนนทบุรี,3220.22
1086,2565,ธันวาคม,นนทบุรี,เมืองนนทบุรี,เทศบาลเมืองบางกร่าง,18.0
1087,2565,ธันวาคม,นนทบุรี,เมืองนนทบุรี,เทศบาลเมืองบางศรีเมือง,348.3
1088,2566,มกราคม,นนทบุรี,ไทรน้อย,เทศบาลตำบลไทรน้อย,0.0
1089,2566,มกราคม,นนทบุรี,ไทรน้อย,อบต.ขุนศรี,0.288
1090,2566,มกราคม,นนทบุรี,ไทรน้อย,อบต.คลองขวาง,0.0
1091,2566,มกราคม,นนทบุรี,ไทรน้อย,อบต.ทวีวัฒนา,0.0
1092,2566,มกราคม,นนทบุรี,ไทรน้อย,อบต.ไทรน้อย,0.0
1093,2566,มกราคม,นนทบุรี,ไทรน้อย,อบต.ไทรใหญ่,10.0
1094,2566,มกราคม,นนทบุรี,ไทรน้อย,อบต.ราษฎร์นิยม,10.0
1095,2566,มกราคม,นนทบุรี,ไทรน้อย,อบต.หนองเพรางาย,20.0
1096,2566,มกราคม,นนทบุรี,บางกรวย,เทศบาลเมืองบางกรวย,50.0
1097,2566,มกราคม,นนทบุรี,บางกรวย,เทศบาลตำบลบางสีทอง,2.4
1098,2566,มกราคม,นนทบุรี,บางกรวย,เทศบาลตำบลปลายบาง,248.736
1099,2566,มกราคม,นนทบุรี,บางกรวย,เทศบาลตำบลศาลากลาง,6.0
1100,2566,มกราคม,นนทบุรี,บางกรวย,อบต.บางขนุน,107.93
1101,2566,มกราคม,นนทบุรี,บางกรวย,อบต.บางขุนกอง,0.0
1102,2566,มกราคม,นนทบุรี,บางกรวย,อบต.มหาสวัสดิ์,10.165
1103,2566,มกราคม,นนทบุรี,บางบัวทอง,เทศบาลนครบางบัวทอง,258.29
1104,2566,มกราคม,นนทบุรี,บางบัวทอง,เทศบาลเมืองบางคูรัด,332.228
1105,2566,มกราคม,นนทบุรี,บางบัวทอง,เทศบาลเมืองบางรักพัฒนา,0.0
1106,2566,มกราคม,นนทบุรี,บางบัวทอง,เทศบาลเมืองพิมลราช,0.0
1107,2566,มกราคม,นนทบุรี,บางบัวทอง,เทศบาลเมืองใหม่บางบัวทอง,100.0
1108,2566,มกราคม,นนทบุรี,บางบัวทอง,อบต.บางรักใหญ่,0.0
1109,2566,มกราคม,นนทบุรี,บางบัวทอง,อบต.ละหาร,0.0
1110,2566,มกราคม,นนทบุรี,บางบัวทอง,อบต.ลำโพ,0.0
1111,2566,มกราคม,นนทบุรี,บางใหญ่,เทศบาลเมืองบางแม่นาง,3.0
1112,2566,มกราคม,นนทบุรี,บางใหญ่,เทศบาลเมืองเสาธงหิน,136.799
1113,2566,มกราคม,นนทบุรี,บางใหญ่,เทศบาลตำบลบางม่วง,1.01
1114,2566,มกราคม,นนทบุรี,บางใหญ่,เทศบาลตำบลบางเลน,2.448
1115,2566,มกราคม,นนทบุรี,บางใหญ่,เทศบาลตำบลบางใหญ่,17.521
1116,2566,มกราคม,นนทบุรี,บางใหญ่,อบต.บางใหญ่,0.0
1117,2566,มกราคม,นนทบุรี,บางใหญ่,อบต.บ้านใหม่,9.0
1118,2566,มกราคม,นนทบุรี,ปากเกร็ด,เทศบาลนครปากเกร็ด,700.0
1119,2566,มกราคม,นนทบุรี,ปากเกร็ด,เทศบาลตำบลบางพลับ,0.081
1120,2566,มกราคม,นนทบุรี,ปากเกร็ด,อบต.เกาะเกร็ด,6.0
1121,2566,มกราคม,นนทบุรี,ปากเกร็ด,อบต.คลองข่อย,3.0
1122,2566,มกราคม,นนทบุรี,ปากเกร็ด,อบต.คลองพระอุดม,2.0
1123,2566,มกราคม,นนทบุรี,ปากเกร็ด,อบต.ท่าอิฐ,27.0
1124,2566,มกราคม,นนทบุรี,ปากเกร็ด,อบต.บางตะไนย์,0.0
1125,2566,มกราคม,นนทบุรี,ปากเกร็ด,อบต.อ้อมเกร็ด,0.0
1126,2566,มกราคม,นนทบุรี,เมืองนนทบุรี,เทศบาลนครนนทบุรี,0.784
1127,2566,มกราคม,นนทบุรี,เมืองนนทบุรี,เทศบาลเมืองไทรม้า,0.0
1128,2566,มกราคม,นนทบุรี,เมืองนนทบุรี,เทศบาลเมืองบางกร่าง,37.8
1129,2566,มกราคม,นนทบุรี,เมืองนนทบุรี,เทศบาลเมืองบางศรีเมือง,370.294
1130,2566,มกราคม,นนทบุรี,เมืองนนทบุรี,อบต.บางไผ่,1.586
1131,2566,มกราคม,นนทบุรี,เมืองนนทบุรี,อบต.บางรักน้อย,2.0
1132,2566,กุมภาพันธ์,นนทบุรี,ไทรน้อย,เทศบาลตำบลไทรน้อย,0.0
1133,2566,กุมภาพันธ์,นนทบุรี,ไทรน้อย,อบต.ขุนศรี,0.234
1134,2566,กุมภาพันธ์,นนทบุรี,ไทรน้อย,อบต.คลองขวาง,0.0
1135,2566,กุมภาพันธ์,นนทบุรี,ไทรน้อย,อบต.ทวีวัฒนา,0.0
1136,2566,กุมภาพันธ์,นนทบุรี,ไทรน้อย,อบต.ไทรน้อย,10.0
1137,2566,กุมภาพันธ์,นนทบุรี,ไทรน้อย,อบต.ไทรใหญ่,10.0
1138,2566,กุมภาพันธ์,นนทบุรี,ไทรน้อย,อบต.ราษฎร์นิยม,8.0
1139,2566,กุมภาพันธ์,นนทบุรี,ไทรน้อย,อบต.หนองเพรางาย,20.0
1140,2566,กุมภาพันธ์,นนทบุรี,บางกรวย,เทศบาลเมืองบางกรวย,22.603
1141,2566,กุมภาพันธ์,นนทบุรี,บางกรวย,เทศบาลตำบลบางสีทอง,0.358
1142,2566,กุมภาพันธ์,นนทบุรี,บางกรวย,เทศบาลตำบลปลายบาง,303.192
1143,2566,กุมภาพันธ์,นนทบุรี,บางกรวย,เทศบาลตำบลศาลากลาง,18.0
1144,2566,กุมภาพันธ์,นนทบุรี,บางกรวย,อบต.บางขนุน,95.29
1145,2566,กุมภาพันธ์,นนทบุรี,บางกรวย,อบต.บางขุนกอง,0.0
1146,2566,กุมภาพันธ์,นนทบุรี,บางกรวย,อบต.มหาสวัสดิ์,10.265
1147,2566,กุมภาพันธ์,นนทบุรี,บางบัวทอง,เทศบาลนครบางบัวทอง,253.0
1148,2566,กุมภาพันธ์,นนทบุรี,บางบัวทอง,เทศบาลเมืองบางคูรัด,395.57
1149,2566,กุมภาพันธ์,นนทบุรี,บางบัวทอง,เทศบาลเมืองบางรักพัฒนา,0.0
1150,2566,กุมภาพันธ์,นนทบุรี,บางบัวทอง,เทศบาลเมืองพิมลราช,0.0
1151,2566,กุมภาพันธ์,นนทบุรี,บางบัวทอง,เทศบาลเมืองใหม่บางบัวทอง,20.0
1152,2566,กุมภาพันธ์,นนทบุรี,บางบัวทอง,อบต.บางรักใหญ่,0.0
1153,2566,กุมภาพันธ์,นนทบุรี,บางบัวทอง,อบต.ละหาร,0.0
1154,2566,กุมภาพันธ์,นนทบุรี,บางบัวทอง,อบต.ลำโพ,0.0
1155,2566,กุมภาพันธ์,นนทบุรี,บางใหญ่,เทศบาลเมืองบางแม่นาง,3.0
1156,2566,กุมภาพันธ์,นนทบุรี,บางใหญ่,เทศบาลเมืองเสาธงหิน,117.351
1157,2566,กุมภาพันธ์,นนทบุรี,บางใหญ่,เทศบาลตำบลบางม่วง,0.96
1158,2566,กุมภาพันธ์,นนทบุรี,บางใหญ่,เทศบาลตำบลบางเลน,2.48
1159,2566,กุมภาพันธ์,นนทบุรี,บางใหญ่,เทศบาลตำบลบางใหญ่,11.526
1160,2566,กุมภาพันธ์,นนทบุรี,บางใหญ่,อบต.บางใหญ่,0.23
1161,2566,กุมภาพันธ์,นนทบุรี,บางใหญ่,อบต.บ้านใหม่,9.0
1162,2566,กุมภาพันธ์,นนทบุรี,ปากเกร็ด,เทศบาลนครปากเกร็ด,600.0
1163,2566,กุมภาพันธ์,นนทบุรี,ปากเกร็ด,เทศบาลตำบลบางพลับ,0.182
1164,2566,กุมภาพันธ์,นนทบุรี,ปากเกร็ด,อบต.เกาะเกร็ด,7.535
1165,2566,กุมภาพันธ์,นนทบุรี,ปากเกร็ด,อบต.คลองข่อย,10.0
1166,2566,กุมภาพันธ์,นนทบุรี,ปากเกร็ด,อบต.คลองพระอุดม,2.0
1167,2566,กุมภาพันธ์,นนทบุรี,ปากเกร็ด,อบต.ท่าอิฐ,18.0
1168,2566,กุมภาพันธ์,นนทบุรี,ปากเกร็ด,อบต.บางตะไนย์,0.0
1169,2566,กุมภาพันธ์,นนทบุรี,ปากเกร็ด,อบต.อ้อมเกร็ด,0.0
1170,2566,กุมภาพันธ์,นนทบุรี,เมืองนนทบุรี,เทศบาลนครนนทบุรี,1.136
1171,2566,กุมภาพันธ์,นนทบุรี,เมืองนนทบุรี,เทศบาลเมืองไทรม้า,0.0
1172,2566,กุมภาพันธ์,นนทบุรี,เมืองนนทบุรี,เทศบาลเมืองบางกร่าง,20.92
1173,2566,กุมภาพันธ์,นนทบุรี,เมืองนนทบุรี,เทศบาลเมืองบางศรีเมือง,326.665
1174,2566,กุมภาพันธ์,นนทบุรี,เมืองนนทบุรี,อบต.บางไผ่,1.422
1175,2566,กุมภาพันธ์,นนทบุรี,เมืองนนทบุรี,อบต.บางรักน้อย,1.0
1176,2566,มีนาคม,นนทบุรี,ไทรน้อย,เทศบาลตำบลไทรน้อย,0.0
1177,2566,มีนาคม,นนทบุรี,ไทรน้อย,อบต.ขุนศรี,0.208
1178,2566,มีนาคม,นนทบุรี,ไทรน้อย,อบต.คลองขวาง,0.0
1179,2566,มีนาคม,นนทบุรี,ไทรน้อย,อบต.ทวีวัฒนา,0.0
1180,2566,มีนาคม,นนทบุรี,ไทรน้อย,อบต.ไทรน้อย,0.0
1181,2566,มีนาคม,นนทบุรี,ไทรน้อย,อบต.ไทรใหญ่,10.0
1182,2566,มีนาคม,นนทบุรี,ไทรน้อย,อบต.ราษฎร์นิยม,14.0
1183,2566,มีนาคม,นนทบุรี,ไทรน้อย,อบต.หนองเพรางาย,20.0
1184,2566,มีนาคม,นนทบุรี,บางกรวย,เทศบาลเมืองบางกรวย,50.0
1185,2566,มีนาคม,นนทบุรี,บางกรวย,เทศบาลตำบลบางสีทอง,0.211
1186,2566,มีนาคม,นนทบุรี,บางกรวย,เทศบาลตำบลปลายบาง,274.844
1187,2566,มีนาคม,นนทบุรี,บางกรวย,เทศบาลตำบลศาลากลาง,23.66
1188,2566,มีนาคม,นนทบุรี,บางกรวย,อบต.บางขนุน,1.541
1189,2566,มีนาคม,นนทบุรี,บางกรวย,อบต.บางขุนกอง,0.0
1190,2566,มีนาคม,นนทบุรี,บางกรวย,อบต.มหาสวัสดิ์,10.706
1191,2566,มีนาคม,นนทบุรี,บางบัวทอง,เทศบาลนครบางบัวทอง,246.5
1192,2566,มีนาคม,นนทบุรี,บางบัวทอง,เทศบาลเมืองบางคูรัด,431.148
1193,2566,มีนาคม,นนทบุรี,บางบัวทอง,เทศบาลเมืองบางรักพัฒนา,0.0
1194,2566,มีนาคม,นนทบุรี,บางบัวทอง,เทศบาลเมืองพิมลราช,0.0
1195,2566,มีนาคม,นนทบุรี,บางบัวทอง,เทศบาลเมืองใหม่บางบัวทอง,50.0
1196,2566,มีนาคม,นนทบุรี,บางบัวทอง,อบต.บางรักใหญ่,0.0
1197,2566,มีนาคม,นนทบุรี,บางบัวทอง,อบต.ละหาร,0.0
1198,2566,มีนาคม,นนทบุรี,บางบัวทอง,อบต.ลำโพ,0.0
1199,2566,มีนาคม,นนทบุรี,บางใหญ่,เทศบาลเมืองบางแม่นาง,3.0
1200,2566,มีนาคม,นนทบุรี,บางใหญ่,เทศบาลเมืองเสาธงหิน,130.469
1201,2566,มีนาคม,นนทบุรี,บางใหญ่,เทศบาลตำบลบางม่วง,0.56
1202,2566,มีนาคม,นนทบุรี,บางใหญ่,เทศบาลตำบลบางเลน,2.48
1203,2566,มีนาคม,นนทบุรี,บางใหญ่,เทศบาลตำบลบางใหญ่,12.356
1204,2566,มีนาคม,นนทบุรี,บางใหญ่,อบต.บางใหญ่,1.0
1205,2566,มีนาคม,นนทบุรี,บางใหญ่,อบต.บ้านใหม่,5.0
1206,2566,มีนาคม,นนทบุรี,ปากเกร็ด,เทศบาลนครปากเกร็ด,700.0
1207,2566,มีนาคม,นนทบุรี,ปากเกร็ด,เทศบาลตำบลบางพลับ,0.028
1208,2566,มีนาคม,นนทบุรี,ปากเกร็ด,อบต.เกาะเกร็ด,5.563
1209,2566,มีนาคม,นนทบุรี,ปากเกร็ด,อบต.คลองข่อย,3.0
1210,2566,มีนาคม,นนทบุรี,ปากเกร็ด,อบต.คลองพระอุดม,2.0
1211,2566,มีนาคม,นนทบุรี,ปากเกร็ด,อบต.ท่าอิฐ,18.0
1212,2566,มีนาคม,นนทบุรี,ปากเกร็ด,อบต.บางตะไนย์,0.1
1213,2566,มีนาคม,นนทบุรี,ปากเกร็ด,อบต.อ้อมเกร็ด,0.0
1214,2566,มีนาคม,นนทบุรี,เมืองนนทบุรี,เทศบาลนครนนทบุรี,1.083
1215,2566,มีนาคม,นนทบุรี,เมืองนนทบุรี,เทศบาลเมืองไทรม้า,0.0
1216,2566,มีนาคม,นนทบุรี,เมืองนนทบุรี,เทศบาลเมืองบางกร่าง,38.77
1217,2566,มีนาคม,นนทบุรี,เมืองนนทบุรี,เทศบาลเมืองบางศรีเมือง,355.794
1218,2566,มีนาคม,นนทบุรี,เมืองนนทบุรี,อบต.บางไผ่,1.582
1219,2566,มีนาคม,นนทบุรี,เมืองนนทบุรี,อบต.บางรักน้อย,1.0
1220,2566,เมษายน,นนทบุรี,ไทรน้อย,เทศบาลตำบลไทรน้อย,0.0
1221,2566,เมษายน,นนทบุรี,ไทรน้อย,อบต.ขุนศรี,15.045
1222,2566,เมษายน,นนทบุรี,ไทรน้อย,อบต.คลองขวาง,0.0
1223,2566,เมษายน,นนทบุรี,ไทรน้อย,อบต.ทวีวัฒนา,0.0
1224,2566,เมษายน,นนทบุรี,ไทรน้อย,อบต.ไทรน้อย,0.0
1225,2566,เมษายน,นนทบุรี,ไทรน้อย,อบต.ไทรใหญ่,44.37
1226,2566,เมษายน,นนทบุรี,ไทรน้อย,อบต.ราษฎร์นิยม,34.663
1227,2566,เมษายน,นนทบุรี,ไทรน้อย,อบต.หนองเพรางาย,100.0
1228,2566,เมษายน,นนทบุรี,บางกรวย,เทศบาลเมืองบางกรวย,120.0
1229,2566,เมษายน,นนทบุรี,บางกรวย,เทศบาลตำบลบางสีทอง,228.106
1230,2566,เมษายน,นนทบุรี,บางกรวย,เทศบาลตำบลปลายบาง,752.515
1231,2566,เมษายน,นนทบุรี,บางกรวย,เทศบาลตำบลศาลากลาง,36.0
1232,2566,เมษายน,นนทบุรี,บางกรวย,อบต.บางขนุน,1.272
1233,2566,เมษายน,นนทบุรี,บางกรวย,อบต.บางขุนกอง,0.0
1234,2566,เมษายน,นนทบุรี,บางกรวย,อบต.มหาสวัสดิ์,14.443
1235,2566,เมษายน,นนทบุรี,บางบัวทอง,เทศบาลนครบางบัวทอง,222.83
1236,2566,เมษายน,นนทบุรี,บางบัวทอง,เทศบาลเมืองบางคูรัด,1077.87
1237,2566,เมษายน,นนทบุรี,บางบัวทอง,เทศบาลเมืองบางรักพัฒนา,0.0
1238,2566,เมษายน,นนทบุรี,บางบัวทอง,เทศบาลเมืองพิมลราช,0.0
1239,2566,เมษายน,นนทบุรี,บางบัวทอง,เทศบาลเมืองใหม่บางบัวทอง,210.0
1240,2566,เมษายน,นนทบุรี,บางบัวทอง,อบต.บางรักใหญ่,0.0
1241,2566,เมษายน,นนทบุรี,บางบัวทอง,อบต.ละหาร,0.0
1242,2566,เมษายน,นนทบุรี,บางบัวทอง,อบต.ลำโพ,0.0
1243,2566,เมษายน,นนทบุรี,บางใหญ่,เทศบาลเมืองบางแม่นาง,5.0
1244,2566,เมษายน,นนทบุรี,บางใหญ่,เทศบาลเมืองเสาธงหิน,127.16
1245,2566,เมษายน,นนทบุรี,บางใหญ่,เทศบาลตำบลบางม่วง,1.2
1246,2566,เมษายน,นนทบุรี,บางใหญ่,เทศบาลตำบลบางเลน,4.05
1247,2566,เมษายน,นนทบุรี,บางใหญ่,เทศบาลตำบลบางใหญ่,12684.64
1248,2566,เมษายน,นนทบุรี,บางใหญ่,อบต.บางใหญ่,2.3
1249,2566,เมษายน,นนทบุรี,บางใหญ่,อบต.บ้านใหม่,14.0
1250,2566,เมษายน,นนทบุรี,ปากเกร็ด,เทศบาลนครปากเกร็ด,703.25
1251,2566,เมษายน,นนทบุรี,ปากเกร็ด,เทศบาลตำบลบางพลับ,0.097
1252,2566,เมษายน,นนทบุรี,ปากเกร็ด,อบต.เกาะเกร็ด,7.302
1253,2566,เมษายน,นนทบุรี,ปากเกร็ด,อบต.คลองข่อย,13.0
1254,2566,เมษายน,นนทบุรี,ปากเกร็ด,อบต.คลองพระอุดม,3.0
1255,2566,เมษายน,นนทบุรี,ปากเกร็ด,อบต.ท่าอิฐ,52.612
1256,2566,เมษายน,นนทบุรี,ปากเกร็ด,อบต.บางตะไนย์,0.0
1257,2566,เมษายน,นนทบุรี,ปากเกร็ด,อบต.อ้อมเกร็ด,0.0
1258,2566,เมษายน,นนทบุรี,เมืองนนทบุรี,เทศบาลนครนนทบุรี,0.355
1259,2566,เมษายน,นนทบุรี,เมืองนนทบุรี,เทศบาลเมืองไทรม้า,0.0
1260,2566,เมษายน,นนทบุรี,เมืองนนทบุรี,เทศบาลเมืองบางกร่าง,105.12
1261,2566,เมษายน,นนทบุรี,เมืองนนทบุรี,เทศบาลเมืองบางศรีเมือง,1050.12
1262,2566,เมษายน,นนทบุรี,เมืองนนทบุรี,อบต.บางไผ่,3.056
1263,2566,เมษายน,นนทบุรี,เมืองนนทบุรี,อบต.บางรักน้อย,2.0
1264,2566,พฤษภาคม,นนทบุรี,ไทรน้อย,เทศบาลตำบลไทรน้อย,0.0
1265,2566,พฤษภาคม,นนทบุรี,ไทรน้อย,อบต.ขุนศรี,0.263
1266,2566,พฤษภาคม,นนทบุรี,ไทรน้อย,อบต.คลองขวาง,0.0
1267,2566,พฤษภาคม,นนทบุรี,ไทรน้อย,อบต.ทวีวัฒนา,0.0
1268,2566,พฤษภาคม,นนทบุรี,ไทรน้อย,อบต.ไทรน้อย,0.0
1269,2566,พฤษภาคม,นนทบุรี,ไทรน้อย,อบต.ไทรใหญ่,10.0
1270,2566,พฤษภาคม,นนทบุรี,ไทรน้อย,อบต.ราษฎร์นิยม,11.0
1271,2566,พฤษภาคม,นนทบุรี,ไทรน้อย,อบต.หนองเพรางาย,20.0
1272,2566,พฤษภาคม,นนทบุรี,บางกรวย,เทศบาลเมืองบางกรวย,30.0
1273,2566,พฤษภาคม,นนทบุรี,บางกรวย,เทศบาลตำบลบางสีทอง,0.659
1274,2566,พฤษภาคม,นนทบุรี,บางกรวย,เทศบาลตำบลปลายบาง,236.532
1275,2566,พฤษภาคม,นนทบุรี,บางกรวย,เทศบาลตำบลศาลากลาง,10.0
1276,2566,พฤษภาคม,นนทบุรี,บางกรวย,อบต.บางขนุน,1.214
1277,2566,พฤษภาคม,นนทบุรี,บางกรวย,อบต.บางขุนกอง,0.0
1278,2566,พฤษภาคม,นนทบุรี,บางกรวย,อบต.มหาสวัสดิ์,10.887
1279,2566,พฤษภาคม,นนทบุรี,บางบัวทอง,เทศบาลนครบางบัวทอง,54.0
1280,2566,พฤษภาคม,นนทบุรี,บางบัวทอง,เทศบาลเมืองบางคูรัด,438.876
1281,2566,พฤษภาคม,นนทบุรี,บางบัวทอง,เทศบาลเมืองบางรักพัฒนา,0.0
1282,2566,พฤษภาคม,นนทบุรี,บางบัวทอง,เทศบาลเมืองพิมลราช,0.0
1283,2566,พฤษภาคม,นนทบุรี,บางบัวทอง,เทศบาลเมืองใหม่บางบัวทอง,100.0
1284,2566,พฤษภาคม,นนทบุรี,บางบัวทอง,อบต.บางรักใหญ่,29.0
1285,2566,พฤษภาคม,นนทบุรี,บางบัวทอง,อบต.ละหาร,0.0
1286,2566,พฤษภาคม,นนทบุรี,บางบัวทอง,อบต.ลำโพ,0.0
1287,2566,พฤษภาคม,นนทบุรี,บางใหญ่,เทศบาลเมืองบางแม่นาง,3.0
1288,2566,พฤษภาคม,นนทบุรี,บางใหญ่,เทศบาลเมืองเสาธงหิน,130.292
1289,2566,พฤษภาคม,นนทบุรี,บางใหญ่,เทศบาลตำบลบางม่วง,0.87
1290,2566,พฤษภาคม,นนทบุรี,บางใหญ่,เทศบาลตำบลบางเลน,2.48
1291,2566,พฤษภาคม,นนทบุรี,บางใหญ่,เทศบาลตำบลบางใหญ่,21.256
1292,2566,พฤษภาคม,นนทบุรี,บางใหญ่,อบต.บางใหญ่,0.23
1293,2566,พฤษภาคม,นนทบุรี,บางใหญ่,อบต.บ้านใหม่,9.0
1294,2566,พฤษภาคม,นนทบุรี,ปากเกร็ด,เทศบาลนครปากเกร็ด,700.0
1295,2566,พฤษภาคม,นนทบุรี,ปากเกร็ด,เทศบาลตำบลบางพลับ,0.041
1296,2566,พฤษภาคม,นนทบุรี,ปากเกร็ด,อบต.เกาะเกร็ด,3.5
1297,2566,พฤษภาคม,นนทบุรี,ปากเกร็ด,อบต.คลองข่อย,3.0
1298,2566,พฤษภาคม,นนทบุรี,ปากเกร็ด,อบต.คลองพระอุดม,2.0
1299,2566,พฤษภาคม,นนทบุรี,ปากเกร็ด,อบต.ท่าอิฐ,15.0
1300,2566,พฤษภาคม,นนทบุรี,ปากเกร็ด,อบต.บางตะไนย์,0.0
1301,2566,พฤษภาคม,นนทบุรี,ปากเกร็ด,อบต.อ้อมเกร็ด,0.0
1302,2566,พฤษภาคม,นนทบุรี,เมืองนนทบุรี,เทศบาลนครนนทบุรี,1.152
1303,2566,พฤษภาคม,นนทบุรี,เมืองนนทบุรี,เทศบาลเมืองไทรม้า,0.0
1304,2566,พฤษภาคม,นนทบุรี,เมืองนนทบุรี,เทศบาลเมืองบางกร่าง,32.99
1305,2566,พฤษภาคม,นนทบุรี,เมืองนนทบุรี,เทศบาลเมืองบางศรีเมือง,388.113
1306,2566,พฤษภาคม,นนทบุรี,เมืองนนทบุรี,อบต.บางไผ่,2.39
1307,2566,พฤษภาคม,นนทบุรี,เมืองนนทบุรี,อบต.บางรักน้อย,1.0
1308,2566,มิถุนายน,นนทบุรี,ไทรน้อย,เทศบาลตำบลไทรน้อย,0.0
1309,2566,มิถุนายน,นนทบุรี,ไทรน้อย,อบต.ขุนศรี,0.239
1310,2566,มิถุนายน,นนทบุรี,ไทรน้อย,อบต.คลองขวาง,0.0
1311,2566,มิถุนายน,นนทบุรี,ไทรน้อย,อบต.ทวีวัฒนา,0.0
1312,2566,มิถุนายน,นนทบุรี,ไทรน้อย,อบต.ไทรน้อย,0.0
1313,2566,มิถุนายน,นนทบุรี,ไทรน้อย,อบต.ไทรใหญ่,10.0
1314,2566,มิถุนายน,นนทบุรี,ไทรน้อย,อบต.ราษฎร์นิยม,11.0
1315,2566,มิถุนายน,นนทบุรี,ไทรน้อย,อบต.หนองเพรางาย,20.0
1316,2566,มิถุนายน,นนทบุรี,บางกรวย,เทศบาลเมืองบางกรวย,45.973
1317,2566,มิถุนายน,นนทบุรี,บางกรวย,เทศบาลตำบลบางสีทอง,0.936
1318,2566,มิถุนายน,นนทบุรี,บางกรวย,เทศบาลตำบลปลายบาง,250.418
1319,2566,มิถุนายน,นนทบุรี,บางกรวย,เทศบาลตำบลศาลากลาง,18.0
1320,2566,มิถุนายน,นนทบุรี,บางกรวย,อบต.บางขนุน,1.366
1321,2566,มิถุนายน,นนทบุรี,บางกรวย,อบต.บางขุนกอง,0.0
1322,2566,มิถุนายน,นนทบุรี,บางกรวย,อบต.มหาสวัสดิ์,11.481
1323,2566,มิถุนายน,นนทบุรี,บางบัวทอง,เทศบาลนครบางบัวทอง,108.205
1324,2566,มิถุนายน,นนทบุรี,บางบัวทอง,เทศบาลเมืองบางคูรัด,418.274
1325,2566,มิถุนายน,นนทบุรี,บางบัวทอง,เทศบาลเมืองบางรักพัฒนา,0.0
1326,2566,มิถุนายน,นนทบุรี,บางบัวทอง,เทศบาลเมืองพิมลราช,0.0
1327,2566,มิถุนายน,นนทบุรี,บางบัวทอง,เทศบาลเมืองใหม่บางบัวทอง,50.0
1328,2566,มิถุนายน,นนทบุรี,บางบัวทอง,อบต.บางรักใหญ่,0.0
1329,2566,มิถุนายน,นนทบุรี,บางบัวทอง,อบต.ละหาร,0.0
1330,2566,มิถุนายน,นนทบุรี,บางบัวทอง,อบต.ลำโพ,0.0
1331,2566,มิถุนายน,นนทบุรี,บางใหญ่,เทศบาลเมืองบางแม่นาง,6.0
1332,2566,มิถุนายน,นนทบุรี,บางใหญ่,เทศบาลเมืองเสาธงหิน,125.797
1333,2566,มิถุนายน,นนทบุรี,บางใหญ่,เทศบาลตำบลบางม่วง,1.03
1334,2566,มิถุนายน,นนทบุรี,บางใหญ่,เทศบาลตำบลบางเลน,4.896
1335,2566,มิถุนายน,นนทบุรี,บางใหญ่,เทศบาลตำบลบางใหญ่,14.254
1336,2566,มิถุนายน,นนทบุรี,บางใหญ่,อบต.บางใหญ่,2.0
1337,2566,มิถุนายน,นนทบุรี,บางใหญ่,อบต.บ้านใหม่,10.0
1338,2566,มิถุนายน,นนทบุรี,ปากเกร็ด,เทศบาลนครปากเกร็ด,88.79
1339,2566,มิถุนายน,นนทบุรี,ปากเกร็ด,เทศบาลตำบลบางพลับ,0.13
1340,2566,มิถุนายน,นนทบุรี,ปากเกร็ด,อบต.เกาะเกร็ด,50.0
1341,2566,มิถุนายน,นนทบุรี,ปากเกร็ด,อบต.คลองข่อย,20.0
1342,2566,มิถุนายน,นนทบุรี,ปากเกร็ด,อบต.คลองพระอุดม,1.0
1343,2566,มิถุนายน,นนทบุรี,ปากเกร็ด,อบต.ท่าอิฐ,9.0
1344,2566,มิถุนายน,นนทบุรี,ปากเกร็ด,อบต.บางตะไนย์,0.0
1345,2566,มิถุนายน,นนทบุรี,ปากเกร็ด,อบต.อ้อมเกร็ด,0.0
1346,2566,มิถุนายน,นนทบุรี,เมืองนนทบุรี,เทศบาลนครนนทบุรี,3.631
1347,2566,มิถุนายน,นนทบุรี,เมืองนนทบุรี,เทศบาลเมืองไทรม้า,0.0
1348,2566,มิถุนายน,นนทบุรี,เมืองนนทบุรี,เทศบาลเมืองบางกร่าง,30.98
1349,2566,มิถุนายน,นนทบุรี,เมืองนนทบุรี,เทศบาลเมืองบางศรีเมือง,375.838
1350,2566,มิถุนายน,นนทบุรี,เมืองนนทบุรี,อบต.บางไผ่,3.244
1351,2566,มิถุนายน,นนทบุรี,เมืองนนทบุรี,อบต.บางรักน้อย,1.0
1352,2566,กรกฎาคม,นนทบุรี,ไทรน้อย,เทศบาลตำบลไทรน้อย,1.0
1353,2566,กรกฎาคม,นนทบุรี,ไทรน้อย,อบต.ขุนศรี,0.0
1354,2566,กรกฎาคม,นนทบุรี,ไทรน้อย,อบต.คลองขวาง,0.0
1355,2566,กรกฎาคม,นนทบุรี,ไทรน้อย,อบต.ทวีวัฒนา,0.0
1356,2566,กรกฎาคม,นนทบุรี,ไทรน้อย,อบต.ไทรน้อย,0.0
1357,2566,กรกฎาคม,นนทบุรี,ไทรน้อย,อบต.ไทรใหญ่,10.0
1358,2566,กรกฎาคม,นนทบุรี,ไทรน้อย,อบต.ราษฎร์นิยม,11.0
1359,2566,กรกฎาคม,นนทบุรี,ไทรน้อย,อบต.หนองเพรางาย,20.0
1360,2566,กรกฎาคม,นนทบุรี,บางกรวย,เทศบาลเมืองบางกรวย,43.3
1361,2566,กรกฎาคม,นนทบุรี,บางกรวย,เทศบาลตำบลบางสีทอง,0.745
1362,2566,กรกฎาคม,นนทบุรี,บางกรวย,เทศบาลตำบลปลายบาง,796.431
1363,2566,กรกฎาคม,นนทบุรี,บางกรวย,เทศบาลตำบลศาลากลาง,11.0
1364,2566,กรกฎาคม,นนทบุรี,บางกรวย,อบต.บางขนุน,1.615
1365,2566,กรกฎาคม,นนทบุรี,บางกรวย,อบต.บางขุนกอง,0.0
1366,2566,กรกฎาคม,นนทบุรี,บางกรวย,อบต.มหาสวัสดิ์,11.631
1367,2566,กรกฎาคม,นนทบุรี,บางบัวทอง,เทศบาลนครบางบัวทอง,115.6
1368,2566,กรกฎาคม,นนทบุรี,บางบัวทอง,เทศบาลเมืองบางคูรัด,218.496
1369,2566,กรกฎาคม,นนทบุรี,บางบัวทอง,เทศบาลเมืองบางรักพัฒนา,0.0
1370,2566,กรกฎาคม,นนทบุรี,บางบัวทอง,เทศบาลเมืองพิมลราช,0.0
1371,2566,กรกฎาคม,นนทบุรี,บางบัวทอง,เทศบาลเมืองใหม่บางบัวทอง,50.0
1372,2566,กรกฎาคม,นนทบุรี,บางบัวทอง,อบต.บางรักใหญ่,30.0
1373,2566,กรกฎาคม,นนทบุรี,บางบัวทอง,อบต.ละหาร,0.0
1374,2566,กรกฎาคม,นนทบุรี,บางบัวทอง,อบต.ลำโพ,0.0
1375,2566,กรกฎาคม,นนทบุรี,บางใหญ่,เทศบาลเมืองบางแม่นาง,5.0
1376,2566,กรกฎาคม,นนทบุรี,บางใหญ่,เทศบาลเมืองเสาธงหิน,136.631
1377,2566,กรกฎาคม,นนทบุรี,บางใหญ่,เทศบาลตำบลบางม่วง,0.96
1378,2566,กรกฎาคม,นนทบุรี,บางใหญ่,เทศบาลตำบลบางเลน,5.2
1379,2566,กรกฎาคม,นนทบุรี,บางใหญ่,เทศบาลตำบลบางใหญ่,21.763
1380,2566,กรกฎาคม,นนทบุรี,บางใหญ่,อบต.บางใหญ่,0.23
1381,2566,กรกฎาคม,นนทบุรี,บางใหญ่,อบต.บ้านใหม่,1.0
1382,2566,กรกฎาคม,นนทบุรี,ปากเกร็ด,เทศบาลนครปากเกร็ด,700.0
1383,2566,กรกฎาคม,นนทบุรี,ปากเกร็ด,เทศบาลตำบลบางพลับ,0.046
1384,2566,กรกฎาคม,นนทบุรี,ปากเกร็ด,อบต.เกาะเกร็ด,69.07
1385,2566,กรกฎาคม,นนทบุรี,ปากเกร็ด,อบต.คลองข่อย,3.0
1386,2566,กรกฎาคม,นนทบุรี,ปากเกร็ด,อบต.คลองพระอุดม,2.0
1387,2566,กรกฎาคม,นนทบุรี,ปากเกร็ด,อบต.ท่าอิฐ,16.0
1388,2566,กรกฎาคม,นนทบุรี,ปากเกร็ด,อบต.บางตะไนย์,0.1
1389,2566,กรกฎาคม,นนทบุรี,ปากเกร็ด,อบต.อ้อมเกร็ด,0.0
1390,2566,กรกฎาคม,นนทบุรี,เมืองนนทบุรี,เทศบาลนครนนทบุรี,2.503
1391,2566,กรกฎาคม,นนทบุรี,เมืองนนทบุรี,เทศบาลเมืองไทรม้า,0.0
1392,2566,กรกฎาคม,นนทบุรี,เมืองนนทบุรี,เทศบาลเมืองบางกร่าง,38.16
1393,2566,กรกฎาคม,นนทบุรี,เมืองนนทบุรี,เทศบาลเมืองบางศรีเมือง,365.377
1394,2566,กรกฎาคม,นนทบุรี,เมืองนนทบุรี,อบต.บางไผ่,2.531
1395,2566,กรกฎาคม,นนทบุรี,เมืองนนทบุรี,อบต.บางรักน้อย,2.0
1396,2566,สิงหาคม,นนทบุรี,ไทรน้อย,เทศบาลตำบลไทรน้อย,1.0
1397,2566,สิงหาคม,นนทบุรี,ไทรน้อย,อบต.ขุนศรี,0.0
1398,2566,สิงหาคม,นนทบุรี,ไทรน้อย,อบต.คลองขวาง,0.0
1399,2566,สิงหาคม,นนทบุรี,ไทรน้อย,อบต.ทวีวัฒนา,0.0
1400,2566,สิงหาคม,นนทบุรี,ไทรน้อย,อบต.ไทรน้อย,0.0
1401,2566,สิงหาคม,นนทบุรี,ไทรน้อย,อบต.ไทรใหญ่,10.0
1402,2566,สิงหาคม,นนทบุรี,ไทรน้อย,อบต.ราษฎร์นิยม,0.0
1403,2566,สิงหาคม,นนทบุรี,ไทรน้อย,อบต.หนองเพรางาย,20.0
1404,2566,สิงหาคม,นนทบุรี,บางกรวย,เทศบาลเมืองบางกรวย,148.595
1405,2566,สิงหาคม,นนทบุรี,บางกรวย,เทศบาลตำบลบางสีทอง,6.65
1406,2566,สิงหาคม,นนทบุรี,บางกรวย,เทศบาลตำบลปลายบาง,911.52
1407,2566,สิงหาคม,นนทบุรี,บางกรวย,เทศบาลตำบลศาลากลาง,18.0
1408,2566,สิงหาคม,นนทบุรี,บางกรวย,อบต.บางขนุน,1.566
1409,2566,สิงหาคม,นนทบุรี,บางกรวย,อบต.บางขุนกอง,0.0
1410,2566,สิงหาคม,นนทบุรี,บางกรวย,อบต.มหาสวัสดิ์,11.315
1411,2566,สิงหาคม,นนทบุรี,บางบัวทอง,เทศบาลนครบางบัวทอง,109.54
1412,2566,สิงหาคม,นนทบุรี,บางบัวทอง,เทศบาลเมืองบางคูรัด,283.167
1413,2566,สิงหาคม,นนทบุรี,บางบัวทอง,เทศบาลเมืองบางรักพัฒนา,0.0
1414,2566,สิงหาคม,นนทบุรี,บางบัวทอง,เทศบาลเมืองพิมลราช,0.0
1415,2566,สิงหาคม,นนทบุรี,บางบัวทอง,เทศบาลเมืองใหม่บางบัวทอง,50.0
1416,2566,สิงหาคม,นนทบุรี,บางบัวทอง,อบต.บางรักใหญ่,20.0
1417,2566,สิงหาคม,นนทบุรี,บางบัวทอง,อบต.ละหาร,10.0
1418,2566,สิงหาคม,นนทบุรี,บางบัวทอง,อบต.ลำโพ,0.0
1419,2566,สิงหาคม,นนทบุรี,บางใหญ่,เทศบาลเมืองบางแม่นาง,300.905
1420,2566,สิงหาคม,นนทบุรี,บางใหญ่,เทศบาลเมืองเสาธงหิน,130.158
1421,2566,สิงหาคม,นนทบุรี,บางใหญ่,เทศบาลตำบลบางม่วง,1.03
1422,2566,สิงหาคม,นนทบุรี,บางใหญ่,เทศบาลตำบลบางเลน,5.3
1423,2566,สิงหาคม,นนทบุรี,บางใหญ่,เทศบาลตำบลบางใหญ่,11.526
1424,2566,สิงหาคม,นนทบุรี,บางใหญ่,อบต.บางใหญ่,2.0
1425,2566,สิงหาคม,นนทบุรี,บางใหญ่,อบต.บ้านใหม่,10.0
1426,2566,สิงหาคม,นนทบุรี,ปากเกร็ด,เทศบาลนครปากเกร็ด,100.0
1427,2566,สิงหาคม,นนทบุรี,ปากเกร็ด,เทศบาลตำบลบางพลับ,0.026
1428,2566,สิงหาคม,นนทบุรี,ปากเกร็ด,อบต.เกาะเกร็ด,69.07
1429,2566,สิงหาคม,นนทบุรี,ปากเกร็ด,อบต.คลองข่อย,3.0
1430,2566,สิงหาคม,นนทบุรี,ปากเกร็ด,อบต.คลองพระอุดม,2.0
1431,2566,สิงหาคม,นนทบุรี,ปากเกร็ด,อบต.ท่าอิฐ,13.0
1432,2566,สิงหาคม,นนทบุรี,ปากเกร็ด,อบต.บางตะไนย์,0.1
1433,2566,สิงหาคม,นนทบุรี,ปากเกร็ด,อบต.อ้อมเกร็ด,0.0
1434,2566,สิงหาคม,นนทบุรี,เมืองนนทบุรี,เทศบาลนครนนทบุรี,6.672
1435,2566,สิงหาคม,นนทบุรี,เมืองนนทบุรี,เทศบาลเมืองไทรม้า,0.0
1436,2566,สิงหาคม,นนทบุรี,เมืองนนทบุรี,เทศบาลเมืองบางกร่าง,16.52
1437,2566,สิงหาคม,นนทบุรี,เมืองนนทบุรี,เทศบาลเมืองบางศรีเมือง,372.14
1438,2566,สิงหาคม,นนทบุรี,เมืองนนทบุรี,อบต.บางไผ่,0.0
1439,2566,สิงหาคม,นนทบุรี,เมืองนนทบุรี,อบต.บางรักน้อย,1.0
1440,2566,กันยายน,นนทบุรี,ไทรน้อย,เทศบาลตำบลไทรน้อย,0.5
1441,2566,กันยายน,นนทบุรี,ไทรน้อย,อบต.ขุนศรี,0.239
1442,2566,กันยายน,นนทบุรี,ไทรน้อย,อบต.คลองขวาง,0.0
1443,2566,กันยายน,นนทบุรี,ไทรน้อย,อบต.ทวีวัฒนา,0.0
1444,2566,กันยายน,นนทบุรี,ไทรน้อย,อบต.ไทรน้อย,0.0
1445,2566,กันยายน,นนทบุรี,ไทรน้อย,อบต.ไทรใหญ่,10.0
1446,2566,กันยายน,นนทบุรี,ไทรน้อย,อบต.ราษฎร์นิยม,0.0
1447,2566,กันยายน,นนทบุรี,ไทรน้อย,อบต.หนองเพรางาย,20.0
1448,2566,กันยายน,นนทบุรี,บางกรวย,เทศบาลเมืองบางกรวย,130.528
1449,2566,กันยายน,นนทบุรี,บางกรวย,เทศบาลตำบลบางสีทอง,0.45
1450,2566,กันยายน,นนทบุรี,บางกรวย,เทศบาลตำบลปลายบาง,887.028
1451,2566,กันยายน,นนทบุรี,บางกรวย,เทศบาลตำบลศาลากลาง,5.0
1452,2566,กันยายน,นนทบุรี,บางกรวย,อบต.บางขนุน,1.002
1453,2566,กันยายน,นนทบุรี,บางกรวย,อบต.บางขุนกอง,0.0
1454,2566,กันยายน,นนทบุรี,บางกรวย,อบต.มหาสวัสดิ์,10.865
1455,2566,กันยายน,นนทบุรี,บางบัวทอง,เทศบาลนครบางบัวทอง,115.6
1456,2566,กันยายน,นนทบุรี,บางบัวทอง,เทศบาลเมืองบางคูรัด,362.736
1457,2566,กันยายน,นนทบุรี,บางบัวทอง,เทศบาลเมืองบางรักพัฒนา,0.0
1458,2566,กันยายน,นนทบุรี,บางบัวทอง,เทศบาลเมืองพิมลราช,0.0
1459,2566,กันยายน,นนทบุรี,บางบัวทอง,เทศบาลเมืองใหม่บางบัวทอง,10.0
1460,2566,กันยายน,นนทบุรี,บางบัวทอง,อบต.บางรักใหญ่,26.0
1461,2566,กันยายน,นนทบุรี,บางบัวทอง,อบต.ละหาร,10.0
1462,2566,กันยายน,นนทบุรี,บางบัวทอง,อบต.ลำโพ,0.0
1463,2566,กันยายน,นนทบุรี,บางใหญ่,เทศบาลเมืองบางแม่นาง,0.0
1464,2566,กันยายน,นนทบุรี,บางใหญ่,เทศบาลเมืองเสาธงหิน,0.785
1465,2566,กันยายน,นนทบุรี,บางใหญ่,เทศบาลตำบลบางม่วง,0.96
1466,2566,กันยายน,นนทบุรี,บางใหญ่,เทศบาลตำบลบางเลน,5.2
1467,2566,กันยายน,นนทบุรี,บางใหญ่,เทศบาลตำบลบางใหญ่,14.254
1468,2566,กันยายน,นนทบุรี,บางใหญ่,อบต.บางใหญ่,2.0
1469,2566,กันยายน,นนทบุรี,บางใหญ่,อบต.บ้านใหม่,9.0
1470,2566,กันยายน,นนทบุรี,ปากเกร็ด,เทศบาลนครปากเกร็ด,100.0
1471,2566,กันยายน,นนทบุรี,ปากเกร็ด,เทศบาลตำบลบางพลับ,0.137
1472,2566,กันยายน,นนทบุรี,ปากเกร็ด,อบต.เกาะเกร็ด,83.35
1473,2566,กันยายน,นนทบุรี,ปากเกร็ด,อบต.คลองข่อย,3.0
1474,2566,กันยายน,นนทบุรี,ปากเกร็ด,อบต.คลองพระอุดม,2.0
1475,2566,กันยายน,นนทบุรี,ปากเกร็ด,อบต.ท่าอิฐ,11.0
1476,2566,กันยายน,นนทบุรี,ปากเกร็ด,อบต.บางตะไนย์,0.1
1477,2566,กันยายน,นนทบุรี,ปากเกร็ด,อบต.อ้อมเกร็ด,0.0
1478,2566,กันยายน,นนทบุรี,เมืองนนทบุรี,เทศบาลนครนนทบุรี,0.902
1479,2566,กันยายน,นนทบุรี,เมืองนนทบุรี,เทศบาลเมืองไทรม้า,0.0
1480,2566,กันยายน,นนทบุรี,เมืองนนทบุรี,เทศบาลเมืองบางกร่าง,39.18
1481,2566,กันยายน,นนทบุรี,เมืองนนทบุรี,เทศบาลเมืองบางศรีเมือง,365.782
1482,2566,กันยายน,นนทบุรี,เมืองนนทบุรี,อบต.บางไผ่,1895.0
1483,2566,กันยายน,นนทบุรี,เมืองนนทบุรี,อบต.บางรักน้อย,1.0
1484,2566,ตุลาคม,นนทบุรี,ไทรน้อย,เทศบาลตำบลไทรน้อย,0.0
1485,2566,ตุลาคม,นนทบุรี,ไทรน้อย,อบต.ขุนศรี,0.167
1486,2566,ตุลาคม,นนทบุรี,ไทรน้อย,อบต.คลองขวาง,0.0
1487,2566,ตุลาคม,นนทบุรี,ไทรน้อย,อบต.ทวีวัฒนา,0.31
1488,2566,ตุลาคม,นนทบุรี,ไทรน้อย,อบต.ไทรน้อย,0.0
1489,2566,ตุลาคม,นนทบุรี,ไทรน้อย,อบต.ไทรใหญ่,7.6
1490,2566,ตุลาคม,นนทบุรี,ไทรน้อย,อบต.ราษฎร์นิยม,11.0
1491,2566,ตุลาคม,นนทบุรี,ไทรน้อย,อบต.หนองเพรางาย,20.0
1492,2566,ตุลาคม,นนทบุรี,บางกรวย,เทศบาลเมืองบางกรวย,50.85
1493,2566,ตุลาคม,นนทบุรี,บางกรวย,เทศบาลตำบลบางสีทอง,2.4
1494,2566,ตุลาคม,นนทบุรี,บางกรวย,เทศบาลตำบลปลายบาง,247.007
1495,2566,ตุลาคม,นนทบุรี,บางกรวย,เทศบาลตำบลศาลากลาง,10.0
1496,2566,ตุลาคม,นนทบุรี,บางกรวย,อบต.บางขนุน,18.647
1497,2566,ตุลาคม,นนทบุรี,บางกรวย,อบต.บางขุนกอง,0.0
1498,2566,ตุลาคม,นนทบุรี,บางกรวย,อบต.มหาสวัสดิ์,9.59
1499,2566,ตุลาคม,นนทบุรี,บางบัวทอง,เทศบาลนครบางบัวทอง,269.54
1500,2566,ตุลาคม,นนทบุรี,บางบัวทอง,เทศบาลเมืองบางคูรัด,307.653
1501,2566,ตุลาคม,นนทบุรี,บางบัวทอง,เทศบาลเมืองบางรักพัฒนา,0.0
1502,2566,ตุลาคม,นนทบุรี,บางบัวทอง,เทศบาลเมืองพิมลราช,0.0
1503,2566,ตุลาคม,นนทบุรี,บางบัวทอง,เทศบาลเมืองใหม่บางบัวทอง,100.0
1504,2566,ตุลาคม,นนทบุรี,บางบัวทอง,อบต.บางรักใหญ่,18.0
1505,2566,ตุลาคม,นนทบุรี,บางบัวทอง,อบต.ละหาร,0.0
1506,2566,ตุลาคม,นนทบุรี,บางบัวทอง,อบต.ลำโพ,0.0
1507,2566,ตุลาคม,นนทบุรี,บางใหญ่,เทศบาลเมืองบางแม่นาง,10.0
1508,2566,ตุลาคม,นนทบุรี,บางใหญ่,เทศบาลเมืองเสาธงหิน,128.484
1509,2566,ตุลาคม,นนทบุรี,บางใหญ่,เทศบาลตำบลบางม่วง,1.0
1510,2566,ตุลาคม,นนทบุรี,บางใหญ่,เทศบาลตำบลบางเลน,3.367
1511,2566,ตุลาคม,นนทบุรี,บางใหญ่,เทศบาลตำบลบางใหญ่,17.935
1512,2566,ตุลาคม,นนทบุรี,บางใหญ่,อบต.บางใหญ่,0.3
1513,2566,ตุลาคม,นนทบุรี,บางใหญ่,อบต.บ้านใหม่,9.0
1514,2566,ตุลาคม,นนทบุรี,ปากเกร็ด,เทศบาลนครปากเกร็ด,600.0
1515,2566,ตุลาคม,นนทบุรี,ปากเกร็ด,เทศบาลตำบลบางพลับ,0.018
1516,2566,ตุลาคม,นนทบุรี,ปากเกร็ด,อบต.เกาะเกร็ด,7.0
1517,2566,ตุลาคม,นนทบุรี,ปากเกร็ด,อบต.คลองข่อย,30.0
1518,2566,ตุลาคม,นนทบุรี,ปากเกร็ด,อบต.คลองพระอุดม,2.0
1519,2566,ตุลาคม,นนทบุรี,ปากเกร็ด,อบต.ท่าอิฐ,25.215
1520,2566,ตุลาคม,นนทบุรี,ปากเกร็ด,อบต.บางตะไนย์,0.0
1521,2566,ตุลาคม,นนทบุรี,ปากเกร็ด,อบต.อ้อมเกร็ด,0.0
1522,2566,ตุลาคม,นนทบุรี,เมืองนนทบุรี,เทศบาลนครนนทบุรี,514.0
1523,2566,ตุลาคม,นนทบุรี,เมืองนนทบุรี,เทศบาลเมืองไทรม้า,0.0
1524,2566,ตุลาคม,นนทบุรี,เมืองนนทบุรี,เทศบาลเมืองบางกร่าง,31.37
1525,2566,ตุลาคม,นนทบุรี,เมืองนนทบุรี,เทศบาลเมืองบางศรีเมือง,358.0
1526,2566,ตุลาคม,นนทบุรี,เมืองนนทบุรี,อบต.บางไผ่,0.0
1527,2566,ตุลาคม,นนทบุรี,เมืองนนทบุรี,อบต.บางรักน้อย,1.0
1528,2566,พฤศจิกายน,นนทบุรี,ไทรน้อย,เทศบาลตำบลไทรน้อย,0.0
1529,2566,พฤศจิกายน,นนทบุรี,ไทรน้อย,อบต.ขุนศรี,0.128
1530,2566,พฤศจิกายน,นนทบุรี,ไทรน้อย,อบต.คลองขวาง,0.0
1531,2566,พฤศจิกายน,นนทบุรี,ไทรน้อย,อบต.ทวีวัฒนา,0.0
1532,2566,พฤศจิกายน,นนทบุรี,ไทรน้อย,อบต.ไทรน้อย,0.0
1533,2566,พฤศจิกายน,นนทบุรี,ไทรน้อย,อบต.ไทรใหญ่,8.0
1534,2566,พฤศจิกายน,นนทบุรี,ไทรน้อย,อบต.ราษฎร์นิยม,9.0
1535,2566,พฤศจิกายน,นนทบุรี,ไทรน้อย,อบต.หนองเพรางาย,20.0
1536,2566,พฤศจิกายน,นนทบุรี,บางกรวย,เทศบาลเมืองบางกรวย,100.613
1537,2566,พฤศจิกายน,นนทบุรี,บางกรวย,เทศบาลตำบลบางสีทอง,2.3
1538,2566,พฤศจิกายน,นนทบุรี,บางกรวย,เทศบาลตำบลปลายบาง,261.171
1539,2566,พฤศจิกายน,นนทบุรี,บางกรวย,เทศบาลตำบลศาลากลาง,7.0
1540,2566,พฤศจิกายน,นนทบุรี,บางกรวย,อบต.บางขนุน,108.25
1541,2566,พฤศจิกายน,นนทบุรี,บางกรวย,อบต.บางขุนกอง,0.0
1542,2566,พฤศจิกายน,นนทบุรี,บางกรวย,อบต.มหาสวัสดิ์,9.717
1543,2566,พฤศจิกายน,นนทบุรี,บางบัวทอง,เทศบาลนครบางบัวทอง,302.15
1544,2566,พฤศจิกายน,นนทบุรี,บางบัวทอง,เทศบาลเมืองบางคูรัด,332.228
1545,2566,พฤศจิกายน,นนทบุรี,บางบัวทอง,เทศบาลเมืองบางรักพัฒนา,0.0
1546,2566,พฤศจิกายน,นนทบุรี,บางบัวทอง,เทศบาลเมืองพิมลราช,0.0
1547,2566,พฤศจิกายน,นนทบุรี,บางบัวทอง,เทศบาลเมืองใหม่บางบัวทอง,50.0
1548,2566,พฤศจิกายน,นนทบุรี,บางบัวทอง,อบต.บางรักใหญ่,21.0
1549,2566,พฤศจิกายน,นนทบุรี,บางบัวทอง,อบต.ละหาร,0.0
1550,2566,พฤศจิกายน,นนทบุรี,บางบัวทอง,อบต.ลำโพ,0.0
1551,2566,พฤศจิกายน,นนทบุรี,บางใหญ่,เทศบาลเมืองบางแม่นาง,0.0
1552,2566,พฤศจิกายน,นนทบุรี,บางใหญ่,เทศบาลเมืองเสาธงหิน,125.686
1553,2566,พฤศจิกายน,นนทบุรี,บางใหญ่,เทศบาลตำบลบางม่วง,1.02
1554,2566,พฤศจิกายน,นนทบุรี,บางใหญ่,เทศบาลตำบลบางเลน,1.946
1555,2566,พฤศจิกายน,นนทบุรี,บางใหญ่,เทศบาลตำบลบางใหญ่,14.254
1556,2566,พฤศจิกายน,นนทบุรี,บางใหญ่,อบต.บางใหญ่,2.0
1557,2566,พฤศจิกายน,นนทบุรี,บางใหญ่,อบต.บ้านใหม่,1.5
1558,2566,พฤศจิกายน,นนทบุรี,ปากเกร็ด,เทศบาลนครปากเกร็ด,600.0
1559,2566,พฤศจิกายน,นนทบุรี,ปากเกร็ด,เทศบาลตำบลบางพลับ,0.062
1560,2566,พฤศจิกายน,นนทบุรี,ปากเกร็ด,อบต.เกาะเกร็ด,3.0
1561,2566,พฤศจิกายน,นนทบุรี,ปากเกร็ด,อบต.คลองข่อย,0.002
1562,2566,พฤศจิกายน,นนทบุรี,ปากเกร็ด,อบต.คลองพระอุดม,2.0
1563,2566,พฤศจิกายน,นนทบุรี,ปากเกร็ด,อบต.ท่าอิฐ,18.0
1564,2566,พฤศจิกายน,นนทบุรี,ปากเกร็ด,อบต.บางตะไนย์,0.0
1565,2566,พฤศจิกายน,นนทบุรี,ปากเกร็ด,อบต.อ้อมเกร็ด,0.0
1566,2566,พฤศจิกายน,นนทบุรี,เมืองนนทบุรี,เทศบาลนครนนทบุรี,0.185
1567,2566,พฤศจิกายน,นนทบุรี,เมืองนนทบุรี,เทศบาลเมืองไทรม้า,0.0
1568,2566,พฤศจิกายน,นนทบุรี,เมืองนนทบุรี,เทศบาลเมืองบางกร่าง,37.3
1569,2566,พฤศจิกายน,นนทบุรี,เมืองนนทบุรี,เทศบาลเมืองบางศรีเมือง,340.268
1570,2566,พฤศจิกายน,นนทบุรี,เมืองนนทบุรี,อบต.บางไผ่,1.681
1571,2566,พฤศจิกายน,นนทบุรี,เมืองนนทบุรี,อบต.บางรักน้อย,0.0
1572,2566,ธันวาคม,นนทบุรี,ไทรน้อย,เทศบาลตำบลไทรน้อย,0.0
1573,2566,ธันวาคม,นนทบุรี,ไทรน้อย,อบต.ขุนศรี,0.223
1574,2566,ธันวาคม,นนทบุรี,ไทรน้อย,อบต.คลองขวาง,0.0
1575,2566,ธันวาคม,นนทบุรี,ไทรน้อย,อบต.ทวีวัฒนา,0.0
1576,2566,ธันวาคม,นนทบุรี,ไทรน้อย,อบต.ไทรน้อย,0.0
1577,2566,ธันวาคม,นนทบุรี,ไทรน้อย,อบต.ไทรใหญ่,8.0
1578,2566,ธันวาคม,นนทบุรี,ไทรน้อย,อบต.ราษฎร์นิยม,11.0
1579,2566,ธันวาคม,นนทบุรี,ไทรน้อย,อบต.หนองเพรางาย,20.0
1580,2566,ธันวาคม,นนทบุรี,บางกรวย,เทศบาลเมืองบางกรวย,108.955
1581,2566,ธันวาคม,นนทบุรี,บางกรวย,เทศบาลตำบลบางสีทอง,2.926
1582,2566,ธันวาคม,นนทบุรี,บางกรวย,เทศบาลตำบลปลายบาง,264.934
1583,2566,ธันวาคม,นนทบุรี,บางกรวย,เทศบาลตำบลศาลากลาง,10.0
1584,2566,ธันวาคม,นนทบุรี,บางกรวย,อบต.บางขนุน,110.24
1585,2566,ธันวาคม,นนทบุรี,บางกรวย,อบต.บางขุนกอง,0.0
1586,2566,ธันวาคม,นนทบุรี,บางกรวย,อบต.มหาสวัสดิ์,10.016
1587,2566,ธันวาคม,นนทบุรี,บางบัวทอง,เทศบาลนครบางบัวทอง,283.14
1588,2566,ธันวาคม,นนทบุรี,บางบัวทอง,เทศบาลเมืองบางคูรัด,332.228
1589,2566,ธันวาคม,นนทบุรี,บางบัวทอง,เทศบาลเมืองบางรักพัฒนา,0.0
1590,2566,ธันวาคม,นนทบุรี,บางบัวทอง,เทศบาลเมืองพิมลราช,0.0
1591,2566,ธันวาคม,นนทบุรี,บางบัวทอง,เทศบาลเมืองใหม่บางบัวทอง,100.0
1592,2566,ธันวาคม,นนทบุรี,บางบัวทอง,อบต.บางรักใหญ่,16.0
1593,2566,ธันวาคม,นนทบุรี,บางบัวทอง,อบต.ละหาร,0.0
1594,2566,ธันวาคม,นนทบุรี,บางบัวทอง,อบต.ลำโพ,0.0
1595,2566,ธันวาคม,นนทบุรี,บางใหญ่,เทศบาลเมืองบางแม่นาง,0.0
1596,2566,ธันวาคม,นนทบุรี,บางใหญ่,เทศบาลเมืองเสาธงหิน,131.296
1597,2566,ธันวาคม,นนทบุรี,บางใหญ่,เทศบาลตำบลบางม่วง,1.02
1598,2566,ธันวาคม,นนทบุรี,บางใหญ่,เทศบาลตำบลบางเลน,2.541
1599,2566,ธันวาคม,นนทบุรี,บางใหญ่,เทศบาลตำบลบางใหญ่,21.763
1600,2566,ธันวาคม,นนทบุรี,บางใหญ่,อบต.บางใหญ่,0.0
1601,2566,ธันวาคม,นนทบุรี,บางใหญ่,อบต.บ้านใหม่,9.0
1602,2566,ธันวาคม,นนทบุรี,ปากเกร็ด,เทศบาลนครปากเกร็ด,600.0
1603,2566,ธันวาคม,นนทบุรี,ปากเกร็ด,เทศบาลตำบลบางพลับ,0.054
1604,2566,ธันวาคม,นนทบุรี,ปากเกร็ด,อบต.เกาะเกร็ด,0.5
1605,2566,ธันวาคม,นนทบุรี,ปากเกร็ด,อบต.คลองข่อย,30.0
1606,2566,ธันวาคม,นนทบุรี,ปากเกร็ด,อบต.คลองพระอุดม,1.0
1607,2566,ธันวาคม,นนทบุรี,ปากเกร็ด,อบต.ท่าอิฐ,30.0
1608,2566,ธันวาคม,นนทบุรี,ปากเกร็ด,อบต.บางตะไนย์,0.0
1609,2566,ธันวาคม,นนทบุรี,ปากเกร็ด,อบต.อ้อมเกร็ด,0.0
1610,2566,ธันวาคม,นนทบุรี,เมืองนนทบุรี,เทศบาลนครนนทบุรี,0.218
1611,2566,ธันวาคม,นนทบุรี,เมืองนนทบุรี,เทศบาลเมืองไทรม้า,0.0
1612,2566,ธันวาคม,นนทบุรี,เมืองนนทบุรี,เทศบาลเมืองบางกร่าง,29.74
1613,2566,ธันวาคม,นนทบุรี,เมืองนนทบุรี,เทศบาลเมืองบางศรีเมือง,345.489
1614,2566,ธันวาคม,นนทบุรี,เมืองนนทบุรี,อบต.บางไผ่,0.0
1615,2566,ธันวาคม,นนทบุรี,เมืองนนทบุรี,อบต.บางรักน้อย,1.0
1616,2567,มกราคม,นนทบุรี,ไทรน้อย,เทศบาลตำบลไทรน้อย,0.016
1617,2567,มกราคม,นนทบุรี,ไทรน้อย,อบต.ขุนศรี,0.195
1618,2567,มกราคม,นนทบุรี,ไทรน้อย,อบต.คลองขวาง,0.0
1619,2567,มกราคม,นนทบุรี,ไทรน้อย,อบต.ทวีวัฒนา,0.0
1620,2567,มกราคม,นนทบุรี,ไทรน้อย,อบต.ไทรน้อย,0.0
1621,2567,มกราคม,นนทบุรี,ไทรน้อย,อบต.ไทรใหญ่,0.0
1622,2567,มกราคม,นนทบุรี,ไทรน้อย,อบต.ราษฎร์นิยม,0.0
1623,2567,มกราคม,นนทบุรี,ไทรน้อย,อบต.หนองเพรางาย,20.0
1624,2567,มกราคม,นนทบุรี,บางกรวย,เทศบาลเมืองบางกรวย,104.0
1625,2567,มกราคม,นนทบุรี,บางกรวย,เทศบาลตำบลบางสีทอง,1.279
1626,2567,มกราคม,นนทบุรี,บางกรวย,เทศบาลตำบลปลายบาง,879.795
1627,2567,มกราคม,นนทบุรี,บางกรวย,เทศบาลตำบลศาลากลาง,4.5
1628,2567,มกราคม,นนทบุรี,บางกรวย,อบต.บางขนุน,0.917
1629,2567,มกราคม,นนทบุรี,บางกรวย,อบต.บางขุนกอง,0.0
1630,2567,มกราคม,นนทบุรี,บางกรวย,อบต.มหาสวัสดิ์,10.884
1631,2567,มกราคม,นนทบุรี,บางบัวทอง,เทศบาลนครบางบัวทอง,116.0
1632,2567,มกราคม,นนทบุรี,บางบัวทอง,เทศบาลเมืองบางคูรัด,302.0
1633,2567,มกราคม,นนทบุรี,บางบัวทอง,เทศบาลเมืองบางรักพัฒนา,0.0
1634,2567,มกราคม,นนทบุรี,บางบัวทอง,เทศบาลเมืองพิมลราช,0.0
1635,2567,มกราคม,นนทบุรี,บางบัวทอง,เทศบาลเมืองใหม่บางบัวทอง,50.0
1636,2567,มกราคม,นนทบุรี,บางบัวทอง,อบต.บางรักใหญ่,0.0
1637,2567,มกราคม,นนทบุรี,บางบัวทอง,อบต.ละหาร,11.0
1638,2567,มกราคม,นนทบุรี,บางบัวทอง,อบต.ลำโพ,0.0
1639,2567,มกราคม,นนทบุรี,บางใหญ่,เทศบาลเมืองบางแม่นาง,0.0
1640,2567,มกราคม,นนทบุรี,บางใหญ่,เทศบาลเมืองเสาธงหิน,130.186
1641,2567,มกราคม,นนทบุรี,บางใหญ่,เทศบาลตำบลบางม่วง,0.11
1642,2567,มกราคม,นนทบุรี,บางใหญ่,เทศบาลตำบลบางเลน,5.2
1643,2567,มกราคม,นนทบุรี,บางใหญ่,เทศบาลตำบลบางใหญ่,17.935
1644,2567,มกราคม,นนทบุรี,บางใหญ่,อบต.บางใหญ่,0.23
1645,2567,มกราคม,นนทบุรี,บางใหญ่,อบต.บ้านใหม่,9.0
1646,2567,มกราคม,นนทบุรี,ปากเกร็ด,เทศบาลนครปากเกร็ด,100.0
1647,2567,มกราคม,นนทบุรี,ปากเกร็ด,เทศบาลตำบลบางพลับ,11.999
1648,2567,มกราคม,นนทบุรี,ปากเกร็ด,อบต.เกาะเกร็ด,4.0
1649,2567,มกราคม,นนทบุรี,ปากเกร็ด,อบต.คลองข่อย,3.0
1650,2567,มกราคม,นนทบุรี,ปากเกร็ด,อบต.คลองพระอุดม,2.0
1651,2567,มกราคม,นนทบุรี,ปากเกร็ด,อบต.ท่าอิฐ,24.0
1652,2567,มกราคม,นนทบุรี,ปากเกร็ด,อบต.บางตะไนย์,0.1
1653,2567,มกราคม,นนทบุรี,ปากเกร็ด,อบต.อ้อมเกร็ด,0.0
1654,2567,มกราคม,นนทบุรี,เมืองนนทบุรี,เทศบาลนครนนทบุรี,0.66
1655,2567,มกราคม,นนทบุรี,เมืองนนทบุรี,เทศบาลเมืองไทรม้า,0.0
1656,2567,มกราคม,นนทบุรี,เมืองนนทบุรี,เทศบาลเมืองบางกร่าง,39.75
1657,2567,มกราคม,นนทบุรี,เมืองนนทบุรี,เทศบาลเมืองบางศรีเมือง,363.11
1658,2567,มกราคม,นนทบุรี,เมืองนนทบุรี,อบต.บางไผ่,1.283
1659,2567,มกราคม,นนทบุรี,เมืองนนทบุรี,อบต.บางรักน้อย,0.0
1660,2567,กุมภาพันธ์,นนทบุรี,ไทรน้อย,เทศบาลตำบลไทรน้อย,0.017
1661,2567,กุมภาพันธ์,นนทบุรี,ไทรน้อย,อบต.ขุนศรี,0.0
1662,2567,กุมภาพันธ์,นนทบุรี,ไทรน้อย,อบต.คลองขวาง,0.0
1663,2567,กุมภาพันธ์,นนทบุรี,ไทรน้อย,อบต.ทวีวัฒนา,0.0
1664,2567,กุมภาพันธ์,นนทบุรี,ไทรน้อย,อบต.ไทรน้อย,0.0
1665,2567,กุมภาพันธ์,นนทบุรี,ไทรน้อย,อบต.ไทรใหญ่,0.0
1666,2567,กุมภาพันธ์,นนทบุรี,ไทรน้อย,อบต.ราษฎร์นิยม,0.0
1667,2567,กุมภาพันธ์,นนทบุรี,ไทรน้อย,อบต.หนองเพรางาย,20.0
1668,2567,กุมภาพันธ์,นนทบุรี,บางกรวย,เทศบาลเมืองบางกรวย,97.365
1669,2567,กุมภาพันธ์,นนทบุรี,บางกรวย,เทศบาลตำบลบางสีทอง,687.0
1670,2567,กุมภาพันธ์,นนทบุรี,บางกรวย,เทศบาลตำบลปลายบาง,707.052
1671,2567,กุมภาพันธ์,นนทบุรี,บางกรวย,เทศบาลตำบลศาลากลาง,4.5
1672,2567,กุมภาพันธ์,นนทบุรี,บางกรวย,อบต.บางขนุน,1.372
1673,2567,กุมภาพันธ์,นนทบุรี,บางกรวย,อบต.บางขุนกอง,0.0
1674,2567,กุมภาพันธ์,นนทบุรี,บางกรวย,อบต.มหาสวัสดิ์,10.786
1675,2567,กุมภาพันธ์,นนทบุรี,บางบัวทอง,เทศบาลนครบางบัวทอง,108.205
1676,2567,กุมภาพันธ์,นนทบุรี,บางบัวทอง,เทศบาลเมืองบางคูรัด,292.638
1677,2567,กุมภาพันธ์,นนทบุรี,บางบัวทอง,เทศบาลเมืองบางรักพัฒนา,0.0
1678,2567,กุมภาพันธ์,นนทบุรี,บางบัวทอง,เทศบาลเมืองพิมลราช,0.0
1679,2567,กุมภาพันธ์,นนทบุรี,บางบัวทอง,เทศบาลเมืองใหม่บางบัวทอง,50.0
1680,2567,กุมภาพันธ์,นนทบุรี,บางบัวทอง,อบต.บางรักใหญ่,0.0
1681,2567,กุมภาพันธ์,นนทบุรี,บางบัวทอง,อบต.ละหาร,11.0
1682,2567,กุมภาพันธ์,นนทบุรี,บางบัวทอง,อบต.ลำโพ,0.0
1683,2567,กุมภาพันธ์,นนทบุรี,บางใหญ่,เทศบาลเมืองบางแม่นาง,0.0
1684,2567,กุมภาพันธ์,นนทบุรี,บางใหญ่,เทศบาลเมืองเสาธงหิน,120.665
1685,2567,กุมภาพันธ์,นนทบุรี,บางใหญ่,เทศบาลตำบลบางม่วง,0.1
1686,2567,กุมภาพันธ์,นนทบุรี,บางใหญ่,เทศบาลตำบลบางเลน,6.56
1687,2567,กุมภาพันธ์,นนทบุรี,บางใหญ่,เทศบาลตำบลบางใหญ่,11.526
1688,2567,กุมภาพันธ์,นนทบุรี,บางใหญ่,อบต.บางใหญ่,0.3
1689,2567,กุมภาพันธ์,นนทบุรี,บางใหญ่,อบต.บ้านใหม่,8.0
1690,2567,กุมภาพันธ์,นนทบุรี,ปากเกร็ด,เทศบาลนครปากเกร็ด,100.0
1691,2567,กุมภาพันธ์,นนทบุรี,ปากเกร็ด,เทศบาลตำบลบางพลับ,9.665
1692,2567,กุมภาพันธ์,นนทบุรี,ปากเกร็ด,อบต.เกาะเกร็ด,18.01
1693,2567,กุมภาพันธ์,นนทบุรี,ปากเกร็ด,อบต.คลองข่อย,3.0
1694,2567,กุมภาพันธ์,นนทบุรี,ปากเกร็ด,อบต.คลองพระอุดม,2.0
1695,2567,กุมภาพันธ์,นนทบุรี,ปากเกร็ด,อบต.ท่าอิฐ,17.0
1696,2567,กุมภาพันธ์,นนทบุรี,ปากเกร็ด,อบต.บางตะไนย์,0.1
1697,2567,กุมภาพันธ์,นนทบุรี,ปากเกร็ด,อบต.อ้อมเกร็ด,0.0
1698,2567,กุมภาพันธ์,นนทบุรี,เมืองนนทบุรี,เทศบาลนครนนทบุรี,4.13
1699,2567,กุมภาพันธ์,นนทบุรี,เมืองนนทบุรี,เทศบาลเมืองไทรม้า,0.0
1700,2567,กุมภาพันธ์,นนทบุรี,เมืองนนทบุรี,เทศบาลเมืองบางกร่าง,22.07
1701,2567,กุมภาพันธ์,นนทบุรี,เมืองนนทบุรี,เทศบาลเมืองบางศรีเมือง,339.565
1702,2567,กุมภาพันธ์,นนทบุรี,เมืองนนทบุรี,อบต.บางไผ่,0.0
1703,2567,กุมภาพันธ์,นนทบุรี,เมืองนนทบุรี,อบต.บางรักน้อย,2.0
1704,2567,มีนาคม,นนทบุรี,ไทรน้อย,เทศบาลตำบลไทรน้อย,0.01
1705,2567,มีนาคม,นนทบุรี,ไทรน้อย,อบต.ขุนศรี,0.292
1706,2567,มีนาคม,นนทบุรี,ไทรน้อย,อบต.คลองขวาง,0.0
1707,2567,มีนาคม,นนทบุรี,ไทรน้อย,อบต.ทวีวัฒนา,0.0
1708,2567,มีนาคม,นนทบุรี,ไทรน้อย,อบต.ไทรน้อย,0.0
1709,2567,มีนาคม,นนทบุรี,ไทรน้อย,อบต.ไทรใหญ่,0.0
1710,2567,มีนาคม,นนทบุรี,ไทรน้อย,อบต.ราษฎร์นิยม,0.0
1711,2567,มีนาคม,นนทบุรี,ไทรน้อย,อบต.หนองเพรางาย,20.0
1712,2567,มีนาคม,นนทบุรี,บางกรวย,เทศบาลเมืองบางกรวย,172.72
1713,2567,มีนาคม,นนทบุรี,บางกรวย,เทศบาลตำบลบางสีทอง,882.0
1714,2567,มีนาคม,นนทบุรี,บางกรวย,เทศบาลตำบลปลายบาง,363.015
1715,2567,มีนาคม,นนทบุรี,บางกรวย,เทศบาลตำบลศาลากลาง,4.5
1716,2567,มีนาคม,นนทบุรี,บางกรวย,อบต.บางขนุน,0.951
1717,2567,มีนาคม,นนทบุรี,บางกรวย,อบต.บางขุนกอง,0.0
1718,2567,มีนาคม,นนทบุรี,บางกรวย,อบต.มหาสวัสดิ์,10.898
1719,2567,มีนาคม,นนทบุรี,บางบัวทอง,เทศบาลนครบางบัวทอง,115.0
1720,2567,มีนาคม,นนทบุรี,บางบัวทอง,เทศบาลเมืองบางคูรัด,309.486
1721,2567,มีนาคม,นนทบุรี,บางบัวทอง,เทศบาลเมืองบางรักพัฒนา,0.0
1722,2567,มีนาคม,นนทบุรี,บางบัวทอง,เทศบาลเมืองพิมลราช,0.0
1723,2567,มีนาคม,นนทบุรี,บางบัวทอง,เทศบาลเมืองใหม่บางบัวทอง,10.0
1724,2567,มีนาคม,นนทบุรี,บางบัวทอง,อบต.บางรักใหญ่,30.0
1725,2567,มีนาคม,นนทบุรี,บางบัวทอง,อบต.ละหาร,9.5
1726,2567,มีนาคม,นนทบุรี,บางบัวทอง,อบต.ลำโพ,0.0
1727,2567,มีนาคม,นนทบุรี,บางใหญ่,เทศบาลเมืองบางแม่นาง,0.0
1728,2567,มีนาคม,นนทบุรี,บางใหญ่,เทศบาลเมืองเสาธงหิน,129.946
1729,2567,มีนาคม,นนทบุรี,บางใหญ่,เทศบาลตำบลบางม่วง,0.89
1730,2567,มีนาคม,นนทบุรี,บางใหญ่,เทศบาลตำบลบางเลน,6.56
1731,2567,มีนาคม,นนทบุรี,บางใหญ่,เทศบาลตำบลบางใหญ่,1.256
1732,2567,มีนาคม,นนทบุรี,บางใหญ่,อบต.บางใหญ่,10.0
1733,2567,มีนาคม,นนทบุรี,บางใหญ่,อบต.บ้านใหม่,9.0
1734,2567,มีนาคม,นนทบุรี,ปากเกร็ด,เทศบาลนครปากเกร็ด,100.0
1735,2567,มีนาคม,นนทบุรี,ปากเกร็ด,เทศบาลตำบลบางพลับ,9.768
1736,2567,มีนาคม,นนทบุรี,ปากเกร็ด,อบต.เกาะเกร็ด,7.621
1737,2567,มีนาคม,นนทบุรี,ปากเกร็ด,อบต.คลองข่อย,3.0
1738,2567,มีนาคม,นนทบุรี,ปากเกร็ด,อบต.คลองพระอุดม,2.0
1739,2567,มีนาคม,นนทบุรี,ปากเกร็ด,อบต.ท่าอิฐ,12.0
1740,2567,มีนาคม,นนทบุรี,ปากเกร็ด,อบต.บางตะไนย์,0.1
1741,2567,มีนาคม,นนทบุรี,ปากเกร็ด,อบต.อ้อมเกร็ด,0.0
1742,2567,มีนาคม,นนทบุรี,เมืองนนทบุรี,เทศบาลนครนนทบุรี,0.62
1743,2567,มีนาคม,นนทบุรี,เมืองนนทบุรี,เทศบาลเมืองไทรม้า,0.0
1744,2567,มีนาคม,นนทบุรี,เมืองนนทบุรี,เทศบาลเมืองบางกร่าง,31.44
1745,2567,มีนาคม,นนทบุรี,เมืองนนทบุรี,เทศบาลเมืองบางศรีเมือง,358.282
1746,2567,มีนาคม,นนทบุรี,เมืองนนทบุรี,อบต.บางไผ่,0.0
1747,2567,มีนาคม,นนทบุรี,เมืองนนทบุรี,อบต.บางรักน้อย,2.0
1748,2567,เมษายน,นนทบุรี,ไทรน้อย,เทศบาลตำบลไทรน้อย,0.027
1749,2567,เมษายน,นนทบุรี,ไทรน้อย,อบต.ขุนศรี,0.363
1750,2567,เมษายน,นนทบุรี,ไทรน้อย,อบต.คลองขวาง,0.0
1751,2567,เมษายน,นนทบุรี,ไทรน้อย,อบต.ทวีวัฒนา,0.0
1752,2567,เมษายน,นนทบุรี,ไทรน้อย,อบต.ไทรน้อย,0.0
1753,2567,เมษายน,นนทบุรี,ไทรน้อย,อบต.ไทรใหญ่,0.0
1754,2567,เมษายน,นนทบุรี,ไทรน้อย,อบต.ราษฎร์นิยม,0.0
1755,2567,เมษายน,นนทบุรี,ไทรน้อย,อบต.หนองเพรางาย,20.0
1756,2567,เมษายน,นนทบุรี,บางกรวย,เทศบาลเมืองบางกรวย,95.0
1757,2567,เมษายน,นนทบุรี,บางกรวย,เทศบาลตำบลบางสีทอง,631.0
1758,2567,เมษายน,นนทบุรี,บางกรวย,เทศบาลตำบลปลายบาง,378.556
1759,2567,เมษายน,นนทบุรี,บางกรวย,เทศบาลตำบลศาลากลาง,4.5
1760,2567,เมษายน,นนทบุรี,บางกรวย,อบต.บางขนุน,1.285
1761,2567,เมษายน,นนทบุรี,บางกรวย,อบต.บางขุนกอง,0.0
1762,2567,เมษายน,นนทบุรี,บางกรวย,อบต.มหาสวัสดิ์,11.17
1763,2567,เมษายน,นนทบุรี,บางบัวทอง,เทศบาลนครบางบัวทอง,119.2
1764,2567,เมษายน,นนทบุรี,บางบัวทอง,เทศบาลเมืองบางคูรัด,316.604
1765,2567,เมษายน,นนทบุรี,บางบัวทอง,เทศบาลเมืองบางรักพัฒนา,0.0
1766,2567,เมษายน,นนทบุรี,บางบัวทอง,เทศบาลเมืองพิมลราช,0.0
1767,2567,เมษายน,นนทบุรี,บางบัวทอง,เทศบาลเมืองใหม่บางบัวทอง,50.0
1768,2567,เมษายน,นนทบุรี,บางบัวทอง,อบต.บางรักใหญ่,0.0
1769,2567,เมษายน,นนทบุรี,บางบัวทอง,อบต.ละหาร,10.0
1770,2567,เมษายน,นนทบุรี,บางบัวทอง,อบต.ลำโพ,0.0
1771,2567,เมษายน,นนทบุรี,บางใหญ่,เทศบาลเมืองบางแม่นาง,0.0
1772,2567,เมษายน,นนทบุรี,บางใหญ่,เทศบาลเมืองเสาธงหิน,0.621
1773,2567,เมษายน,นนทบุรี,บางใหญ่,เทศบาลตำบลบางม่วง,0.101
1774,2567,เมษายน,นนทบุรี,บางใหญ่,เทศบาลตำบลบางเลน,5.7
1775,2567,เมษายน,นนทบุรี,บางใหญ่,เทศบาลตำบลบางใหญ่,21.763
1776,2567,เมษายน,นนทบุรี,บางใหญ่,อบต.บางใหญ่,12.0
1777,2567,เมษายน,นนทบุรี,บางใหญ่,อบต.บ้านใหม่,8.0
1778,2567,เมษายน,นนทบุรี,ปากเกร็ด,เทศบาลนครปากเกร็ด,169.5
1779,2567,เมษายน,นนทบุรี,ปากเกร็ด,เทศบาลตำบลบางพลับ,9.664
1780,2567,เมษายน,นนทบุรี,ปากเกร็ด,อบต.เกาะเกร็ด,3.218
1781,2567,เมษายน,นนทบุรี,ปากเกร็ด,อบต.คลองข่อย,3.0
1782,2567,เมษายน,นนทบุรี,ปากเกร็ด,อบต.คลองพระอุดม,2.0
1783,2567,เมษายน,นนทบุรี,ปากเกร็ด,อบต.ท่าอิฐ,13.0
1784,2567,เมษายน,นนทบุรี,ปากเกร็ด,อบต.บางตะไนย์,0.1
1785,2567,เมษายน,นนทบุรี,ปากเกร็ด,อบต.อ้อมเกร็ด,0.0
1786,2567,เมษายน,นนทบุรี,เมืองนนทบุรี,เทศบาลนครนนทบุรี,0.0
1787,2567,เมษายน,นนทบุรี,เมืองนนทบุรี,เทศบาลเมืองไทรม้า,0.0
1788,2567,เมษายน,นนทบุรี,เมืองนนทบุรี,เทศบาลเมืองบางกร่าง,37.59
1789,2567,เมษายน,นนทบุรี,เมืองนนทบุรี,เทศบาลเมืองบางศรีเมือง,353.258
1790,2567,เมษายน,นนทบุรี,เมืองนนทบุรี,อบต.บางไผ่,0.0
1791,2567,เมษายน,นนทบุรี,เมืองนนทบุรี,อบต.บางรักน้อย,2.0
1792,2567,พฤษภาคม,นนทบุรี,ไทรน้อย,เทศบาลตำบลไทรน้อย,0.017
1793,2567,พฤษภาคม,นนทบุรี,ไทรน้อย,อบต.ขุนศรี,0.205
1794,2567,พฤษภาคม,นนทบุรี,ไทรน้อย,อบต.คลองขวาง,0.0
1795,2567,พฤษภาคม,นนทบุรี,ไทรน้อย,อบต.ทวีวัฒนา,0.0
1796,2567,พฤษภาคม,นนทบุรี,ไทรน้อย,อบต.ไทรน้อย,0.0
1797,2567,พฤษภาคม,นนทบุรี,ไทรน้อย,อบต.ไทรใหญ่,0.0
1798,2567,พฤษภาคม,นนทบุรี,ไทรน้อย,อบต.ราษฎร์นิยม,0.0
1799,2567,พฤษภาคม,นนทบุรี,ไทรน้อย,อบต.หนองเพรางาย,20.0
1800,2567,พฤษภาคม,นนทบุรี,บางกรวย,เทศบาลเมืองบางกรวย,110.0
1801,2567,พฤษภาคม,นนทบุรี,บางกรวย,เทศบาลตำบลบางสีทอง,917.0
1802,2567,พฤษภาคม,นนทบุรี,บางกรวย,เทศบาลตำบลศาลากลาง,4.5
1803,2567,พฤษภาคม,นนทบุรี,บางกรวย,อบต.บางขนุน,1.054
1804,2567,พฤษภาคม,นนทบุรี,บางกรวย,อบต.บางขุนกอง,0.0
1805,2567,พฤษภาคม,นนทบุรี,บางกรวย,อบต.มหาสวัสดิ์,11.363
1806,2567,พฤษภาคม,นนทบุรี,บางบัวทอง,เทศบาลนครบางบัวทอง,123.3
1807,2567,พฤษภาคม,นนทบุรี,บางบัวทอง,เทศบาลเมืองบางคูรัด,316.604
1808,2567,พฤษภาคม,นนทบุรี,บางบัวทอง,เทศบาลเมืองบางรักพัฒนา,0.0
1809,2567,พฤษภาคม,นนทบุรี,บางบัวทอง,เทศบาลเมืองพิมลราช,0.0
1810,2567,พฤษภาคม,นนทบุรี,บางบัวทอง,เทศบาลเมืองใหม่บางบัวทอง,50.0
1811,2567,พฤษภาคม,นนทบุรี,บางบัวทอง,อบต.บางรักใหญ่,0.0
1812,2567,พฤษภาคม,นนทบุรี,บางบัวทอง,อบต.ละหาร,9.0
1813,2567,พฤษภาคม,นนทบุรี,บางใหญ่,เทศบาลเมืองบางแม่นาง,0.0
1814,2567,พฤษภาคม,นนทบุรี,บางใหญ่,เทศบาลเมืองเสาธงหิน,0.936
1815,2567,พฤษภาคม,นนทบุรี,บางใหญ่,เทศบาลตำบลบางม่วง,0.066
1816,2567,พฤษภาคม,นนทบุรี,บางใหญ่,เทศบาลตำบลบางเลน,5.1
1817,2567,พฤษภาคม,นนทบุรี,บางใหญ่,เทศบาลตำบลบางใหญ่,11.526
1818,2567,พฤษภาคม,นนทบุรี,บางใหญ่,อบต.บางใหญ่,10.0
1819,2567,พฤษภาคม,นนทบุรี,บางใหญ่,อบต.บ้านใหม่,4.0
1820,2567,พฤษภาคม,นนทบุรี,ปากเกร็ด,เทศบาลนครปากเกร็ด,100.0
1821,2567,พฤษภาคม,นนทบุรี,ปากเกร็ด,เทศบาลตำบลบางพลับ,10.197
1822,2567,พฤษภาคม,นนทบุรี,ปากเกร็ด,อบต.เกาะเกร็ด,8.922
1823,2567,พฤษภาคม,นนทบุรี,ปากเกร็ด,อบต.คลองข่อย,3.0
1824,2567,พฤษภาคม,นนทบุรี,ปากเกร็ด,อบต.คลองพระอุดม,2.0
1825,2567,พฤษภาคม,นนทบุรี,ปากเกร็ด,อบต.ท่าอิฐ,9.0
1826,2567,พฤษภาคม,นนทบุรี,ปากเกร็ด,อบต.บางตะไนย์,0.1
1827,2567,พฤษภาคม,นนทบุรี,ปากเกร็ด,อบต.อ้อมเกร็ด,0.0
1828,2567,พฤษภาคม,นนทบุรี,เมืองนนทบุรี,เทศบาลนครนนทบุรี,0.878
1829,2567,พฤษภาคม,นนทบุรี,เมืองนนทบุรี,เทศบาลเมืองไทรม้า,0.0
1830,2567,พฤษภาคม,นนทบุรี,เมืองนนทบุรี,เทศบาลเมืองบางศรีเมือง,377.73
1831,2567,พฤษภาคม,นนทบุรี,เมืองนนทบุรี,อบต.บางไผ่,2.358
1832,2567,พฤษภาคม,นนทบุรี,เมืองนนทบุรี,อบต.บางรักน้อย,0.0
1833,2567,มิถุนายน,นนทบุรี,ไทรน้อย,เทศบาลตำบลไทรน้อย,0.008
1834,2567,มิถุนายน,นนทบุรี,ไทรน้อย,อบต.ขุนศรี,0.0
1835,2567,มิถุนายน,นนทบุรี,ไทรน้อย,อบต.คลองขวาง,0.0
1836,2567,มิถุนายน,นนทบุรี,ไทรน้อย,อบต.ทวีวัฒนา,0.0
1837,2567,มิถุนายน,นนทบุรี,ไทรน้อย,อบต.ไทรน้อย,0.0
1838,2567,มิถุนายน,นนทบุรี,ไทรน้อย,อบต.ไทรใหญ่,0.0
1839,2567,มิถุนายน,นนทบุรี,ไทรน้อย,อบต.ราษฎร์นิยม,0.0
1840,2567,มิถุนายน,นนทบุรี,ไทรน้อย,อบต.หนองเพรางาย,20.0
1841,2567,มิถุนายน,นนทบุรี,บางกรวย,เทศบาลเมืองบางกรวย,131.0
1842,2567,มิถุนายน,นนทบุรี,บางกรวย,เทศบาลตำบลบางสีทอง,862.0
1843,2567,มิถุนายน,นนทบุรี,บางกรวย,เทศบาลตำบลศาลากลาง,4.5
1844,2567,มิถุนายน,นนทบุรี,บางกรวย,อบต.บางขนุน,1.161
1845,2567,มิถุนายน,นนทบุรี,บางกรวย,อบต.บางขุนกอง,0.0
1846,2567,มิถุนายน,นนทบุรี,บางกรวย,อบต.มหาสวัสดิ์,11.562
1847,2567,มิถุนายน,นนทบุรี,บางบัวทอง,เทศบาลนครบางบัวทอง,135.0
1848,2567,มิถุนายน,นนทบุรี,บางบัวทอง,เทศบาลเมืองบางคูรัด,289.362
1849,2567,มิถุนายน,นนทบุรี,บางบัวทอง,เทศบาลเมืองบางรักพัฒนา,0.0
1850,2567,มิถุนายน,นนทบุรี,บางบัวทอง,เทศบาลเมืองพิมลราช,0.0
1851,2567,มิถุนายน,นนทบุรี,บางบัวทอง,เทศบาลเมืองใหม่บางบัวทอง,5.0
1852,2567,มิถุนายน,นนทบุรี,บางบัวทอง,อบต.บางรักใหญ่,29.0
1853,2567,มิถุนายน,นนทบุรี,บางบัวทอง,อบต.ละหาร,7.5
1854,2567,มิถุนายน,นนทบุรี,บางใหญ่,เทศบาลเมืองบางแม่นาง,0.0
1855,2567,มิถุนายน,นนทบุรี,บางใหญ่,เทศบาลเมืองเสาธงหิน,0.902
1856,2567,มิถุนายน,นนทบุรี,บางใหญ่,เทศบาลตำบลบางม่วง,0.078
1857,2567,มิถุนายน,นนทบุรี,บางใหญ่,เทศบาลตำบลบางเลน,4.0
1858,2567,มิถุนายน,นนทบุรี,บางใหญ่,เทศบาลตำบลบางใหญ่,1.256
1859,2567,มิถุนายน,นนทบุรี,บางใหญ่,อบต.บางใหญ่,13.0
1860,2567,มิถุนายน,นนทบุรี,บางใหญ่,อบต.บ้านใหม่,4.0
1861,2567,มิถุนายน,นนทบุรี,ปากเกร็ด,เทศบาลนครปากเกร็ด,100.0
1862,2567,มิถุนายน,นนทบุรี,ปากเกร็ด,เทศบาลตำบลบางพลับ,10.461
1863,2567,มิถุนายน,นนทบุรี,ปากเกร็ด,อบต.เกาะเกร็ด,9.029
1864,2567,มิถุนายน,นนทบุรี,ปากเกร็ด,อบต.คลองข่อย,3.0
1865,2567,มิถุนายน,นนทบุรี,ปากเกร็ด,อบต.คลองพระอุดม,2.0
1866,2567,มิถุนายน,นนทบุรี,ปากเกร็ด,อบต.ท่าอิฐ,9.0
1867,2567,มิถุนายน,นนทบุรี,ปากเกร็ด,อบต.บางตะไนย์,0.1
1868,2567,มิถุนายน,นนทบุรี,ปากเกร็ด,อบต.อ้อมเกร็ด,0.0
1869,2567,มิถุนายน,นนทบุรี,เมืองนนทบุรี,เทศบาลนครนนทบุรี,0.711
1870,2567,มิถุนายน,นนทบุรี,เมืองนนทบุรี,เทศบาลเมืองไทรม้า,0.0
1871,2567,มิถุนายน,นนทบุรี,เมืองนนทบุรี,เทศบาลเมืองบางศรีเมือง,366.01
1872,2567,มิถุนายน,นนทบุรี,เมืองนนทบุรี,อบต.บางไผ่,0.0
1873,2567,มิถุนายน,นนทบุรี,เมืองนนทบุรี,อบต.บางรักน้อย,1.0
1874,2567,กรกฎาคม,นนทบุรี,ไทรน้อย,เทศบาลตำบลไทรน้อย,0.007
1875,2567,กรกฎาคม,นนทบุรี,ไทรน้อย,อบต.ขุนศรี,0.167
1876,2567,กรกฎาคม,นนทบุรี,ไทรน้อย,อบต.คลองขวาง,0.0
1877,2567,กรกฎาคม,นนทบุรี,ไทรน้อย,อบต.ทวีวัฒนา,0.0
1878,2567,กรกฎาคม,นนทบุรี,ไทรน้อย,อบต.ไทรน้อย,0.0
1879,2567,กรกฎาคม,นนทบุรี,ไทรน้อย,อบต.ไทรใหญ่,0.0
1880,2567,กรกฎาคม,นนทบุรี,ไทรน้อย,อบต.ราษฎร์นิยม,0.0
1881,2567,กรกฎาคม,นนทบุรี,ไทรน้อย,อบต.หนองเพรางาย,20.0
1882,2567,กรกฎาคม,นนทบุรี,บางกรวย,เทศบาลเมืองบางกรวย,68.32
1883,2567,กรกฎาคม,นนทบุรี,บางกรวย,เทศบาลตำบลบางสีทอง,0.0
1884,2567,กรกฎาคม,นนทบุรี,บางกรวย,เทศบาลตำบลศาลากลาง,4.5
1885,2567,กรกฎาคม,นนทบุรี,บางกรวย,อบต.บางขนุน,0.485
1886,2567,กรกฎาคม,นนทบุรี,บางกรวย,อบต.บางขุนกอง,0.0
1887,2567,กรกฎาคม,นนทบุรี,บางกรวย,อบต.มหาสวัสดิ์,11.7
1888,2567,กรกฎาคม,นนทบุรี,บางบัวทอง,เทศบาลนครบางบัวทอง,136.89
1889,2567,กรกฎาคม,นนทบุรี,บางบัวทอง,เทศบาลเมืองบางคูรัด,308.464
1890,2567,กรกฎาคม,นนทบุรี,บางบัวทอง,เทศบาลเมืองบางรักพัฒนา,0.0
1891,2567,กรกฎาคม,นนทบุรี,บางบัวทอง,เทศบาลเมืองพิมลราช,0.0
1892,2567,กรกฎาคม,นนทบุรี,บางบัวทอง,เทศบาลเมืองใหม่บางบัวทอง,5.0
1893,2567,กรกฎาคม,นนทบุรี,บางบัวทอง,อบต.บางรักใหญ่,18.0
1894,2567,กรกฎาคม,นนทบุรี,บางบัวทอง,อบต.ละหาร,8.0
1895,2567,กรกฎาคม,นนทบุรี,บางใหญ่,เทศบาลเมืองบางแม่นาง,0.0
1896,2567,กรกฎาคม,นนทบุรี,บางใหญ่,เทศบาลเมืองเสาธงหิน,0.921
1897,2567,กรกฎาคม,นนทบุรี,บางใหญ่,เทศบาลตำบลบางม่วง,0.057
1898,2567,กรกฎาคม,นนทบุรี,บางใหญ่,เทศบาลตำบลบางเลน,4.0
1899,2567,กรกฎาคม,นนทบุรี,บางใหญ่,เทศบาลตำบลบางใหญ่,17.935
1900,2567,กรกฎาคม,นนทบุรี,บางใหญ่,อบต.บางใหญ่,11.0
1901,2567,กรกฎาคม,นนทบุรี,บางใหญ่,อบต.บ้านใหม่,8.0
1902,2567,กรกฎาคม,นนทบุรี,ปากเกร็ด,เทศบาลนครปากเกร็ด,100.0
1903,2567,กรกฎาคม,นนทบุรี,ปากเกร็ด,เทศบาลตำบลบางพลับ,10.045
1904,2567,กรกฎาคม,นนทบุรี,ปากเกร็ด,อบต.เกาะเกร็ด,13.701
1905,2567,กรกฎาคม,นนทบุรี,ปากเกร็ด,อบต.คลองข่อย,3.0
1906,2567,กรกฎาคม,นนทบุรี,ปากเกร็ด,อบต.คลองพระอุดม,2.0
1907,2567,กรกฎาคม,นนทบุรี,ปากเกร็ด,อบต.ท่าอิฐ,10.0
1908,2567,กรกฎาคม,นนทบุรี,ปากเกร็ด,อบต.บางตะไนย์,0.1
1909,2567,กรกฎาคม,นนทบุรี,ปากเกร็ด,อบต.อ้อมเกร็ด,0.0
1910,2567,กรกฎาคม,นนทบุรี,เมืองนนทบุรี,เทศบาลนครนนทบุรี,0.0
1911,2567,กรกฎาคม,นนทบุรี,เมืองนนทบุรี,เทศบาลเมืองไทรม้า,0.0
1912,2567,กรกฎาคม,นนทบุรี,เมืองนนทบุรี,เทศบาลเมืองบางศรีเมือง,378.175
1913,2567,กรกฎาคม,นนทบุรี,เมืองนนทบุรี,อบต.บางไผ่,0.0
1914,2567,กรกฎาคม,นนทบุรี,เมืองนนทบุรี,อบต.บางรักน้อย,0.0
1915,2567,สิงหาคม,นนทบุรี,ไทรน้อย,เทศบาลตำบลไทรน้อย,0.01
1916,2567,สิงหาคม,นนทบุรี,ไทรน้อย,อบต.ขุนศรี,0.0
1917,2567,สิงหาคม,นนทบุรี,ไทรน้อย,อบต.คลองขวาง,0.0
1918,2567,สิงหาคม,นนทบุรี,ไทรน้อย,อบต.ทวีวัฒนา,0.0
1919,2567,สิงหาคม,นนทบุรี,ไทรน้อย,อบต.ไทรน้อย,0.0
1920,2567,สิงหาคม,นนทบุรี,ไทรน้อย,อบต.ไทรใหญ่,0.0
1921,2567,สิงหาคม,นนทบุรี,ไทรน้อย,อบต.ราษฎร์นิยม,0.0
1922,2567,สิงหาคม,นนทบุรี,ไทรน้อย,อบต.หนองเพรางาย,20.0
1923,2567,สิงหาคม,นนทบุรี,บางกรวย,เทศบาลเมืองบางกรวย,179.09
1924,2567,สิงหาคม,นนทบุรี,บางกรวย,เทศบาลตำบลบางสีทอง,0.677
1925,2567,สิงหาคม,นนทบุรี,บางกรวย,เทศบาลตำบลศาลากลาง,4.5
1926,2567,สิงหาคม,นนทบุรี,บางกรวย,อบต.บางขนุน,1.172
1927,2567,สิงหาคม,นนทบุรี,บางกรวย,อบต.บางขุนกอง,0.0
1928,2567,สิงหาคม,นนทบุรี,บางกรวย,อบต.มหาสวัสดิ์,11.67
1929,2567,สิงหาคม,นนทบุรี,บางบัวทอง,เทศบาลนครบางบัวทอง,129.2
1930,2567,สิงหาคม,นนทบุรี,บางบัวทอง,เทศบาลเมืองบางคูรัด,305.754
1931,2567,สิงหาคม,นนทบุรี,บางบัวทอง,เทศบาลเมืองบางรักพัฒนา,0.0
1932,2567,สิงหาคม,นนทบุรี,บางบัวทอง,เทศบาลเมืองพิมลราช,0.0
1933,2567,สิงหาคม,นนทบุรี,บางบัวทอง,เทศบาลเมืองใหม่บางบัวทอง,5.0
1934,2567,สิงหาคม,นนทบุรี,บางบัวทอง,อบต.บางรักใหญ่,0.0
1935,2567,สิงหาคม,นนทบุรี,บางบัวทอง,อบต.ละหาร,5.0
1936,2567,สิงหาคม,นนทบุรี,บางใหญ่,เทศบาลเมืองบางแม่นาง,0.0
1937,2567,สิงหาคม,นนทบุรี,บางใหญ่,เทศบาลเมืองเสาธงหิน,1340.0
1938,2567,สิงหาคม,นนทบุรี,บางใหญ่,เทศบาลตำบลบางม่วง,0.078
1939,2567,สิงหาคม,นนทบุรี,บางใหญ่,เทศบาลตำบลบางเลน,4.0
1940,2567,สิงหาคม,นนทบุรี,บางใหญ่,เทศบาลตำบลบางใหญ่,14.254
1941,2567,สิงหาคม,นนทบุรี,บางใหญ่,อบต.บางใหญ่,12.0
1942,2567,สิงหาคม,นนทบุรี,บางใหญ่,อบต.บ้านใหม่,4.0
1943,2567,สิงหาคม,นนทบุรี,ปากเกร็ด,เทศบาลนครปากเกร็ด,100.0
1944,2567,สิงหาคม,นนทบุรี,ปากเกร็ด,เทศบาลตำบลบางพลับ,10.47
1945,2567,สิงหาคม,นนทบุรี,ปากเกร็ด,อบต.เกาะเกร็ด,40.376
1946,2567,สิงหาคม,นนทบุรี,ปากเกร็ด,อบต.คลองข่อย,3.0
1947,2567,สิงหาคม,นนทบุรี,ปากเกร็ด,อบต.คลองพระอุดม,2.0
1948,2567,สิงหาคม,นนทบุรี,ปากเกร็ด,อบต.ท่าอิฐ,10.0
1949,2567,สิงหาคม,นนทบุรี,ปากเกร็ด,อบต.บางตะไนย์,0.1
1950,2567,สิงหาคม,นนทบุรี,ปากเกร็ด,อบต.อ้อมเกร็ด,0.0
1951,2567,สิงหาคม,นนทบุรี,เมืองนนทบุรี,เทศบาลนครนนทบุรี,0.0
1952,2567,สิงหาคม,นนทบุรี,เมืองนนทบุรี,เทศบาลเมืองไทรม้า,0.0
1953,2567,สิงหาคม,นนทบุรี,เมืองนนทบุรี,เทศบาลเมืองบางศรีเมือง,378.56
1954,2567,สิงหาคม,นนทบุรี,เมืองนนทบุรี,อบต.บางไผ่,0.0
1955,2567,สิงหาคม,นนทบุรี,เมืองนนทบุรี,อบต.บางรักน้อย,0.0
1956,2567,กันยายน,นนทบุรี,ไทรน้อย,เทศบาลตำบลไทรน้อย,0.003
1957,2567,กันยายน,นนทบุรี,ไทรน้อย,อบต.ขุนศรี,0.363
1958,2567,กันยายน,นนทบุรี,ไทรน้อย,อบต.คลองขวาง,0.0
1959,2567,กันยายน,นนทบุรี,ไทรน้อย,อบต.ทวีวัฒนา,0.0
1960,2567,กันยายน,นนทบุรี,ไทรน้อย,อบต.ไทรน้อย,0.0
1961,2567,กันยายน,นนทบุรี,ไทรน้อย,อบต.ราษฎร์นิยม,0.0
1962,2567,กันยายน,นนทบุรี,ไทรน้อย,อบต.หนองเพรางาย,20.0
1963,2567,กันยายน,นนทบุรี,บางกรวย,เทศบาลเมืองบางกรวย,102.0
1964,2567,กันยายน,นนทบุรี,บางกรวย,เทศบาลตำบลบางสีทอง,0.0
1965,2567,กันยายน,นนทบุรี,บางกรวย,เทศบาลตำบลศาลากลาง,1.5
1966,2567,กันยายน,นนทบุรี,บางกรวย,อบต.บางขนุน,1.172
1967,2567,กันยายน,นนทบุรี,บางกรวย,อบต.บางขุนกอง,0.0
1968,2567,กันยายน,นนทบุรี,บางกรวย,อบต.มหาสวัสดิ์,11.764
1969,2567,กันยายน,นนทบุรี,บางบัวทอง,เทศบาลนครบางบัวทอง,143.21
1970,2567,กันยายน,นนทบุรี,บางบัวทอง,เทศบาลเมืองบางคูรัด,308.464
1971,2567,กันยายน,นนทบุรี,บางบัวทอง,เทศบาลเมืองบางรักพัฒนา,110.397
1972,2567,กันยายน,นนทบุรี,บางบัวทอง,เทศบาลเมืองพิมลราช,0.0
1973,2567,กันยายน,นนทบุรี,บางบัวทอง,เทศบาลเมืองใหม่บางบัวทอง,10.0
1974,2567,กันยายน,นนทบุรี,บางบัวทอง,อบต.บางรักใหญ่,0.0
1975,2567,กันยายน,นนทบุรี,บางบัวทอง,อบต.ละหาร,6.0
1976,2567,กันยายน,นนทบุรี,บางใหญ่,เทศบาลเมืองบางแม่นาง,0.0
1977,2567,กันยายน,นนทบุรี,บางใหญ่,เทศบาลเมืองเสาธงหิน,1.386
1978,2567,กันยายน,นนทบุรี,บางใหญ่,เทศบาลตำบลบางม่วง,0.89
1979,2567,กันยายน,นนทบุรี,บางใหญ่,เทศบาลตำบลบางเลน,5.4
1980,2567,กันยายน,นนทบุรี,บางใหญ่,อบต.บ้านใหม่,4.0
1981,2567,กันยายน,นนทบุรี,ปากเกร็ด,เทศบาลนครปากเกร็ด,100.0
1982,2567,กันยายน,นนทบุรี,ปากเกร็ด,เทศบาลตำบลบางพลับ,11.963
1983,2567,กันยายน,นนทบุรี,ปากเกร็ด,อบต.เกาะเกร็ด,12.144
1984,2567,กันยายน,นนทบุรี,ปากเกร็ด,อบต.คลองข่อย,3.0
1985,2567,กันยายน,นนทบุรี,ปากเกร็ด,อบต.คลองพระอุดม,2.0
1986,2567,กันยายน,นนทบุรี,ปากเกร็ด,อบต.ท่าอิฐ,11.0
1987,2567,กันยายน,นนทบุรี,ปากเกร็ด,อบต.บางตะไนย์,0.1
1988,2567,กันยายน,นนทบุรี,ปากเกร็ด,อบต.อ้อมเกร็ด,0.0
1989,2567,กันยายน,นนทบุรี,เมืองนนทบุรี,เทศบาลนครนนทบุรี,0.0
1990,2567,กันยายน,นนทบุรี,เมืองนนทบุรี,เทศบาลเมืองไทรม้า,0.0
1991,2567,กันยายน,นนทบุรี,เมืองนนทบุรี,เทศบาลเมืองบางศรีเมือง,366.56
1992,2567,กันยายน,นนทบุรี,เมืองนนทบุรี,อบต.บางไผ่,0.0
1993,2567,กันยายน,นนทบุรี,เมืองนนทบุรี,อบต.บางรักน้อย,1.0
1994,2567,ตุลาคม,นนทบุรี,ไทรน้อย,เทศบาลตำบลไทรน้อย,0.001
1995,2567,ตุลาคม,นนทบุรี,ไทรน้อย,อบต.ขุนศรี,0.21
1996,2567,ตุลาคม,นนทบุรี,ไทรน้อย,อบต.คลองขวาง,0.0
1997,2567,ตุลาคม,นนทบุรี,ไทรน้อย,อบต.ทวีวัฒนา,0.0
1998,2567,ตุลาคม,นนทบุรี,ไทรน้อย,อบต.ไทรน้อย,0.0
1999,2567,ตุลาคม,นนทบุรี,ไทรน้อย,อบต.ไทรใหญ่,0.0
2000,2567,ตุลาคม,นนทบุรี,ไทรน้อย,อบต.ราษฎร์นิยม,0.0
2001,2567,ตุลาคม,นนทบุรี,ไทรน้อย,อบต.หนองเพรางาย,20.0
2002,2567,ตุลาคม,นนทบุรี,บางกรวย,เทศบาลเมืองบางกรวย,151.35
2003,2567,ตุลาคม,นนทบุรี,บางกรวย,เทศบาลตำบลบางสีทอง,0.45
2004,2567,ตุลาคม,นนทบุรี,บางกรวย,เทศบาลตำบลปลายบาง,950.886
2005,2567,ตุลาคม,นนทบุรี,บางกรวย,เทศบาลตำบลศาลากลาง,4.5
2006,2567,ตุลาคม,นนทบุรี,บางกรวย,อบต.บางขนุน,1.388
2007,2567,ตุลาคม,นนทบุรี,บางกรวย,อบต.บางขุนกอง,0.0
2008,2567,ตุลาคม,นนทบุรี,บางกรวย,อบต.มหาสวัสดิ์,10.92
2009,2567,ตุลาคม,นนทบุรี,บางบัวทอง,เทศบาลนครบางบัวทอง,115.0
2010,2567,ตุลาคม,นนทบุรี,บางบัวทอง,เทศบาลเมืองบางคูรัด,302.0
2011,2567,ตุลาคม,นนทบุรี,บางบัวทอง,เทศบาลเมืองบางรักพัฒนา,0.0
2012,2567,ตุลาคม,นนทบุรี,บางบัวทอง,เทศบาลเมืองพิมลราช,0.0
2013,2567,ตุลาคม,นนทบุรี,บางบัวทอง,เทศบาลเมืองใหม่บางบัวทอง,50.0
2014,2567,ตุลาคม,นนทบุรี,บางบัวทอง,อบต.บางรักใหญ่,26.0
2015,2567,ตุลาคม,นนทบุรี,บางบัวทอง,อบต.ละหาร,11.0
2016,2567,ตุลาคม,นนทบุรี,บางบัวทอง,อบต.ลำโพ,0.0
2017,2567,ตุลาคม,นนทบุรี,บางใหญ่,เทศบาลเมืองบางแม่นาง,250.694
2018,2567,ตุลาคม,นนทบุรี,บางใหญ่,เทศบาลเมืองเสาธงหิน,1021.72
2019,2567,ตุลาคม,นนทบุรี,บางใหญ่,เทศบาลตำบลบางม่วง,0.96
2020,2567,ตุลาคม,นนทบุรี,บางใหญ่,เทศบาลตำบลบางเลน,6.56
2021,2567,ตุลาคม,นนทบุรี,บางใหญ่,เทศบาลตำบลบางใหญ่,17.935
2022,2567,ตุลาคม,นนทบุรี,บางใหญ่,อบต.บางใหญ่,0.3
2023,2567,ตุลาคม,นนทบุรี,บางใหญ่,อบต.บ้านใหม่,12.0
2024,2567,ตุลาคม,นนทบุรี,ปากเกร็ด,เทศบาลนครปากเกร็ด,100.0
2025,2567,ตุลาคม,นนทบุรี,ปากเกร็ด,เทศบาลตำบลบางพลับ,0.181
2026,2567,ตุลาคม,นนทบุรี,ปากเกร็ด,อบต.เกาะเกร็ด,30.0
2027,2567,ตุลาคม,นนทบุรี,ปากเกร็ด,อบต.คลองข่อย,100.0
2028,2567,ตุลาคม,นนทบุรี,ปากเกร็ด,อบต.คลองพระอุดม,2.0
2029,2567,ตุลาคม,นนทบุรี,ปากเกร็ด,อบต.ท่าอิฐ,21.0
2030,2567,ตุลาคม,นนทบุรี,ปากเกร็ด,อบต.บางตะไนย์,0.1
2031,2567,ตุลาคม,นนทบุรี,ปากเกร็ด,อบต.อ้อมเกร็ด,0.0
2032,2567,ตุลาคม,นนทบุรี,เมืองนนทบุรี,เทศบาลนครนนทบุรี,0.67
2033,2567,ตุลาคม,นนทบุรี,เมืองนนทบุรี,เทศบาลเมืองไทรม้า,0.0
2034,2567,ตุลาคม,นนทบุรี,เมืองนนทบุรี,เทศบาลเมืองบางกร่าง,32.14
2035,2567,ตุลาคม,นนทบุรี,เมืองนนทบุรี,เทศบาลเมืองบางศรีเมือง,379.548
2036,2567,ตุลาคม,นนทบุรี,เมืองนนทบุรี,อบต.บางไผ่,0.0
2037,2567,ตุลาคม,นนทบุรี,เมืองนนทบุรี,อบต.บางรักน้อย,1.0
2038,2567,พฤศจิกายน,นนทบุรี,ไทรน้อย,เทศบาลตำบลไทรน้อย,0.03
2039,2567,พฤศจิกายน,นนทบุรี,ไทรน้อย,อบต.ขุนศรี,0.0
2040,2567,พฤศจิกายน,นนทบุรี,ไทรน้อย,อบต.คลองขวาง,0.0
2041,2567,พฤศจิกายน,นนทบุรี,ไทรน้อย,อบต.ทวีวัฒนา,0.0
2042,2567,พฤศจิกายน,นนทบุรี,ไทรน้อย,อบต.ไทรน้อย,0.0
2043,2567,พฤศจิกายน,นนทบุรี,ไทรน้อย,อบต.ไทรใหญ่,0.0
2044,2567,พฤศจิกายน,นนทบุรี,ไทรน้อย,อบต.ราษฎร์นิยม,0.0
2045,2567,พฤศจิกายน,นนทบุรี,ไทรน้อย,อบต.หนองเพรางาย,20.0
2046,2567,พฤศจิกายน,นนทบุรี,บางกรวย,เทศบาลเมืองบางกรวย,62.323
2047,2567,พฤศจิกายน,นนทบุรี,บางกรวย,เทศบาลตำบลบางสีทอง,0.87
2048,2567,พฤศจิกายน,นนทบุรี,บางกรวย,เทศบาลตำบลปลายบาง,888.453
2049,2567,พฤศจิกายน,นนทบุรี,บางกรวย,เทศบาลตำบลศาลากลาง,4.5
2050,2567,พฤศจิกายน,นนทบุรี,บางกรวย,อบต.บางขนุน,1.427
2051,2567,พฤศจิกายน,นนทบุรี,บางกรวย,อบต.บางขุนกอง,0.0
2052,2567,พฤศจิกายน,นนทบุรี,บางกรวย,อบต.มหาสวัสดิ์,10.791
2053,2567,พฤศจิกายน,นนทบุรี,บางบัวทอง,เทศบาลนครบางบัวทอง,118.3
2054,2567,พฤศจิกายน,นนทบุรี,บางบัวทอง,เทศบาลเมืองบางคูรัด,302.0
2055,2567,พฤศจิกายน,นนทบุรี,บางบัวทอง,เทศบาลเมืองบางรักพัฒนา,0.0
2056,2567,พฤศจิกายน,นนทบุรี,บางบัวทอง,เทศบาลเมืองพิมลราช,0.0
2057,2567,พฤศจิกายน,นนทบุรี,บางบัวทอง,เทศบาลเมืองใหม่บางบัวทอง,10.0
2058,2567,พฤศจิกายน,นนทบุรี,บางบัวทอง,อบต.บางรักใหญ่,42.0
2059,2567,พฤศจิกายน,นนทบุรี,บางบัวทอง,อบต.ละหาร,11.5
2060,2567,พฤศจิกายน,นนทบุรี,บางบัวทอง,อบต.ลำโพ,0.0
2061,2567,พฤศจิกายน,นนทบุรี,บางใหญ่,เทศบาลเมืองบางแม่นาง,150.23
2062,2567,พฤศจิกายน,นนทบุรี,บางใหญ่,เทศบาลเมืองเสาธงหิน,121.471
2063,2567,พฤศจิกายน,นนทบุรี,บางใหญ่,เทศบาลตำบลบางม่วง,1.03
2064,2567,พฤศจิกายน,นนทบุรี,บางใหญ่,เทศบาลตำบลบางเลน,6.56
2065,2567,พฤศจิกายน,นนทบุรี,บางใหญ่,เทศบาลตำบลบางใหญ่,1.256
2066,2567,พฤศจิกายน,นนทบุรี,บางใหญ่,อบต.บางใหญ่,0.23
2067,2567,พฤศจิกายน,นนทบุรี,บางใหญ่,อบต.บ้านใหม่,10.0
2068,2567,พฤศจิกายน,นนทบุรี,ปากเกร็ด,เทศบาลนครปากเกร็ด,100.0
2069,2567,พฤศจิกายน,นนทบุรี,ปากเกร็ด,เทศบาลตำบลบางพลับ,0.1
2070,2567,พฤศจิกายน,นนทบุรี,ปากเกร็ด,อบต.เกาะเกร็ด,7.01
2071,2567,พฤศจิกายน,นนทบุรี,ปากเกร็ด,อบต.คลองข่อย,0.0
2072,2567,พฤศจิกายน,นนทบุรี,ปากเกร็ด,อบต.คลองพระอุดม,2.0
2073,2567,พฤศจิกายน,นนทบุรี,ปากเกร็ด,อบต.ท่าอิฐ,23.0
2074,2567,พฤศจิกายน,นนทบุรี,ปากเกร็ด,อบต.บางตะไนย์,0.1
2075,2567,พฤศจิกายน,นนทบุรี,ปากเกร็ด,อบต.อ้อมเกร็ด,0.0
2076,2567,พฤศจิกายน,นนทบุรี,เมืองนนทบุรี,เทศบาลนครนนทบุรี,0.82
2077,2567,พฤศจิกายน,นนทบุรี,เมืองนนทบุรี,เทศบาลเมืองไทรม้า,0.0
2078,2567,พฤศจิกายน,นนทบุรี,เมืองนนทบุรี,เทศบาลเมืองบางกร่าง,30.86
2079,2567,พฤศจิกายน,นนทบุรี,เมืองนนทบุรี,เทศบาลเมืองบางศรีเมือง,352.828
2080,2567,พฤศจิกายน,นนทบุรี,เมืองนนทบุรี,อบต.บางไผ่,0.0
2081,2567,พฤศจิกายน,นนทบุรี,เมืองนนทบุรี,อบต.บางรักน้อย,1.0
2082,2567,ธันวาคม,นนทบุรี,ไทรน้อย,เทศบาลตำบลไทรน้อย,0.008
2083,2567,ธันวาคม,นนทบุรี,ไทรน้อย,อบต.ขุนศรี,0.248
2084,2567,ธันวาคม,นนทบุรี,ไทรน้อย,อบต.คลองขวาง,0.0
2085,2567,ธันวาคม,นนทบุรี,ไทรน้อย,อบต.ทวีวัฒนา,0.0
2086,2567,ธันวาคม,นนทบุรี,ไทรน้อย,อบต.ไทรน้อย,0.0
2087,2567,ธันวาคม,นนทบุรี,ไทรน้อย,อบต.ไทรใหญ่,0.0
2088,2567,ธันวาคม,นนทบุรี,ไทรน้อย,อบต.ราษฎร์นิยม,0.0
2089,2567,ธันวาคม,นนทบุรี,ไทรน้อย,อบต.หนองเพรางาย,20.0
2090,2567,ธันวาคม,นนทบุรี,บางกรวย,เทศบาลเมืองบางกรวย,200.0
2091,2567,ธันวาคม,นนทบุรี,บางกรวย,เทศบาลตำบลบางสีทอง,5840.0
2092,2567,ธันวาคม,นนทบุรี,บางกรวย,เทศบาลตำบลปลายบาง,847.587
2093,2567,ธันวาคม,นนทบุรี,บางกรวย,เทศบาลตำบลศาลากลาง,4.5
2094,2567,ธันวาคม,นนทบุรี,บางกรวย,อบต.บางขนุน,1.0
2095,2567,ธันวาคม,นนทบุรี,บางกรวย,อบต.บางขุนกอง,0.0
2096,2567,ธันวาคม,นนทบุรี,บางกรวย,อบต.มหาสวัสดิ์,10.86
2097,2567,ธันวาคม,นนทบุรี,บางบัวทอง,เทศบาลนครบางบัวทอง,109.54
2098,2567,ธันวาคม,นนทบุรี,บางบัวทอง,เทศบาลเมืองบางคูรัด,302.0
2099,2567,ธันวาคม,นนทบุรี,บางบัวทอง,เทศบาลเมืองบางรักพัฒนา,0.0
2100,2567,ธันวาคม,นนทบุรี,บางบัวทอง,เทศบาลเมืองพิมลราช,0.0
2101,2567,ธันวาคม,นนทบุรี,บางบัวทอง,เทศบาลเมืองใหม่บางบัวทอง,50.0
2102,2567,ธันวาคม,นนทบุรี,บางบัวทอง,อบต.บางรักใหญ่,0.0
2103,2567,ธันวาคม,นนทบุรี,บางบัวทอง,อบต.ละหาร,11.0
2104,2567,ธันวาคม,นนทบุรี,บางบัวทอง,อบต.ลำโพ,0.0
2105,2567,ธันวาคม,นนทบุรี,บางใหญ่,เทศบาลเมืองบางแม่นาง,0.0
2106,2567,ธันวาคม,นนทบุรี,บางใหญ่,เทศบาลเมืองเสาธงหิน,129.127
2107,2567,ธันวาคม,นนทบุรี,บางใหญ่,เทศบาลตำบลบางม่วง,0.83
2108,2567,ธันวาคม,นนทบุรี,บางใหญ่,เทศบาลตำบลบางเลน,5.3
2109,2567,ธันวาคม,นนทบุรี,บางใหญ่,เทศบาลตำบลบางใหญ่,1.256
2110,2567,ธันวาคม,นนทบุรี,บางใหญ่,อบต.บางใหญ่,0.23
2111,2567,ธันวาคม,นนทบุรี,บางใหญ่,อบต.บ้านใหม่,10.0
2112,2567,ธันวาคม,นนทบุรี,ปากเกร็ด,เทศบาลนครปากเกร็ด,65.7
2113,2567,ธันวาคม,นนทบุรี,ปากเกร็ด,เทศบาลตำบลบางพลับ,0.143
2114,2567,ธันวาคม,นนทบุรี,ปากเกร็ด,อบต.เกาะเกร็ด,10.08
2115,2567,ธันวาคม,นนทบุรี,ปากเกร็ด,อบต.คลองข่อย,3.0
2116,2567,ธันวาคม,นนทบุรี,ปากเกร็ด,อบต.คลองพระอุดม,2.0
2117,2567,ธันวาคม,นนทบุรี,ปากเกร็ด,อบต.ท่าอิฐ,14.0
2118,2567,ธันวาคม,นนทบุรี,ปากเกร็ด,อบต.บางตะไนย์,0.1
2119,2567,ธันวาคม,นนทบุรี,ปากเกร็ด,อบต.อ้อมเกร็ด,0.0
2120,2567,ธันวาคม,นนทบุรี,เมืองนนทบุรี,เทศบาลนครนนทบุรี,4.76
2121,2567,ธันวาคม,นนทบุรี,เมืองนนทบุรี,เทศบาลเมืองไทรม้า,0.0
2122,2567,ธันวาคม,นนทบุรี,เมืองนนทบุรี,เทศบาลเมืองบางกร่าง,28.65
2123,2567,ธันวาคม,นนทบุรี,เมืองนนทบุรี,เทศบาลเมืองบางศรีเมือง,350.573
2124,2567,ธันวาคม,นนทบุรี,เมืองนนทบุรี,อบต.บางไผ่,0.0
2125,2567,ธันวาคม,นนทบุรี,เมืองนนทบุรี,อบต.บางรักน้อย,2.0
