,ปี,เดือน,จังหวัด,อำเภอ,อปท,ขยะอินทรีย์ลงถัง(ตัน)
0,2563,มกราคม,นนทบุรี,ไทรน้อย,เทศบาลตำบลไทรน้อย,49.17
1,2563,มกราคม,นนทบุรี,ไทรน้อย,อบต.ทวีวัฒนา,63.0
2,2563,มกราคม,นนทบุรี,ไทรน้อย,อบต.หนองเพรางาย,120.0
3,2563,มกราคม,นนทบุรี,บางกรวย,เทศบาลเมืองบางกรวย,400.0
4,2563,มกราคม,นนทบุรี,บางกรวย,เทศบาลตำบลบางสีทอง,261.0
5,2563,มกราคม,นนทบุรี,บางกรวย,เทศบาลตำบลปลายบาง,930.36
6,2563,มกราคม,นนทบุรี,บางกรวย,อบต.บางขนุน,176.81
7,2563,มกราคม,นนทบุรี,บางกรวย,อบต.บางขุนกอง,164.0
8,2563,มกราคม,นนทบุรี,บางกรวย,อบต.มหาสวัสดิ์,1.8
9,2563,มกราคม,นนทบุรี,บางบัวทอง,เทศบาลเมืองบางคูรัด,617.74
10,2563,มกราคม,นนทบุรี,บางบัวทอง,เทศบาลเมืองบางบัวทอง,470.67
11,2563,มกราคม,นนทบุรี,บางบัวทอง,เทศบาลเมืองบางรักพัฒนา,458.63
12,2563,มกราคม,นนทบุรี,บางบัวทอง,เทศบาลเมืองใหม่บางบัวทอง,150.0
13,2563,มกราคม,นนทบุรี,บางใหญ่,เทศบาลเมืองบางแม่นาง,2.5
14,2563,มกราคม,นนทบุรี,บางใหญ่,เทศบาลตำบลบางม่วง,0.9
15,2563,มกราคม,นนทบุรี,บางใหญ่,เทศบาลตำบลบางเลน,128.16
16,2563,มกราคม,นนทบุรี,บางใหญ่,เทศบาลตำบลบางใหญ่,230.29
17,2563,มกราคม,นนทบุรี,บางใหญ่,เทศบาลตำบลบ้านบางม่วง,18.0
18,2563,มกราคม,นนทบุรี,บางใหญ่,เทศบาลตำบลเสาธงหิน,0.15
19,2563,มกราคม,นนทบุรี,บางใหญ่,อบต.บางใหญ่,1.0
20,2563,มกราคม,นนทบุรี,บางใหญ่,อบต.บ้านใหม่,0.35
21,2563,มกราคม,นนทบุรี,ปากเกร็ด,เทศบาลนครปากเกร็ด,24.0
22,2563,มกราคม,นนทบุรี,ปากเกร็ด,เทศบาลตำบลบางพลับ,236.07
23,2563,มกราคม,นนทบุรี,ปากเกร็ด,อบต.คลองข่อย,1.0
24,2563,มกราคม,นนทบุรี,ปากเกร็ด,อบต.คลองพระอุดม,3.0
25,2563,มกราคม,นนทบุรี,เมืองนนทบุรี,เทศบาลนครนนทบุรี,3862.0
26,2563,มกราคม,นนทบุรี,เมืองนนทบุรี,เทศบาลเมืองบางศรีเมือง,701.88
27,2563,กุมภาพันธ์,นนทบุรี,ไทรน้อย,เทศบาลตำบลไทรน้อย,42.6
28,2563,กุมภาพันธ์,นนทบุรี,ไทรน้อย,อบต.ทวีวัฒนา,69.0
29,2563,กุมภาพันธ์,นนทบุรี,ไทรน้อย,อบต.หนองเพรางาย,96.43
30,2563,กุมภาพันธ์,นนทบุรี,บางกรวย,เทศบาลเมืองบางกรวย,389.75
31,2563,กุมภาพันธ์,นนทบุรี,บางกรวย,เทศบาลตำบลบางสีทอง,254.0
32,2563,กุมภาพันธ์,นนทบุรี,บางกรวย,เทศบาลตำบลปลายบาง,847.52
33,2563,กุมภาพันธ์,นนทบุรี,บางกรวย,อบต.บางขนุน,179.28
34,2563,กุมภาพันธ์,นนทบุรี,บางกรวย,อบต.บางขุนกอง,120.0
35,2563,กุมภาพันธ์,นนทบุรี,บางกรวย,อบต.มหาสวัสดิ์,1.85
36,2563,กุมภาพันธ์,นนทบุรี,บางบัวทอง,เทศบาลเมืองบางคูรัด,545.13
37,2563,กุมภาพันธ์,นนทบุรี,บางบัวทอง,เทศบาลเมืองบางบัวทอง,520.36
38,2563,กุมภาพันธ์,นนทบุรี,บางบัวทอง,เทศบาลเมืองบางรักพัฒนา,397.78
39,2563,กุมภาพันธ์,นนทบุรี,บางบัวทอง,เทศบาลเมืองใหม่บางบัวทอง,110.0
40,2563,กุมภาพันธ์,นนทบุรี,บางใหญ่,เทศบาลเมืองบางแม่นาง,3.5
41,2563,กุมภาพันธ์,นนทบุรี,บางใหญ่,เทศบาลตำบลบางม่วง,0.7
42,2563,กุมภาพันธ์,นนทบุรี,บางใหญ่,เทศบาลตำบลบางเลน,119.49
43,2563,กุมภาพันธ์,นนทบุรี,บางใหญ่,เทศบาลตำบลบางใหญ่,230.29
44,2563,กุมภาพันธ์,นนทบุรี,บางใหญ่,เทศบาลตำบลบ้านบางม่วง,18.0
45,2563,กุมภาพันธ์,นนทบุรี,บางใหญ่,เทศบาลตำบลเสาธงหิน,2.9
46,2563,กุมภาพันธ์,นนทบุรี,บางใหญ่,อบต.บางใหญ่,0.3
47,2563,กุมภาพันธ์,นนทบุรี,บางใหญ่,อบต.บ้านใหม่,0.34
48,2563,กุมภาพันธ์,นนทบุรี,ปากเกร็ด,เทศบาลนครปากเกร็ด,25.0
49,2563,กุมภาพันธ์,นนทบุรี,ปากเกร็ด,เทศบาลตำบลบางพลับ,210.8
50,2563,กุมภาพันธ์,นนทบุรี,ปากเกร็ด,อบต.คลองพระอุดม,2.0
51,2563,กุมภาพันธ์,นนทบุรี,ปากเกร็ด,อบต.บางตะไนย์,0.02
52,2563,กุมภาพันธ์,นนทบุรี,เมืองนนทบุรี,เทศบาลนครนนทบุรี,3623.0
53,2563,กุมภาพันธ์,นนทบุรี,เมืองนนทบุรี,เทศบาลเมืองบางศรีเมือง,618.86
54,2563,มีนาคม,นนทบุรี,ไทรน้อย,เทศบาลตำบลไทรน้อย,42.6
55,2563,มีนาคม,นนทบุรี,ไทรน้อย,อบต.ทวีวัฒนา,56.0
56,2563,มีนาคม,นนทบุรี,ไทรน้อย,อบต.หนองเพรางาย,100.0
57,2563,มีนาคม,นนทบุรี,บางกรวย,เทศบาลเมืองบางกรวย,412.8
58,2563,มีนาคม,นนทบุรี,บางกรวย,เทศบาลตำบลบางสีทอง,251.0
59,2563,มีนาคม,นนทบุรี,บางกรวย,เทศบาลตำบลปลายบาง,928.66
60,2563,มีนาคม,นนทบุรี,บางกรวย,อบต.บางขนุน,191.99
61,2563,มีนาคม,นนทบุรี,บางกรวย,อบต.บางขุนกอง,110.0
62,2563,มีนาคม,นนทบุรี,บางกรวย,อบต.มหาสวัสดิ์,1.92
63,2563,มีนาคม,นนทบุรี,บางบัวทอง,เทศบาลเมืองบางคูรัด,596.65
64,2563,มีนาคม,นนทบุรี,บางบัวทอง,เทศบาลเมืองบางบัวทอง,462.18
65,2563,มีนาคม,นนทบุรี,บางบัวทอง,เทศบาลเมืองบางรักพัฒนา,458.48
66,2563,มีนาคม,นนทบุรี,บางบัวทอง,เทศบาลเมืองใหม่บางบัวทอง,150.0
67,2563,มีนาคม,นนทบุรี,บางบัวทอง,อบต.ลำโพ,100.0
68,2563,มีนาคม,นนทบุรี,บางใหญ่,เทศบาลเมืองบางแม่นาง,4.0
69,2563,มีนาคม,นนทบุรี,บางใหญ่,เทศบาลตำบลบางม่วง,0.65
70,2563,มีนาคม,นนทบุรี,บางใหญ่,เทศบาลตำบลบางเลน,135.14
71,2563,มีนาคม,นนทบุรี,บางใหญ่,เทศบาลตำบลบางใหญ่,230.29
72,2563,มีนาคม,นนทบุรี,บางใหญ่,เทศบาลตำบลบ้านบางม่วง,18.0
73,2563,มีนาคม,นนทบุรี,บางใหญ่,เทศบาลตำบลเสาธงหิน,5.5
74,2563,มีนาคม,นนทบุรี,บางใหญ่,อบต.บางใหญ่,0.3
75,2563,มีนาคม,นนทบุรี,บางใหญ่,อบต.บ้านใหม่,0.3
76,2563,มีนาคม,นนทบุรี,ปากเกร็ด,เทศบาลนครปากเกร็ด,24.0
77,2563,มีนาคม,นนทบุรี,ปากเกร็ด,เทศบาลตำบลบางพลับ,232.69
78,2563,มีนาคม,นนทบุรี,ปากเกร็ด,อบต.คลองพระอุดม,3.0
79,2563,มีนาคม,นนทบุรี,ปากเกร็ด,อบต.บางตะไนย์,0.02
80,2563,มีนาคม,นนทบุรี,เมืองนนทบุรี,เทศบาลนครนนทบุรี,3782.0
81,2563,มีนาคม,นนทบุรี,เมืองนนทบุรี,เทศบาลเมืองบางศรีเมือง,689.72
82,2563,เมษายน,นนทบุรี,ไทรน้อย,เทศบาลตำบลไทรน้อย,38.4
83,2563,เมษายน,นนทบุรี,ไทรน้อย,อบต.ทวีวัฒนา,58.0
84,2563,เมษายน,นนทบุรี,ไทรน้อย,อบต.หนองเพรางาย,98.69
85,2563,เมษายน,นนทบุรี,บางกรวย,เทศบาลเมืองบางกรวย,445.31
86,2563,เมษายน,นนทบุรี,บางกรวย,เทศบาลตำบลบางสีทอง,299.0
87,2563,เมษายน,นนทบุรี,บางกรวย,เทศบาลตำบลปลายบาง,993.85
88,2563,เมษายน,นนทบุรี,บางกรวย,อบต.บางขนุน,177.79
89,2563,เมษายน,นนทบุรี,บางกรวย,อบต.บางขุนกอง,105.0
90,2563,เมษายน,นนทบุรี,บางกรวย,อบต.มหาสวัสดิ์,2.15
91,2563,เมษายน,นนทบุรี,บางบัวทอง,เทศบาลเมืองบางคูรัด,643.37
92,2563,เมษายน,นนทบุรี,บางบัวทอง,เทศบาลเมืองบางบัวทอง,389.28
93,2563,เมษายน,นนทบุรี,บางบัวทอง,เทศบาลเมืองบางรักพัฒนา,490.8
94,2563,เมษายน,นนทบุรี,บางบัวทอง,เทศบาลเมืองใหม่บางบัวทอง,150.0
95,2563,เมษายน,นนทบุรี,บางใหญ่,เทศบาลเมืองบางแม่นาง,4.0
96,2563,เมษายน,นนทบุรี,บางใหญ่,เทศบาลตำบลบางม่วง,0.55
97,2563,เมษายน,นนทบุรี,บางใหญ่,เทศบาลตำบลบางเลน,142.38
98,2563,เมษายน,นนทบุรี,บางใหญ่,เทศบาลตำบลบางใหญ่,240.5
99,2563,เมษายน,นนทบุรี,บางใหญ่,เทศบาลตำบลบ้านบางม่วง,18.0
100,2563,เมษายน,นนทบุรี,บางใหญ่,เทศบาลตำบลเสาธงหิน,3.8
101,2563,เมษายน,นนทบุรี,บางใหญ่,อบต.บ้านใหม่,0.6
102,2563,เมษายน,นนทบุรี,ปากเกร็ด,เทศบาลนครปากเกร็ด,25.0
103,2563,เมษายน,นนทบุรี,ปากเกร็ด,เทศบาลตำบลบางพลับ,243.94
104,2563,เมษายน,นนทบุรี,ปากเกร็ด,อบต.คลองพระอุดม,3.0
105,2563,เมษายน,นนทบุรี,ปากเกร็ด,อบต.บางตะไนย์,49.27
106,2563,เมษายน,นนทบุรี,เมืองนนทบุรี,เทศบาลนครนนทบุรี,3887.0
107,2563,เมษายน,นนทบุรี,เมืองนนทบุรี,เทศบาลเมืองบางศรีเมือง,705.41
108,2563,พฤษภาคม,นนทบุรี,ไทรน้อย,เทศบาลตำบลไทรน้อย,40.88
109,2563,พฤษภาคม,นนทบุรี,ไทรน้อย,อบต.ทวีวัฒนา,69.0
110,2563,พฤษภาคม,นนทบุรี,ไทรน้อย,อบต.หนองเพรางาย,96.37
111,2563,พฤษภาคม,นนทบุรี,บางกรวย,เทศบาลเมืองบางกรวย,458.1
112,2563,พฤษภาคม,นนทบุรี,บางกรวย,เทศบาลตำบลบางสีทอง,189.0
113,2563,พฤษภาคม,นนทบุรี,บางกรวย,เทศบาลตำบลปลายบาง,1028.58
114,2563,พฤษภาคม,นนทบุรี,บางกรวย,อบต.บางขนุน,181.71
115,2563,พฤษภาคม,นนทบุรี,บางกรวย,อบต.บางขุนกอง,95.0
116,2563,พฤษภาคม,นนทบุรี,บางกรวย,อบต.มหาสวัสดิ์,1.85
117,2563,พฤษภาคม,นนทบุรี,บางบัวทอง,เทศบาลเมืองบางคูรัด,595.28
118,2563,พฤษภาคม,นนทบุรี,บางบัวทอง,เทศบาลเมืองบางบัวทอง,685.28
119,2563,พฤษภาคม,นนทบุรี,บางบัวทอง,เทศบาลเมืองบางรักพัฒนา,491.86
120,2563,พฤษภาคม,นนทบุรี,บางบัวทอง,เทศบาลเมืองใหม่บางบัวทอง,140.0
121,2563,พฤษภาคม,นนทบุรี,บางบัวทอง,อบต.ลำโพ,0.39
122,2563,พฤษภาคม,นนทบุรี,บางใหญ่,เทศบาลเมืองบางแม่นาง,4.5
123,2563,พฤษภาคม,นนทบุรี,บางใหญ่,เทศบาลตำบลบางม่วง,0.85
124,2563,พฤษภาคม,นนทบุรี,บางใหญ่,เทศบาลตำบลบางเลน,141.99
125,2563,พฤษภาคม,นนทบุรี,บางใหญ่,เทศบาลตำบลบางใหญ่,242.5
126,2563,พฤษภาคม,นนทบุรี,บางใหญ่,เทศบาลตำบลบ้านบางม่วง,25.23
127,2563,พฤษภาคม,นนทบุรี,บางใหญ่,เทศบาลตำบลเสาธงหิน,3.45
128,2563,พฤษภาคม,นนทบุรี,บางใหญ่,อบต.บางใหญ่,0.5
129,2563,พฤษภาคม,นนทบุรี,บางใหญ่,อบต.บ้านใหม่,0.3
130,2563,พฤษภาคม,นนทบุรี,ปากเกร็ด,เทศบาลนครปากเกร็ด,20.0
131,2563,พฤษภาคม,นนทบุรี,ปากเกร็ด,เทศบาลตำบลบางพลับ,254.92
132,2563,พฤษภาคม,นนทบุรี,ปากเกร็ด,อบต.คลองพระอุดม,3.0
133,2563,พฤษภาคม,นนทบุรี,ปากเกร็ด,อบต.บางตะไนย์,64.79
134,2563,พฤษภาคม,นนทบุรี,เมืองนนทบุรี,เทศบาลนครนนทบุรี,3804.3
135,2563,พฤษภาคม,นนทบุรี,เมืองนนทบุรี,เทศบาลเมืองบางศรีเมือง,738.86
136,2563,มิถุนายน,นนทบุรี,ไทรน้อย,เทศบาลตำบลไทรน้อย,39.01
137,2563,มิถุนายน,นนทบุรี,ไทรน้อย,อบต.ทวีวัฒนา,65.0
138,2563,มิถุนายน,นนทบุรี,ไทรน้อย,อบต.หนองเพรางาย,120.0
139,2563,มิถุนายน,นนทบุรี,บางกรวย,เทศบาลเมืองบางกรวย,400.0
140,2563,มิถุนายน,นนทบุรี,บางกรวย,เทศบาลตำบลบางสีทอง,161.68
141,2563,มิถุนายน,นนทบุรี,บางกรวย,เทศบาลตำบลปลายบาง,882.29
142,2563,มิถุนายน,นนทบุรี,บางกรวย,อบต.บางขนุน,196.29
143,2563,มิถุนายน,นนทบุรี,บางกรวย,อบต.บางขุนกอง,110.0
144,2563,มิถุนายน,นนทบุรี,บางกรวย,อบต.มหาสวัสดิ์,2.15
145,2563,มิถุนายน,นนทบุรี,บางบัวทอง,เทศบาลเมืองบางคูรัด,665.28
146,2563,มิถุนายน,นนทบุรี,บางบัวทอง,เทศบาลเมืองบางบัวทอง,557.14
147,2563,มิถุนายน,นนทบุรี,บางบัวทอง,เทศบาลเมืองบางรักพัฒนา,500.51
148,2563,มิถุนายน,นนทบุรี,บางบัวทอง,เทศบาลเมืองใหม่บางบัวทอง,130.0
149,2563,มิถุนายน,นนทบุรี,บางบัวทอง,อบต.ลำโพ,0.03
150,2563,มิถุนายน,นนทบุรี,บางใหญ่,เทศบาลเมืองบางแม่นาง,4.0
151,2563,มิถุนายน,นนทบุรี,บางใหญ่,เทศบาลตำบลบางม่วง,0.95
152,2563,มิถุนายน,นนทบุรี,บางใหญ่,เทศบาลตำบลบางเลน,146.75
153,2563,มิถุนายน,นนทบุรี,บางใหญ่,เทศบาลตำบลบางใหญ่,264.52
154,2563,มิถุนายน,นนทบุรี,บางใหญ่,เทศบาลตำบลบ้านบางม่วง,24.32
155,2563,มิถุนายน,นนทบุรี,บางใหญ่,เทศบาลตำบลเสาธงหิน,4.2
156,2563,มิถุนายน,นนทบุรี,บางใหญ่,อบต.บางใหญ่,0.5
157,2563,มิถุนายน,นนทบุรี,บางใหญ่,อบต.บ้านใหม่,0.3
158,2563,มิถุนายน,นนทบุรี,ปากเกร็ด,เทศบาลนครปากเกร็ด,18.0
159,2563,มิถุนายน,นนทบุรี,ปากเกร็ด,เทศบาลตำบลบางพลับ,283.0
160,2563,มิถุนายน,นนทบุรี,ปากเกร็ด,อบต.คลองพระอุดม,3.0
161,2563,มิถุนายน,นนทบุรี,ปากเกร็ด,อบต.ท่าอิฐ,59.8
162,2563,มิถุนายน,นนทบุรี,ปากเกร็ด,อบต.บางตะไนย์,60.08
163,2563,มิถุนายน,นนทบุรี,เมืองนนทบุรี,เทศบาลนครนนทบุรี,3916.0
164,2563,มิถุนายน,นนทบุรี,เมืองนนทบุรี,เทศบาลเมืองบางศรีเมือง,723.91
165,2563,กรกฎาคม,นนทบุรี,ไทรน้อย,เทศบาลตำบลไทรน้อย,40.42
166,2563,กรกฎาคม,นนทบุรี,ไทรน้อย,อบต.ทวีวัฒนา,63.0
167,2563,กรกฎาคม,นนทบุรี,ไทรน้อย,อบต.หนองเพรางาย,120.0
168,2563,กรกฎาคม,นนทบุรี,บางกรวย,เทศบาลเมืองบางกรวย,585.0
169,2563,กรกฎาคม,นนทบุรี,บางกรวย,เทศบาลตำบลบางสีทอง,277.0
170,2563,กรกฎาคม,นนทบุรี,บางกรวย,เทศบาลตำบลปลายบาง,995.47
171,2563,กรกฎาคม,นนทบุรี,บางกรวย,อบต.บางขนุน,201.36
172,2563,กรกฎาคม,นนทบุรี,บางกรวย,อบต.บางขุนกอง,130.0
173,2563,กรกฎาคม,นนทบุรี,บางกรวย,อบต.มหาสวัสดิ์,2.15
174,2563,กรกฎาคม,นนทบุรี,บางบัวทอง,เทศบาลเมืองบางคูรัด,655.55
175,2563,กรกฎาคม,นนทบุรี,บางบัวทอง,เทศบาลเมืองบางบัวทอง,698.35
176,2563,กรกฎาคม,นนทบุรี,บางบัวทอง,เทศบาลเมืองบางรักพัฒนา,501.61
177,2563,กรกฎาคม,นนทบุรี,บางบัวทอง,เทศบาลเมืองใหม่บางบัวทอง,100.0
178,2563,กรกฎาคม,นนทบุรี,บางบัวทอง,อบต.ลำโพ,4.0
179,2563,กรกฎาคม,นนทบุรี,บางใหญ่,เทศบาลเมืองบางแม่นาง,4.5
180,2563,กรกฎาคม,นนทบุรี,บางใหญ่,เทศบาลตำบลบางม่วง,0.85
181,2563,กรกฎาคม,นนทบุรี,บางใหญ่,เทศบาลตำบลบางเลน,147.02
182,2563,กรกฎาคม,นนทบุรี,บางใหญ่,เทศบาลตำบลบางใหญ่,258.2
183,2563,กรกฎาคม,นนทบุรี,บางใหญ่,เทศบาลตำบลบ้านบางม่วง,28.0
184,2563,กรกฎาคม,นนทบุรี,บางใหญ่,เทศบาลตำบลเสาธงหิน,3.8
185,2563,กรกฎาคม,นนทบุรี,บางใหญ่,อบต.บางใหญ่,0.5
186,2563,กรกฎาคม,นนทบุรี,บางใหญ่,อบต.บ้านใหม่,0.5
187,2563,กรกฎาคม,นนทบุรี,ปากเกร็ด,เทศบาลนครปากเกร็ด,17.0
188,2563,กรกฎาคม,นนทบุรี,ปากเกร็ด,เทศบาลตำบลบางพลับ,292.41
189,2563,กรกฎาคม,นนทบุรี,ปากเกร็ด,อบต.เกาะเกร็ด,3.0
190,2563,กรกฎาคม,นนทบุรี,ปากเกร็ด,อบต.คลองพระอุดม,3.0
191,2563,กรกฎาคม,นนทบุรี,ปากเกร็ด,อบต.บางตะไนย์,77.94
192,2563,กรกฎาคม,นนทบุรี,เมืองนนทบุรี,เทศบาลนครนนทบุรี,3766.0
193,2563,กรกฎาคม,นนทบุรี,เมืองนนทบุรี,เทศบาลเมืองบางศรีเมือง,758.65
194,2563,สิงหาคม,นนทบุรี,ไทรน้อย,เทศบาลตำบลไทรน้อย,43.77
195,2563,สิงหาคม,นนทบุรี,ไทรน้อย,อบต.ทวีวัฒนา,62.0
196,2563,สิงหาคม,นนทบุรี,ไทรน้อย,อบต.หนองเพรางาย,100.0
197,2563,สิงหาคม,นนทบุรี,บางกรวย,เทศบาลเมืองบางกรวย,400.0
198,2563,สิงหาคม,นนทบุรี,บางกรวย,เทศบาลตำบลบางสีทอง,169.2
199,2563,สิงหาคม,นนทบุรี,บางกรวย,เทศบาลตำบลปลายบาง,998.88
200,2563,สิงหาคม,นนทบุรี,บางกรวย,อบต.บางขนุน,188.79
201,2563,สิงหาคม,นนทบุรี,บางกรวย,อบต.บางขุนกอง,100.0
202,2563,สิงหาคม,นนทบุรี,บางกรวย,อบต.มหาสวัสดิ์,2.5
203,2563,สิงหาคม,นนทบุรี,บางบัวทอง,เทศบาลเมืองบางคูรัด,640.7
204,2563,สิงหาคม,นนทบุรี,บางบัวทอง,เทศบาลเมืองบางบัวทอง,685.32
205,2563,สิงหาคม,นนทบุรี,บางบัวทอง,เทศบาลเมืองบางรักพัฒนา,475.67
206,2563,สิงหาคม,นนทบุรี,บางบัวทอง,เทศบาลเมืองใหม่บางบัวทอง,100.0
207,2563,สิงหาคม,นนทบุรี,บางบัวทอง,อบต.ลำโพ,35.0
208,2563,สิงหาคม,นนทบุรี,บางใหญ่,เทศบาลเมืองบางแม่นาง,4.0
209,2563,สิงหาคม,นนทบุรี,บางใหญ่,เทศบาลตำบลบางม่วง,0.95
210,2563,สิงหาคม,นนทบุรี,บางใหญ่,เทศบาลตำบลบางเลน,147.34
211,2563,สิงหาคม,นนทบุรี,บางใหญ่,เทศบาลตำบลบางใหญ่,244.28
212,2563,สิงหาคม,นนทบุรี,บางใหญ่,เทศบาลตำบลบ้านบางม่วง,28.0
213,2563,สิงหาคม,นนทบุรี,บางใหญ่,เทศบาลตำบลเสาธงหิน,4.4
214,2563,สิงหาคม,นนทบุรี,บางใหญ่,อบต.บางใหญ่,0.3
215,2563,สิงหาคม,นนทบุรี,บางใหญ่,อบต.บ้านใหม่,0.3
216,2563,สิงหาคม,นนทบุรี,ปากเกร็ด,เทศบาลนครปากเกร็ด,18.0
217,2563,สิงหาคม,นนทบุรี,ปากเกร็ด,เทศบาลตำบลบางพลับ,286.0
218,2563,สิงหาคม,นนทบุรี,ปากเกร็ด,อบต.เกาะเกร็ด,3.0
219,2563,สิงหาคม,นนทบุรี,ปากเกร็ด,อบต.คลองพระอุดม,3.0
220,2563,สิงหาคม,นนทบุรี,ปากเกร็ด,อบต.บางตะไนย์,61.79
221,2563,สิงหาคม,นนทบุรี,เมืองนนทบุรี,เทศบาลนครนนทบุรี,3894.0
222,2563,สิงหาคม,นนทบุรี,เมืองนนทบุรี,เทศบาลเมืองบางศรีเมือง,740.89
223,2563,กันยายน,นนทบุรี,ไทรน้อย,เทศบาลตำบลไทรน้อย,40.6
224,2563,กันยายน,นนทบุรี,ไทรน้อย,อบต.ทวีวัฒนา,63.0
225,2563,กันยายน,นนทบุรี,ไทรน้อย,อบต.หนองเพรางาย,100.0
226,2563,กันยายน,นนทบุรี,บางกรวย,เทศบาลเมืองบางกรวย,400.0
227,2563,กันยายน,นนทบุรี,บางกรวย,เทศบาลตำบลบางสีทอง,244.48
228,2563,กันยายน,นนทบุรี,บางกรวย,เทศบาลตำบลปลายบาง,1012.66
229,2563,กันยายน,นนทบุรี,บางกรวย,อบต.บางขนุน,197.99
230,2563,กันยายน,นนทบุรี,บางกรวย,อบต.บางขุนกอง,80.0
231,2563,กันยายน,นนทบุรี,บางกรวย,อบต.มหาสวัสดิ์,2.5
232,2563,กันยายน,นนทบุรี,บางบัวทอง,เทศบาลเมืองบางคูรัด,624.7
233,2563,กันยายน,นนทบุรี,บางบัวทอง,เทศบาลเมืองบางบัวทอง,598.52
234,2563,กันยายน,นนทบุรี,บางบัวทอง,เทศบาลเมืองบางรักพัฒนา,500.09
235,2563,กันยายน,นนทบุรี,บางบัวทอง,เทศบาลเมืองใหม่บางบัวทอง,130.0
236,2563,กันยายน,นนทบุรี,บางใหญ่,เทศบาลเมืองบางแม่นาง,3.5
237,2563,กันยายน,นนทบุรี,บางใหญ่,เทศบาลตำบลบางม่วง,0.75
238,2563,กันยายน,นนทบุรี,บางใหญ่,เทศบาลตำบลบางเลน,154.49
239,2563,กันยายน,นนทบุรี,บางใหญ่,เทศบาลตำบลบางใหญ่,240.81
240,2563,กันยายน,นนทบุรี,บางใหญ่,เทศบาลตำบลบ้านบางม่วง,28.0
241,2563,กันยายน,นนทบุรี,บางใหญ่,เทศบาลตำบลเสาธงหิน,2.56
242,2563,กันยายน,นนทบุรี,บางใหญ่,อบต.บางใหญ่,0.3
243,2563,กันยายน,นนทบุรี,บางใหญ่,อบต.บ้านใหม่,0.5
244,2563,กันยายน,นนทบุรี,ปากเกร็ด,เทศบาลนครปากเกร็ด,18.0
245,2563,กันยายน,นนทบุรี,ปากเกร็ด,เทศบาลตำบลบางพลับ,288.65
246,2563,กันยายน,นนทบุรี,ปากเกร็ด,อบต.เกาะเกร็ด,3.0
247,2563,กันยายน,นนทบุรี,ปากเกร็ด,อบต.คลองพระอุดม,3.0
248,2563,กันยายน,นนทบุรี,ปากเกร็ด,อบต.ท่าอิฐ,15.5
249,2563,กันยายน,นนทบุรี,ปากเกร็ด,อบต.บางตะไนย์,87.16
250,2563,กันยายน,นนทบุรี,เมืองนนทบุรี,เทศบาลนครนนทบุรี,3636.0
251,2563,กันยายน,นนทบุรี,เมืองนนทบุรี,เทศบาลเมืองบางศรีเมือง,739.13
252,2563,ตุลาคม,นนทบุรี,ไทรน้อย,เทศบาลตำบลไทรน้อย,33.24
253,2563,ตุลาคม,นนทบุรี,ไทรน้อย,อบต.ทวีวัฒนา,63.0
254,2563,ตุลาคม,นนทบุรี,ไทรน้อย,อบต.หนองเพรางาย,96.43
255,2563,ตุลาคม,นนทบุรี,บางกรวย,เทศบาลเมืองบางกรวย,595.82
256,2563,ตุลาคม,นนทบุรี,บางกรวย,เทศบาลตำบลบางสีทอง,139.43
257,2563,ตุลาคม,นนทบุรี,บางกรวย,เทศบาลตำบลปลายบาง,923.2
258,2563,ตุลาคม,นนทบุรี,บางกรวย,อบต.บางขนุน,50.48
259,2563,ตุลาคม,นนทบุรี,บางกรวย,อบต.บางขุนกอง,30.0
260,2563,ตุลาคม,นนทบุรี,บางกรวย,อบต.มหาสวัสดิ์,1.1
261,2563,ตุลาคม,นนทบุรี,บางบัวทอง,เทศบาลเมืองบางคูรัด,549.37
262,2563,ตุลาคม,นนทบุรี,บางบัวทอง,เทศบาลเมืองบางบัวทอง,450.24
263,2563,ตุลาคม,นนทบุรี,บางบัวทอง,เทศบาลเมืองบางรักพัฒนา,459.18
264,2563,ตุลาคม,นนทบุรี,บางบัวทอง,เทศบาลเมืองใหม่บางบัวทอง,250.0
265,2563,ตุลาคม,นนทบุรี,บางใหญ่,เทศบาลเมืองบางแม่นาง,3.0
266,2563,ตุลาคม,นนทบุรี,บางใหญ่,เทศบาลตำบลบางม่วง,0.6
267,2563,ตุลาคม,นนทบุรี,บางใหญ่,เทศบาลตำบลบางเลน,110.79
268,2563,ตุลาคม,นนทบุรี,บางใหญ่,เทศบาลตำบลบางใหญ่,237.96
269,2563,ตุลาคม,นนทบุรี,บางใหญ่,เทศบาลตำบลบ้านบางม่วง,1.23
270,2563,ตุลาคม,นนทบุรี,บางใหญ่,เทศบาลตำบลเสาธงหิน,0.0
271,2563,ตุลาคม,นนทบุรี,บางใหญ่,อบต.บ้านใหม่,0.5
272,2563,ตุลาคม,นนทบุรี,ปากเกร็ด,เทศบาลนครปากเกร็ด,27.72
273,2563,ตุลาคม,นนทบุรี,ปากเกร็ด,เทศบาลตำบลบางพลับ,217.3
274,2563,ตุลาคม,นนทบุรี,ปากเกร็ด,อบต.บางตะไนย์,0.02
275,2563,ตุลาคม,นนทบุรี,เมืองนนทบุรี,เทศบาลนครนนทบุรี,4516.0
276,2563,ตุลาคม,นนทบุรี,เมืองนนทบุรี,เทศบาลเมืองบางศรีเมือง,677.1
277,2563,พฤศจิกายน,นนทบุรี,ไทรน้อย,เทศบาลตำบลไทรน้อย,31.33
278,2563,พฤศจิกายน,นนทบุรี,ไทรน้อย,อบต.ทวีวัฒนา,69.0
279,2563,พฤศจิกายน,นนทบุรี,ไทรน้อย,อบต.หนองเพรางาย,80.0
280,2563,พฤศจิกายน,นนทบุรี,บางกรวย,เทศบาลเมืองบางกรวย,565.42
281,2563,พฤศจิกายน,นนทบุรี,บางกรวย,เทศบาลตำบลบางสีทอง,104.34
282,2563,พฤศจิกายน,นนทบุรี,บางกรวย,เทศบาลตำบลปลายบาง,801.63
283,2563,พฤศจิกายน,นนทบุรี,บางกรวย,อบต.บางขนุน,178.08
284,2563,พฤศจิกายน,นนทบุรี,บางกรวย,อบต.บางขุนกอง,100.0
285,2563,พฤศจิกายน,นนทบุรี,บางกรวย,อบต.มหาสวัสดิ์,1.5
286,2563,พฤศจิกายน,นนทบุรี,บางบัวทอง,เทศบาลเมืองบางคูรัด,460.54
287,2563,พฤศจิกายน,นนทบุรี,บางบัวทอง,เทศบาลเมืองบางบัวทอง,352.43
288,2563,พฤศจิกายน,นนทบุรี,บางบัวทอง,เทศบาลเมืองบางรักพัฒนา,383.23
289,2563,พฤศจิกายน,นนทบุรี,บางบัวทอง,เทศบาลเมืองใหม่บางบัวทอง,100.0
290,2563,พฤศจิกายน,นนทบุรี,บางใหญ่,เทศบาลเมืองบางแม่นาง,3.5
291,2563,พฤศจิกายน,นนทบุรี,บางใหญ่,เทศบาลตำบลบางม่วง,0.75
292,2563,พฤศจิกายน,นนทบุรี,บางใหญ่,เทศบาลตำบลบางเลน,94.1
293,2563,พฤศจิกายน,นนทบุรี,บางใหญ่,เทศบาลตำบลบางใหญ่,230.29
294,2563,พฤศจิกายน,นนทบุรี,บางใหญ่,เทศบาลตำบลบ้านบางม่วง,1.33
295,2563,พฤศจิกายน,นนทบุรี,บางใหญ่,เทศบาลตำบลเสาธงหิน,0.05
296,2563,พฤศจิกายน,นนทบุรี,บางใหญ่,อบต.บางใหญ่,0.5
297,2563,พฤศจิกายน,นนทบุรี,บางใหญ่,อบต.บ้านใหม่,0.5
298,2563,พฤศจิกายน,นนทบุรี,ปากเกร็ด,เทศบาลนครปากเกร็ด,28.0
299,2563,พฤศจิกายน,นนทบุรี,ปากเกร็ด,เทศบาลตำบลบางพลับ,117.88
300,2563,พฤศจิกายน,นนทบุรี,ปากเกร็ด,อบต.คลองข่อย,1.0
301,2563,พฤศจิกายน,นนทบุรี,ปากเกร็ด,อบต.ท่าอิฐ,222.87
302,2563,พฤศจิกายน,นนทบุรี,ปากเกร็ด,อบต.บางตะไนย์,3.0
303,2563,พฤศจิกายน,นนทบุรี,เมืองนนทบุรี,เทศบาลนครนนทบุรี,3634.2
304,2563,พฤศจิกายน,นนทบุรี,เมืองนนทบุรี,เทศบาลเมืองบางศรีเมือง,579.27
305,2563,ธันวาคม,นนทบุรี,ไทรน้อย,เทศบาลตำบลไทรน้อย,34.48
306,2563,ธันวาคม,นนทบุรี,ไทรน้อย,อบต.ทวีวัฒนา,63.0
307,2563,ธันวาคม,นนทบุรี,ไทรน้อย,อบต.หนองเพรางาย,85.07
308,2563,ธันวาคม,นนทบุรี,บางกรวย,เทศบาลเมืองบางกรวย,539.0
309,2563,ธันวาคม,นนทบุรี,บางกรวย,เทศบาลตำบลบางสีทอง,120.0
310,2563,ธันวาคม,นนทบุรี,บางกรวย,เทศบาลตำบลปลายบาง,829.91
311,2563,ธันวาคม,นนทบุรี,บางกรวย,อบต.บางขนุน,181.21
312,2563,ธันวาคม,นนทบุรี,บางกรวย,อบต.บางขุนกอง,164.0
313,2563,ธันวาคม,นนทบุรี,บางกรวย,อบต.มหาสวัสดิ์,1.53
314,2563,ธันวาคม,นนทบุรี,บางบัวทอง,เทศบาลเมืองบางคูรัด,494.91
315,2563,ธันวาคม,นนทบุรี,บางบัวทอง,เทศบาลเมืองบางบัวทอง,454.46
316,2563,ธันวาคม,นนทบุรี,บางบัวทอง,เทศบาลเมืองบางรักพัฒนา,403.34
317,2563,ธันวาคม,นนทบุรี,บางบัวทอง,เทศบาลเมืองใหม่บางบัวทอง,100.0
318,2563,ธันวาคม,นนทบุรี,บางใหญ่,เทศบาลเมืองบางแม่นาง,3.5
319,2563,ธันวาคม,นนทบุรี,บางใหญ่,เทศบาลตำบลบางม่วง,0.85
320,2563,ธันวาคม,นนทบุรี,บางใหญ่,เทศบาลตำบลบางเลน,108.25
321,2563,ธันวาคม,นนทบุรี,บางใหญ่,เทศบาลตำบลบางใหญ่,237.96
322,2563,ธันวาคม,นนทบุรี,บางใหญ่,เทศบาลตำบลบ้านบางม่วง,18.0
323,2563,ธันวาคม,นนทบุรี,บางใหญ่,เทศบาลตำบลเสาธงหิน,0.05
324,2563,ธันวาคม,นนทบุรี,บางใหญ่,อบต.บางใหญ่,0.3
325,2563,ธันวาคม,นนทบุรี,บางใหญ่,อบต.บ้านใหม่,0.4
326,2563,ธันวาคม,นนทบุรี,ปากเกร็ด,เทศบาลนครปากเกร็ด,22.0
327,2563,ธันวาคม,นนทบุรี,ปากเกร็ด,เทศบาลตำบลบางพลับ,190.74
328,2563,ธันวาคม,นนทบุรี,ปากเกร็ด,อบต.คลองพระอุดม,2.0
329,2563,ธันวาคม,นนทบุรี,เมืองนนทบุรี,เทศบาลนครนนทบุรี,3288.0
330,2563,ธันวาคม,นนทบุรี,เมืองนนทบุรี,เทศบาลเมืองบางศรีเมือง,628.94
331,2564,มกราคม,นนทบุรี,ไทรน้อย,เทศบาลตำบลไทรน้อย,33.63
332,2564,มกราคม,นนทบุรี,ไทรน้อย,อบต.ทวีวัฒนา,61.0
333,2564,มกราคม,นนทบุรี,ไทรน้อย,อบต.หนองเพรางาย,80.0
334,2564,มกราคม,นนทบุรี,บางกรวย,เทศบาลเมืองบางกรวย,400.0
335,2564,มกราคม,นนทบุรี,บางกรวย,เทศบาลตำบลบางสีทอง,222.42
336,2564,มกราคม,นนทบุรี,บางกรวย,เทศบาลตำบลปลายบาง,759.86
337,2564,มกราคม,นนทบุรี,บางกรวย,อบต.บางขนุน,180.76
338,2564,มกราคม,นนทบุรี,บางกรวย,อบต.บางขุนกอง,80.0
339,2564,มกราคม,นนทบุรี,บางกรวย,อบต.มหาสวัสดิ์,2.5
340,2564,มกราคม,นนทบุรี,บางบัวทอง,เทศบาลเมืองบางคูรัด,652.47
341,2564,มกราคม,นนทบุรี,บางบัวทอง,เทศบาลเมืองบางบัวทอง,538.31
342,2564,มกราคม,นนทบุรี,บางบัวทอง,เทศบาลเมืองบางรักพัฒนา,426.6
343,2564,มกราคม,นนทบุรี,บางบัวทอง,เทศบาลเมืองใหม่บางบัวทอง,150.0
344,2564,มกราคม,นนทบุรี,บางใหญ่,เทศบาลเมืองบางแม่นาง,3.5
345,2564,มกราคม,นนทบุรี,บางใหญ่,เทศบาลตำบลบางม่วง,0.8
346,2564,มกราคม,นนทบุรี,บางใหญ่,เทศบาลตำบลบางเลน,124.26
347,2564,มกราคม,นนทบุรี,บางใหญ่,เทศบาลตำบลบางใหญ่,217.47
348,2564,มกราคม,นนทบุรี,บางใหญ่,เทศบาลตำบลบ้านบางม่วง,29.32
349,2564,มกราคม,นนทบุรี,บางใหญ่,อบต.บางใหญ่,1.5
350,2564,มกราคม,นนทบุรี,บางใหญ่,อบต.บ้านใหม่,0.5
351,2564,มกราคม,นนทบุรี,ปากเกร็ด,เทศบาลนครปากเกร็ด,22.0
352,2564,มกราคม,นนทบุรี,ปากเกร็ด,เทศบาลตำบลบางพลับ,231.83
353,2564,มกราคม,นนทบุรี,ปากเกร็ด,อบต.เกาะเกร็ด,3.0
354,2564,มกราคม,นนทบุรี,ปากเกร็ด,อบต.คลองพระอุดม,3.0
355,2564,มกราคม,นนทบุรี,ปากเกร็ด,อบต.บางตะไนย์,60.49
356,2564,มกราคม,นนทบุรี,เมืองนนทบุรี,เทศบาลนครนนทบุรี,3346.0
357,2564,มกราคม,นนทบุรี,เมืองนนทบุรี,เทศบาลเมืองบางศรีเมือง,693.36
358,2564,กุมภาพันธ์,นนทบุรี,ไทรน้อย,เทศบาลตำบลไทรน้อย,33.28
359,2564,กุมภาพันธ์,นนทบุรี,ไทรน้อย,อบต.ทวีวัฒนา,57.0
360,2564,กุมภาพันธ์,นนทบุรี,ไทรน้อย,อบต.ราษฎร์นิยม,50.0
361,2564,กุมภาพันธ์,นนทบุรี,ไทรน้อย,อบต.หนองเพรางาย,80.0
362,2564,กุมภาพันธ์,นนทบุรี,บางกรวย,เทศบาลเมืองบางกรวย,590.0
363,2564,กุมภาพันธ์,นนทบุรี,บางกรวย,เทศบาลตำบลบางสีทอง,211.65
364,2564,กุมภาพันธ์,นนทบุรี,บางกรวย,เทศบาลตำบลปลายบาง,2.5
365,2564,กุมภาพันธ์,นนทบุรี,บางกรวย,อบต.บางขนุน,174.69
366,2564,กุมภาพันธ์,นนทบุรี,บางกรวย,อบต.บางขุนกอง,100.0
367,2564,กุมภาพันธ์,นนทบุรี,บางกรวย,อบต.มหาสวัสดิ์,2.5
368,2564,กุมภาพันธ์,นนทบุรี,บางบัวทอง,เทศบาลเมืองบางคูรัด,528.93
369,2564,กุมภาพันธ์,นนทบุรี,บางบัวทอง,เทศบาลเมืองบางบัวทอง,500.0
370,2564,กุมภาพันธ์,นนทบุรี,บางบัวทอง,เทศบาลเมืองบางรักพัฒนา,474.44
371,2564,กุมภาพันธ์,นนทบุรี,บางบัวทอง,เทศบาลเมืองใหม่บางบัวทอง,150.0
372,2564,กุมภาพันธ์,นนทบุรี,บางใหญ่,เทศบาลเมืองบางแม่นาง,3.0
373,2564,กุมภาพันธ์,นนทบุรี,บางใหญ่,เทศบาลตำบลบางม่วง,0.81
374,2564,กุมภาพันธ์,นนทบุรี,บางใหญ่,เทศบาลตำบลบางเลน,116.41
375,2564,กุมภาพันธ์,นนทบุรี,บางใหญ่,เทศบาลตำบลบางใหญ่,190.0
376,2564,กุมภาพันธ์,นนทบุรี,บางใหญ่,เทศบาลตำบลบ้านบางม่วง,219.15
377,2564,กุมภาพันธ์,นนทบุรี,บางใหญ่,เทศบาลตำบลเสาธงหิน,10.0
378,2564,กุมภาพันธ์,นนทบุรี,บางใหญ่,อบต.บางใหญ่,1.5
379,2564,กุมภาพันธ์,นนทบุรี,บางใหญ่,อบต.บ้านใหม่,0.5
380,2564,กุมภาพันธ์,นนทบุรี,ปากเกร็ด,เทศบาลนครปากเกร็ด,22.0
381,2564,กุมภาพันธ์,นนทบุรี,ปากเกร็ด,เทศบาลตำบลบางพลับ,232.98
382,2564,กุมภาพันธ์,นนทบุรี,ปากเกร็ด,อบต.เกาะเกร็ด,3.0
383,2564,กุมภาพันธ์,นนทบุรี,ปากเกร็ด,อบต.คลองพระอุดม,3.0
384,2564,กุมภาพันธ์,นนทบุรี,ปากเกร็ด,อบต.ท่าอิฐ,10.0
385,2564,กุมภาพันธ์,นนทบุรี,ปากเกร็ด,อบต.บางตะไนย์,57.18
386,2564,กุมภาพันธ์,นนทบุรี,เมืองนนทบุรี,เทศบาลนครนนทบุรี,3899.0
387,2564,กุมภาพันธ์,นนทบุรี,เมืองนนทบุรี,เทศบาลเมืองบางศรีเมือง,663.57
388,2564,มีนาคม,นนทบุรี,ไทรน้อย,เทศบาลตำบลไทรน้อย,30.0
389,2564,มีนาคม,นนทบุรี,ไทรน้อย,อบต.ทวีวัฒนา,57.0
390,2564,มีนาคม,นนทบุรี,ไทรน้อย,อบต.หนองเพรางาย,80.0
391,2564,มีนาคม,นนทบุรี,บางกรวย,เทศบาลเมืองบางกรวย,500.0
392,2564,มีนาคม,นนทบุรี,บางกรวย,เทศบาลตำบลบางสีทอง,273.12
393,2564,มีนาคม,นนทบุรี,บางกรวย,เทศบาลตำบลปลายบาง,852.11
394,2564,มีนาคม,นนทบุรี,บางกรวย,อบต.บางขนุน,195.55
395,2564,มีนาคม,นนทบุรี,บางกรวย,อบต.บางขุนกอง,95.0
396,2564,มีนาคม,นนทบุรี,บางกรวย,อบต.มหาสวัสดิ์,2.5
397,2564,มีนาคม,นนทบุรี,บางบัวทอง,เทศบาลเมืองบางคูรัด,470.58
398,2564,มีนาคม,นนทบุรี,บางบัวทอง,เทศบาลเมืองบางบัวทอง,718.46
399,2564,มีนาคม,นนทบุรี,บางบัวทอง,เทศบาลเมืองบางรักพัฒนา,512.35
400,2564,มีนาคม,นนทบุรี,บางบัวทอง,เทศบาลเมืองใหม่บางบัวทอง,110.0
401,2564,มีนาคม,นนทบุรี,บางใหญ่,เทศบาลเมืองบางแม่นาง,3.5
402,2564,มีนาคม,นนทบุรี,บางใหญ่,เทศบาลตำบลบางม่วง,0.77
403,2564,มีนาคม,นนทบุรี,บางใหญ่,เทศบาลตำบลบางเลน,159.03
404,2564,มีนาคม,นนทบุรี,บางใหญ่,เทศบาลตำบลบางใหญ่,136.53
405,2564,มีนาคม,นนทบุรี,บางใหญ่,เทศบาลตำบลบ้านบางม่วง,27.5
406,2564,มีนาคม,นนทบุรี,บางใหญ่,เทศบาลตำบลเสาธงหิน,4.5
407,2564,มีนาคม,นนทบุรี,บางใหญ่,อบต.บางใหญ่,1.5
408,2564,มีนาคม,นนทบุรี,บางใหญ่,อบต.บ้านใหม่,0.5
409,2564,มีนาคม,นนทบุรี,ปากเกร็ด,เทศบาลนครปากเกร็ด,18.0
410,2564,มีนาคม,นนทบุรี,ปากเกร็ด,เทศบาลตำบลบางพลับ,323.5
411,2564,มีนาคม,นนทบุรี,ปากเกร็ด,อบต.เกาะเกร็ด,3.0
412,2564,มีนาคม,นนทบุรี,ปากเกร็ด,อบต.คลองพระอุดม,3.0
413,2564,มีนาคม,นนทบุรี,ปากเกร็ด,อบต.ท่าอิฐ,31.0
414,2564,มีนาคม,นนทบุรี,ปากเกร็ด,อบต.บางตะไนย์,72.37
415,2564,มีนาคม,นนทบุรี,เมืองนนทบุรี,เทศบาลนครนนทบุรี,4050.0
416,2564,มีนาคม,นนทบุรี,เมืองนนทบุรี,เทศบาลเมืองบางศรีเมือง,604.05
417,2564,เมษายน,นนทบุรี,ไทรน้อย,เทศบาลตำบลไทรน้อย,40.6
418,2564,เมษายน,นนทบุรี,ไทรน้อย,อบต.ทวีวัฒนา,69.0
419,2564,เมษายน,นนทบุรี,ไทรน้อย,อบต.หนองเพรางาย,80.0
420,2564,เมษายน,นนทบุรี,บางกรวย,เทศบาลเมืองบางกรวย,400.0
421,2564,เมษายน,นนทบุรี,บางกรวย,เทศบาลตำบลบางสีทอง,264.86
422,2564,เมษายน,นนทบุรี,บางกรวย,เทศบาลตำบลปลายบาง,1043.03
423,2564,เมษายน,นนทบุรี,บางกรวย,อบต.บางขนุน,189.25
424,2564,เมษายน,นนทบุรี,บางกรวย,อบต.บางขุนกอง,85.0
425,2564,เมษายน,นนทบุรี,บางกรวย,อบต.มหาสวัสดิ์,2.25
426,2564,เมษายน,นนทบุรี,บางบัวทอง,เทศบาลเมืองบางคูรัด,662.44
427,2564,เมษายน,นนทบุรี,บางบัวทอง,เทศบาลเมืองบางบัวทอง,571.95
428,2564,เมษายน,นนทบุรี,บางบัวทอง,เทศบาลเมืองบางรักพัฒนา,492.28
429,2564,เมษายน,นนทบุรี,บางบัวทอง,เทศบาลเมืองใหม่บางบัวทอง,150.0
430,2564,เมษายน,นนทบุรี,บางใหญ่,เทศบาลเมืองบางแม่นาง,3.0
431,2564,เมษายน,นนทบุรี,บางใหญ่,เทศบาลตำบลบางม่วง,0.81
432,2564,เมษายน,นนทบุรี,บางใหญ่,เทศบาลตำบลบางเลน,145.81
433,2564,เมษายน,นนทบุรี,บางใหญ่,เทศบาลตำบลบางใหญ่,131.06
434,2564,เมษายน,นนทบุรี,บางใหญ่,เทศบาลตำบลบ้านบางม่วง,29.54
435,2564,เมษายน,นนทบุรี,บางใหญ่,อบต.บางใหญ่,0.2
436,2564,เมษายน,นนทบุรี,บางใหญ่,อบต.บ้านใหม่,0.5
437,2564,เมษายน,นนทบุรี,ปากเกร็ด,เทศบาลนครปากเกร็ด,19.0
438,2564,เมษายน,นนทบุรี,ปากเกร็ด,เทศบาลตำบลบางพลับ,293.71
439,2564,เมษายน,นนทบุรี,ปากเกร็ด,อบต.เกาะเกร็ด,3.0
440,2564,เมษายน,นนทบุรี,ปากเกร็ด,อบต.คลองพระอุดม,3.0
441,2564,เมษายน,นนทบุรี,ปากเกร็ด,อบต.ท่าอิฐ,61.25
442,2564,เมษายน,นนทบุรี,ปากเกร็ด,อบต.บางตะไนย์,64.56
443,2564,เมษายน,นนทบุรี,เมืองนนทบุรี,เทศบาลนครนนทบุรี,3334.0
444,2564,เมษายน,นนทบุรี,เมืองนนทบุรี,เทศบาลเมืองบางกร่าง,17.0
445,2564,เมษายน,นนทบุรี,เมืองนนทบุรี,เทศบาลเมืองบางศรีเมือง,757.1
446,2564,พฤษภาคม,นนทบุรี,ไทรน้อย,เทศบาลตำบลไทรน้อย,30.0
447,2564,พฤษภาคม,นนทบุรี,ไทรน้อย,อบต.ทวีวัฒนา,66.0
448,2564,พฤษภาคม,นนทบุรี,ไทรน้อย,อบต.หนองเพรางาย,80.0
449,2564,พฤษภาคม,นนทบุรี,บางกรวย,เทศบาลเมืองบางกรวย,500.0
450,2564,พฤษภาคม,นนทบุรี,บางกรวย,เทศบาลตำบลบางสีทอง,261.0
451,2564,พฤษภาคม,นนทบุรี,บางกรวย,เทศบาลตำบลปลายบาง,852.11
452,2564,พฤษภาคม,นนทบุรี,บางกรวย,อบต.บางขนุน,197.06
453,2564,พฤษภาคม,นนทบุรี,บางกรวย,อบต.บางขุนกอง,89.0
454,2564,พฤษภาคม,นนทบุรี,บางกรวย,อบต.มหาสวัสดิ์,2.75
455,2564,พฤษภาคม,นนทบุรี,บางบัวทอง,เทศบาลเมืองบางคูรัด,623.59
456,2564,พฤษภาคม,นนทบุรี,บางบัวทอง,เทศบาลเมืองบางบัวทอง,547.59
457,2564,พฤษภาคม,นนทบุรี,บางบัวทอง,เทศบาลเมืองบางรักพัฒนา,493.52
458,2564,พฤษภาคม,นนทบุรี,บางบัวทอง,เทศบาลเมืองใหม่บางบัวทอง,110.0
459,2564,พฤษภาคม,นนทบุรี,บางใหญ่,เทศบาลเมืองบางแม่นาง,3.5
460,2564,พฤษภาคม,นนทบุรี,บางใหญ่,เทศบาลตำบลบางม่วง,0.74
461,2564,พฤษภาคม,นนทบุรี,บางใหญ่,เทศบาลตำบลบางเลน,138.77
462,2564,พฤษภาคม,นนทบุรี,บางใหญ่,เทศบาลตำบลบางใหญ่,129.04
463,2564,พฤษภาคม,นนทบุรี,บางใหญ่,เทศบาลตำบลบ้านบางม่วง,25.23
464,2564,พฤษภาคม,นนทบุรี,บางใหญ่,อบต.บางใหญ่,0.5
465,2564,พฤษภาคม,นนทบุรี,บางใหญ่,อบต.บ้านใหม่,0.5
466,2564,พฤษภาคม,นนทบุรี,ปากเกร็ด,เทศบาลนครปากเกร็ด,22.0
467,2564,พฤษภาคม,นนทบุรี,ปากเกร็ด,เทศบาลตำบลบางพลับ,256.42
468,2564,พฤษภาคม,นนทบุรี,ปากเกร็ด,อบต.เกาะเกร็ด,2.0
469,2564,พฤษภาคม,นนทบุรี,ปากเกร็ด,อบต.คลองพระอุดม,3.0
470,2564,พฤษภาคม,นนทบุรี,ปากเกร็ด,อบต.ท่าอิฐ,46.5
471,2564,พฤษภาคม,นนทบุรี,ปากเกร็ด,อบต.บางตะไนย์,54.23
472,2564,พฤษภาคม,นนทบุรี,เมืองนนทบุรี,เทศบาลนครนนทบุรี,3198.0
473,2564,พฤษภาคม,นนทบุรี,เมืองนนทบุรี,เทศบาลเมืองบางศรีเมือง,763.4
474,2564,มิถุนายน,นนทบุรี,ไทรน้อย,เทศบาลตำบลไทรน้อย,39.27
475,2564,มิถุนายน,นนทบุรี,ไทรน้อย,อบต.ทวีวัฒนา,63.0
476,2564,มิถุนายน,นนทบุรี,ไทรน้อย,อบต.หนองเพรางาย,80.0
477,2564,มิถุนายน,นนทบุรี,บางกรวย,เทศบาลเมืองบางกรวย,500.0
478,2564,มิถุนายน,นนทบุรี,บางกรวย,เทศบาลตำบลบางสีทอง,248.97
479,2564,มิถุนายน,นนทบุรี,บางกรวย,เทศบาลตำบลปลายบาง,1009.0
480,2564,มิถุนายน,นนทบุรี,บางกรวย,อบต.บางขนุน,190.61
481,2564,มิถุนายน,นนทบุรี,บางกรวย,อบต.บางขุนกอง,89.0
482,2564,มิถุนายน,นนทบุรี,บางกรวย,อบต.มหาสวัสดิ์,2.69
483,2564,มิถุนายน,นนทบุรี,บางบัวทอง,เทศบาลเมืองบางคูรัด,611.7
484,2564,มิถุนายน,นนทบุรี,บางบัวทอง,เทศบาลเมืองบางบัวทอง,629.54
485,2564,มิถุนายน,นนทบุรี,บางบัวทอง,เทศบาลเมืองบางรักพัฒนา,469.29
486,2564,มิถุนายน,นนทบุรี,บางบัวทอง,เทศบาลเมืองใหม่บางบัวทอง,100.0
487,2564,มิถุนายน,นนทบุรี,บางใหญ่,เทศบาลเมืองบางแม่นาง,4.5
488,2564,มิถุนายน,นนทบุรี,บางใหญ่,เทศบาลตำบลบางม่วง,0.81
489,2564,มิถุนายน,นนทบุรี,บางใหญ่,เทศบาลตำบลบางเลน,127.1
490,2564,มิถุนายน,นนทบุรี,บางใหญ่,เทศบาลตำบลบางใหญ่,127.03
491,2564,มิถุนายน,นนทบุรี,บางใหญ่,เทศบาลตำบลบ้านบางม่วง,25.23
492,2564,มิถุนายน,นนทบุรี,บางใหญ่,เทศบาลตำบลเสาธงหิน,3.3
493,2564,มิถุนายน,นนทบุรี,บางใหญ่,อบต.บางใหญ่,0.5
494,2564,มิถุนายน,นนทบุรี,บางใหญ่,อบต.บ้านใหม่,0.5
495,2564,มิถุนายน,นนทบุรี,ปากเกร็ด,เทศบาลนครปากเกร็ด,18.0
496,2564,มิถุนายน,นนทบุรี,ปากเกร็ด,เทศบาลตำบลบางพลับ,248.46
497,2564,มิถุนายน,นนทบุรี,ปากเกร็ด,อบต.เกาะเกร็ด,3.0
498,2564,มิถุนายน,นนทบุรี,ปากเกร็ด,อบต.คลองพระอุดม,3.0
499,2564,มิถุนายน,นนทบุรี,ปากเกร็ด,อบต.ท่าอิฐ,55.0
500,2564,มิถุนายน,นนทบุรี,ปากเกร็ด,อบต.บางตะไนย์,57.25
501,2564,มิถุนายน,นนทบุรี,เมืองนนทบุรี,เทศบาลนครนนทบุรี,2922.39
502,2564,มิถุนายน,นนทบุรี,เมืองนนทบุรี,เทศบาลเมืองบางศรีเมือง,728.17
503,2564,กรกฎาคม,นนทบุรี,ไทรน้อย,เทศบาลตำบลไทรน้อย,39.27
504,2564,กรกฎาคม,นนทบุรี,ไทรน้อย,อบต.ทวีวัฒนา,65.0
505,2564,กรกฎาคม,นนทบุรี,ไทรน้อย,อบต.หนองเพรางาย,80.0
506,2564,กรกฎาคม,นนทบุรี,บางกรวย,เทศบาลเมืองบางกรวย,500.0
507,2564,กรกฎาคม,นนทบุรี,บางกรวย,เทศบาลตำบลบางสีทอง,261.0
508,2564,กรกฎาคม,นนทบุรี,บางกรวย,เทศบาลตำบลปลายบาง,1009.0
509,2564,กรกฎาคม,นนทบุรี,บางกรวย,อบต.บางขนุน,183.98
510,2564,กรกฎาคม,นนทบุรี,บางกรวย,อบต.บางขุนกอง,89.0
511,2564,กรกฎาคม,นนทบุรี,บางกรวย,อบต.มหาสวัสดิ์,2.7
512,2564,กรกฎาคม,นนทบุรี,บางบัวทอง,เทศบาลเมืองบางคูรัด,590.69
513,2564,กรกฎาคม,นนทบุรี,บางบัวทอง,เทศบาลเมืองบางบัวทอง,539.46
514,2564,กรกฎาคม,นนทบุรี,บางบัวทอง,เทศบาลเมืองบางรักพัฒนา,481.13
515,2564,กรกฎาคม,นนทบุรี,บางบัวทอง,เทศบาลเมืองใหม่บางบัวทอง,140.0
516,2564,กรกฎาคม,นนทบุรี,บางใหญ่,เทศบาลเมืองบางแม่นาง,3.5
517,2564,กรกฎาคม,นนทบุรี,บางใหญ่,เทศบาลตำบลบางม่วง,0.74
518,2564,กรกฎาคม,นนทบุรี,บางใหญ่,เทศบาลตำบลบางเลน,130.75
519,2564,กรกฎาคม,นนทบุรี,บางใหญ่,เทศบาลตำบลบางใหญ่,250.0
520,2564,กรกฎาคม,นนทบุรี,บางใหญ่,เทศบาลตำบลบ้านบางม่วง,21.3
521,2564,กรกฎาคม,นนทบุรี,บางใหญ่,เทศบาลตำบลเสาธงหิน,0.18
522,2564,กรกฎาคม,นนทบุรี,บางใหญ่,อบต.บางใหญ่,0.5
523,2564,กรกฎาคม,นนทบุรี,บางใหญ่,อบต.บ้านใหม่,0.5
524,2564,กรกฎาคม,นนทบุรี,ปากเกร็ด,เทศบาลนครปากเกร็ด,18.0
525,2564,กรกฎาคม,นนทบุรี,ปากเกร็ด,เทศบาลตำบลบางพลับ,246.13
526,2564,กรกฎาคม,นนทบุรี,ปากเกร็ด,อบต.เกาะเกร็ด,3.0
527,2564,กรกฎาคม,นนทบุรี,ปากเกร็ด,อบต.คลองพระอุดม,3.0
528,2564,กรกฎาคม,นนทบุรี,ปากเกร็ด,อบต.ท่าอิฐ,48.25
529,2564,กรกฎาคม,นนทบุรี,ปากเกร็ด,อบต.บางตะไนย์,56.55
530,2564,กรกฎาคม,นนทบุรี,เมืองนนทบุรี,เทศบาลนครนนทบุรี,3111.0
531,2564,กรกฎาคม,นนทบุรี,เมืองนนทบุรี,เทศบาลเมืองบางศรีเมือง,762.24
532,2564,สิงหาคม,นนทบุรี,ไทรน้อย,เทศบาลตำบลไทรน้อย,39.27
533,2564,สิงหาคม,นนทบุรี,ไทรน้อย,อบต.ทวีวัฒนา,68.0
534,2564,สิงหาคม,นนทบุรี,ไทรน้อย,อบต.หนองเพรางาย,100.0
535,2564,สิงหาคม,นนทบุรี,บางกรวย,เทศบาลเมืองบางกรวย,300.0
536,2564,สิงหาคม,นนทบุรี,บางกรวย,เทศบาลตำบลบางสีทอง,179.88
537,2564,สิงหาคม,นนทบุรี,บางกรวย,เทศบาลตำบลปลายบาง,1009.0
538,2564,สิงหาคม,นนทบุรี,บางกรวย,อบต.บางขนุน,183.56
539,2564,สิงหาคม,นนทบุรี,บางกรวย,อบต.บางขุนกอง,89.0
540,2564,สิงหาคม,นนทบุรี,บางกรวย,อบต.มหาสวัสดิ์,2.92
541,2564,สิงหาคม,นนทบุรี,บางบัวทอง,เทศบาลเมืองบางคูรัด,602.34
542,2564,สิงหาคม,นนทบุรี,บางบัวทอง,เทศบาลเมืองบางบัวทอง,632.18
543,2564,สิงหาคม,นนทบุรี,บางบัวทอง,เทศบาลเมืองบางรักพัฒนา,400.0
544,2564,สิงหาคม,นนทบุรี,บางบัวทอง,เทศบาลเมืองใหม่บางบัวทอง,100.0
545,2564,สิงหาคม,นนทบุรี,บางใหญ่,เทศบาลเมืองบางแม่นาง,4.0
546,2564,สิงหาคม,นนทบุรี,บางใหญ่,เทศบาลตำบลบางม่วง,0.62
547,2564,สิงหาคม,นนทบุรี,บางใหญ่,เทศบาลตำบลบางเลน,137.12
548,2564,สิงหาคม,นนทบุรี,บางใหญ่,เทศบาลตำบลบางใหญ่,250.0
549,2564,สิงหาคม,นนทบุรี,บางใหญ่,เทศบาลตำบลบ้านบางม่วง,28.0
550,2564,สิงหาคม,นนทบุรี,บางใหญ่,เทศบาลตำบลเสาธงหิน,2.31
551,2564,สิงหาคม,นนทบุรี,บางใหญ่,อบต.บางใหญ่,0.5
552,2564,สิงหาคม,นนทบุรี,บางใหญ่,อบต.บ้านใหม่,5.9
553,2564,สิงหาคม,นนทบุรี,ปากเกร็ด,เทศบาลนครปากเกร็ด,18.0
554,2564,สิงหาคม,นนทบุรี,ปากเกร็ด,เทศบาลตำบลบางพลับ,263.5
555,2564,สิงหาคม,นนทบุรี,ปากเกร็ด,อบต.เกาะเกร็ด,1.0
556,2564,สิงหาคม,นนทบุรี,ปากเกร็ด,อบต.คลองพระอุดม,3.0
557,2564,สิงหาคม,นนทบุรี,ปากเกร็ด,อบต.ท่าอิฐ,75.25
558,2564,สิงหาคม,นนทบุรี,ปากเกร็ด,อบต.บางตะไนย์,60.07
559,2564,สิงหาคม,นนทบุรี,เมืองนนทบุรี,เทศบาลนครนนทบุรี,3422.0
560,2564,สิงหาคม,นนทบุรี,เมืองนนทบุรี,เทศบาลเมืองบางศรีเมือง,769.56
561,2564,กันยายน,นนทบุรี,ไทรน้อย,เทศบาลตำบลไทรน้อย,41.7
562,2564,กันยายน,นนทบุรี,ไทรน้อย,อบต.ทวีวัฒนา,67.0
563,2564,กันยายน,นนทบุรี,ไทรน้อย,อบต.หนองเพรางาย,80.0
564,2564,กันยายน,นนทบุรี,บางกรวย,เทศบาลเมืองบางกรวย,500.0
565,2564,กันยายน,นนทบุรี,บางกรวย,เทศบาลตำบลบางสีทอง,266.71
566,2564,กันยายน,นนทบุรี,บางกรวย,เทศบาลตำบลปลายบาง,20.0
567,2564,กันยายน,นนทบุรี,บางกรวย,อบต.บางขนุน,195.71
568,2564,กันยายน,นนทบุรี,บางกรวย,อบต.บางขุนกอง,397.67
569,2564,กันยายน,นนทบุรี,บางกรวย,อบต.มหาสวัสดิ์,2.75
570,2564,กันยายน,นนทบุรี,บางบัวทอง,เทศบาลเมืองบางคูรัด,622.77
571,2564,กันยายน,นนทบุรี,บางบัวทอง,เทศบาลเมืองบางบัวทอง,627.53
572,2564,กันยายน,นนทบุรี,บางบัวทอง,เทศบาลเมืองบางรักพัฒนา,469.37
573,2564,กันยายน,นนทบุรี,บางบัวทอง,เทศบาลเมืองใหม่บางบัวทอง,130.0
574,2564,กันยายน,นนทบุรี,บางใหญ่,เทศบาลเมืองบางแม่นาง,3.0
575,2564,กันยายน,นนทบุรี,บางใหญ่,เทศบาลตำบลบางม่วง,0.81
576,2564,กันยายน,นนทบุรี,บางใหญ่,เทศบาลตำบลบางเลน,131.51
577,2564,กันยายน,นนทบุรี,บางใหญ่,เทศบาลตำบลบางใหญ่,250.7
578,2564,กันยายน,นนทบุรี,บางใหญ่,เทศบาลตำบลบ้านบางม่วง,20.0
579,2564,กันยายน,นนทบุรี,บางใหญ่,เทศบาลตำบลเสาธงหิน,2.42
580,2564,กันยายน,นนทบุรี,บางใหญ่,อบต.บางใหญ่,0.3
581,2564,กันยายน,นนทบุรี,บางใหญ่,อบต.บ้านใหม่,0.5
582,2564,กันยายน,นนทบุรี,ปากเกร็ด,เทศบาลนครปากเกร็ด,18.0
583,2564,กันยายน,นนทบุรี,ปากเกร็ด,เทศบาลตำบลบางพลับ,264.11
584,2564,กันยายน,นนทบุรี,ปากเกร็ด,อบต.เกาะเกร็ด,2.0
585,2564,กันยายน,นนทบุรี,ปากเกร็ด,อบต.คลองพระอุดม,3.0
586,2564,กันยายน,นนทบุรี,ปากเกร็ด,อบต.ท่าอิฐ,32.5
587,2564,กันยายน,นนทบุรี,ปากเกร็ด,อบต.บางตะไนย์,57.18
588,2564,กันยายน,นนทบุรี,เมืองนนทบุรี,เทศบาลนครนนทบุรี,3365.0
589,2564,กันยายน,นนทบุรี,เมืองนนทบุรี,เทศบาลเมืองบางศรีเมือง,744.5
590,2564,ตุลาคม,นนทบุรี,ไทรน้อย,อบต.ทวีวัฒนา,64.0
591,2564,ตุลาคม,นนทบุรี,ไทรน้อย,อบต.ราษฎร์นิยม,641.06
592,2564,ตุลาคม,นนทบุรี,ไทรน้อย,อบต.หนองเพรางาย,100.0
593,2564,ตุลาคม,นนทบุรี,บางกรวย,เทศบาลเมืองบางกรวย,450.0
594,2564,ตุลาคม,นนทบุรี,บางกรวย,เทศบาลตำบลบางสีทอง,264.32
595,2564,ตุลาคม,นนทบุรี,บางกรวย,เทศบาลตำบลปลายบาง,65.19
596,2564,ตุลาคม,นนทบุรี,บางกรวย,อบต.บางขนุน,200.22
597,2564,ตุลาคม,นนทบุรี,บางกรวย,อบต.บางขุนกอง,90.0
598,2564,ตุลาคม,นนทบุรี,บางกรวย,อบต.มหาสวัสดิ์,2.15
599,2564,ตุลาคม,นนทบุรี,บางบัวทอง,เทศบาลเมืองบางคูรัด,624.7
600,2564,ตุลาคม,นนทบุรี,บางบัวทอง,เทศบาลเมืองบางบัวทอง,568.54
601,2564,ตุลาคม,นนทบุรี,บางบัวทอง,เทศบาลเมืองบางรักพัฒนา,482.47
602,2564,ตุลาคม,นนทบุรี,บางบัวทอง,เทศบาลเมืองใหม่บางบัวทอง,180.0
603,2564,ตุลาคม,นนทบุรี,บางใหญ่,เทศบาลเมืองบางแม่นาง,3.5
604,2564,ตุลาคม,นนทบุรี,บางใหญ่,เทศบาลตำบลบางม่วง,0.85
605,2564,ตุลาคม,นนทบุรี,บางใหญ่,เทศบาลตำบลบางเลน,150.77
606,2564,ตุลาคม,นนทบุรี,บางใหญ่,เทศบาลตำบลบางใหญ่,248.51
607,2564,ตุลาคม,นนทบุรี,บางใหญ่,เทศบาลตำบลบ้านบางม่วง,27.0
608,2564,ตุลาคม,นนทบุรี,บางใหญ่,เทศบาลตำบลเสาธงหิน,8.33
609,2564,ตุลาคม,นนทบุรี,บางใหญ่,อบต.บางใหญ่,0.2
610,2564,ตุลาคม,นนทบุรี,บางใหญ่,อบต.บ้านใหม่,0.5
611,2564,ตุลาคม,นนทบุรี,ปากเกร็ด,เทศบาลนครปากเกร็ด,18.0
612,2564,ตุลาคม,นนทบุรี,ปากเกร็ด,เทศบาลตำบลบางพลับ,296.51
613,2564,ตุลาคม,นนทบุรี,ปากเกร็ด,อบต.เกาะเกร็ด,3.0
614,2564,ตุลาคม,นนทบุรี,ปากเกร็ด,อบต.คลองพระอุดม,3.0
615,2564,ตุลาคม,นนทบุรี,ปากเกร็ด,อบต.บางตะไนย์,74.75
616,2564,ตุลาคม,นนทบุรี,เมืองนนทบุรี,เทศบาลนครนนทบุรี,3918.0
617,2564,ตุลาคม,นนทบุรี,เมืองนนทบุรี,เทศบาลเมืองบางศรีเมือง,758.94
618,2564,พฤศจิกายน,นนทบุรี,ไทรน้อย,เทศบาลตำบลไทรน้อย,39.72
619,2564,พฤศจิกายน,นนทบุรี,ไทรน้อย,อบต.ทวีวัฒนา,65.0
620,2564,พฤศจิกายน,นนทบุรี,ไทรน้อย,อบต.ราษฎร์นิยม,572.84
621,2564,พฤศจิกายน,นนทบุรี,ไทรน้อย,อบต.หนองเพรางาย,100.0
622,2564,พฤศจิกายน,นนทบุรี,บางกรวย,เทศบาลเมืองบางกรวย,300.0
623,2564,พฤศจิกายน,นนทบุรี,บางกรวย,เทศบาลตำบลบางสีทอง,250.0
624,2564,พฤศจิกายน,นนทบุรี,บางกรวย,เทศบาลตำบลปลายบาง,929.06
625,2564,พฤศจิกายน,นนทบุรี,บางกรวย,อบต.บางขนุน,178.96
626,2564,พฤศจิกายน,นนทบุรี,บางกรวย,อบต.บางขุนกอง,80.0
627,2564,พฤศจิกายน,นนทบุรี,บางกรวย,อบต.มหาสวัสดิ์,2.25
628,2564,พฤศจิกายน,นนทบุรี,บางบัวทอง,เทศบาลเมืองบางคูรัด,607.55
629,2564,พฤศจิกายน,นนทบุรี,บางบัวทอง,เทศบาลเมืองบางบัวทอง,469.35
630,2564,พฤศจิกายน,นนทบุรี,บางบัวทอง,เทศบาลเมืองบางรักพัฒนา,454.94
631,2564,พฤศจิกายน,นนทบุรี,บางบัวทอง,เทศบาลเมืองใหม่บางบัวทอง,150.0
632,2564,พฤศจิกายน,นนทบุรี,บางใหญ่,เทศบาลเมืองบางแม่นาง,3.0
633,2564,พฤศจิกายน,นนทบุรี,บางใหญ่,เทศบาลตำบลบางม่วง,0.8
634,2564,พฤศจิกายน,นนทบุรี,บางใหญ่,เทศบาลตำบลบางเลน,151.85
635,2564,พฤศจิกายน,นนทบุรี,บางใหญ่,เทศบาลตำบลบางใหญ่,233.04
636,2564,พฤศจิกายน,นนทบุรี,บางใหญ่,เทศบาลตำบลบ้านบางม่วง,27.5
637,2564,พฤศจิกายน,นนทบุรี,บางใหญ่,เทศบาลตำบลเสาธงหิน,0.13
638,2564,พฤศจิกายน,นนทบุรี,บางใหญ่,อบต.บางใหญ่,1.5
639,2564,พฤศจิกายน,นนทบุรี,บางใหญ่,อบต.บ้านใหม่,0.5
640,2564,พฤศจิกายน,นนทบุรี,ปากเกร็ด,เทศบาลนครปากเกร็ด,18.0
641,2564,พฤศจิกายน,นนทบุรี,ปากเกร็ด,เทศบาลตำบลบางพลับ,273.57
642,2564,พฤศจิกายน,นนทบุรี,ปากเกร็ด,อบต.เกาะเกร็ด,3.0
643,2564,พฤศจิกายน,นนทบุรี,ปากเกร็ด,อบต.คลองพระอุดม,3.0
644,2564,พฤศจิกายน,นนทบุรี,ปากเกร็ด,อบต.บางตะไนย์,71.46
645,2564,พฤศจิกายน,นนทบุรี,เมืองนนทบุรี,เทศบาลนครนนทบุรี,3636.0
646,2564,พฤศจิกายน,นนทบุรี,เมืองนนทบุรี,เทศบาลเมืองบางศรีเมือง,709.21
647,2564,ธันวาคม,นนทบุรี,ไทรน้อย,เทศบาลตำบลไทรน้อย,39.27
648,2564,ธันวาคม,นนทบุรี,ไทรน้อย,อบต.ทวีวัฒนา,68.0
649,2564,ธันวาคม,นนทบุรี,ไทรน้อย,อบต.ราษฎร์นิยม,30.0
650,2564,ธันวาคม,นนทบุรี,ไทรน้อย,อบต.หนองเพรางาย,100.0
651,2564,ธันวาคม,นนทบุรี,บางกรวย,เทศบาลเมืองบางกรวย,590.0
652,2564,ธันวาคม,นนทบุรี,บางกรวย,เทศบาลตำบลบางสีทอง,272.21
653,2564,ธันวาคม,นนทบุรี,บางกรวย,เทศบาลตำบลปลายบาง,1009.0
654,2564,ธันวาคม,นนทบุรี,บางกรวย,อบต.บางขนุน,182.47
655,2564,ธันวาคม,นนทบุรี,บางกรวย,อบต.บางขุนกอง,100.0
656,2564,ธันวาคม,นนทบุรี,บางกรวย,อบต.มหาสวัสดิ์,2.15
657,2564,ธันวาคม,นนทบุรี,บางบัวทอง,เทศบาลเมืองบางคูรัด,599.89
658,2564,ธันวาคม,นนทบุรี,บางบัวทอง,เทศบาลเมืองบางบัวทอง,618.35
659,2564,ธันวาคม,นนทบุรี,บางบัวทอง,เทศบาลเมืองบางรักพัฒนา,474.44
660,2564,ธันวาคม,นนทบุรี,บางบัวทอง,เทศบาลเมืองใหม่บางบัวทอง,50.0
661,2564,ธันวาคม,นนทบุรี,บางใหญ่,เทศบาลเมืองบางแม่นาง,5.0
662,2564,ธันวาคม,นนทบุรี,บางใหญ่,เทศบาลตำบลบางม่วง,0.82
663,2564,ธันวาคม,นนทบุรี,บางใหญ่,เทศบาลตำบลบางเลน,162.52
664,2564,ธันวาคม,นนทบุรี,บางใหญ่,เทศบาลตำบลบางใหญ่,250.0
665,2564,ธันวาคม,นนทบุรี,บางใหญ่,เทศบาลตำบลบ้านบางม่วง,28.0
666,2564,ธันวาคม,นนทบุรี,บางใหญ่,เทศบาลตำบลเสาธงหิน,2.14
667,2564,ธันวาคม,นนทบุรี,บางใหญ่,อบต.บางใหญ่,0.5
668,2564,ธันวาคม,นนทบุรี,บางใหญ่,อบต.บ้านใหม่,0.5
669,2564,ธันวาคม,นนทบุรี,ปากเกร็ด,เทศบาลนครปากเกร็ด,18.0
670,2564,ธันวาคม,นนทบุรี,ปากเกร็ด,เทศบาลตำบลบางพลับ,293.01
671,2564,ธันวาคม,นนทบุรี,ปากเกร็ด,อบต.เกาะเกร็ด,5.0
672,2564,ธันวาคม,นนทบุรี,ปากเกร็ด,อบต.คลองพระอุดม,3.0
673,2564,ธันวาคม,นนทบุรี,ปากเกร็ด,อบต.บางตะไนย์,59.69
674,2564,ธันวาคม,นนทบุรี,เมืองนนทบุรี,เทศบาลนครนนทบุรี,3899.0
675,2564,ธันวาคม,นนทบุรี,เมืองนนทบุรี,เทศบาลเมืองบางศรีเมือง,753.96
676,2565,มกราคม,นนทบุรี,ไทรน้อย,อบต.ขุนศรี,0.06
677,2565,มกราคม,นนทบุรี,ไทรน้อย,อบต.ทวีวัฒนา,53.0
678,2565,มกราคม,นนทบุรี,ไทรน้อย,อบต.ราษฎร์นิยม,615.91
679,2565,มกราคม,นนทบุรี,ไทรน้อย,อบต.หนองเพรางาย,80.0
680,2565,มกราคม,นนทบุรี,บางกรวย,เทศบาลเมืองบางกรวย,100.0
681,2565,มกราคม,นนทบุรี,บางกรวย,เทศบาลตำบลบางสีทอง,232.26
682,2565,มกราคม,นนทบุรี,บางกรวย,เทศบาลตำบลปลายบาง,222.63
683,2565,มกราคม,นนทบุรี,บางกรวย,อบต.บางขนุน,186.64
684,2565,มกราคม,นนทบุรี,บางกรวย,อบต.บางขุนกอง,55.0
685,2565,มกราคม,นนทบุรี,บางกรวย,อบต.มหาสวัสดิ์,2.75
686,2565,มกราคม,นนทบุรี,บางบัวทอง,เทศบาลเมืองบางคูรัด,600.85
687,2565,มกราคม,นนทบุรี,บางบัวทอง,เทศบาลเมืองบางบัวทอง,6.8
688,2565,มกราคม,นนทบุรี,บางบัวทอง,เทศบาลเมืองใหม่บางบัวทอง,130.0
689,2565,มกราคม,นนทบุรี,บางใหญ่,เทศบาลเมืองบางแม่นาง,4.0
690,2565,มกราคม,นนทบุรี,บางใหญ่,เทศบาลตำบลบางม่วง,0.5
691,2565,มกราคม,นนทบุรี,บางใหญ่,เทศบาลตำบลบางเลน,0.15
692,2565,มกราคม,นนทบุรี,บางใหญ่,เทศบาลตำบลบางใหญ่,2.47
693,2565,มกราคม,นนทบุรี,บางใหญ่,เทศบาลตำบลเสาธงหิน,2.21
694,2565,มกราคม,นนทบุรี,บางใหญ่,อบต.บางใหญ่,0.5
695,2565,มกราคม,นนทบุรี,บางใหญ่,อบต.บ้านใหม่,6.0
696,2565,มกราคม,นนทบุรี,ปากเกร็ด,เทศบาลนครปากเกร็ด,0.52
697,2565,มกราคม,นนทบุรี,ปากเกร็ด,เทศบาลตำบลบางพลับ,0.1
698,2565,มกราคม,นนทบุรี,ปากเกร็ด,อบต.เกาะเกร็ด,0.58
699,2565,มกราคม,นนทบุรี,ปากเกร็ด,อบต.คลองพระอุดม,3.0
700,2565,มกราคม,นนทบุรี,ปากเกร็ด,อบต.ท่าอิฐ,39.75
701,2565,มกราคม,นนทบุรี,ปากเกร็ด,อบต.บางตะไนย์,0.5
702,2565,มกราคม,นนทบุรี,เมืองนนทบุรี,เทศบาลนครนนทบุรี,60.92
703,2565,มกราคม,นนทบุรี,เมืองนนทบุรี,เทศบาลเมืองบางกร่าง,17.0
704,2565,มกราคม,นนทบุรี,เมืองนนทบุรี,เทศบาลเมืองบางศรีเมือง,666.47
705,2565,กุมภาพันธ์,นนทบุรี,ไทรน้อย,อบต.ขุนศรี,0.06
706,2565,กุมภาพันธ์,นนทบุรี,ไทรน้อย,อบต.ทวีวัฒนา,20.2
707,2565,กุมภาพันธ์,นนทบุรี,ไทรน้อย,อบต.หนองเพรางาย,80.0
708,2565,กุมภาพันธ์,นนทบุรี,บางกรวย,เทศบาลเมืองบางกรวย,50.0
709,2565,กุมภาพันธ์,นนทบุรี,บางกรวย,เทศบาลตำบลบางสีทอง,239.26
710,2565,กุมภาพันธ์,นนทบุรี,บางกรวย,เทศบาลตำบลปลายบาง,136.56
711,2565,กุมภาพันธ์,นนทบุรี,บางกรวย,อบต.บางขุนกอง,89.0
712,2565,กุมภาพันธ์,นนทบุรี,บางกรวย,อบต.มหาสวัสดิ์,2.75
713,2565,กุมภาพันธ์,นนทบุรี,บางบัวทอง,เทศบาลเมืองบางคูรัด,566.03
714,2565,กุมภาพันธ์,นนทบุรี,บางบัวทอง,เทศบาลเมืองบางบัวทอง,6.8
715,2565,กุมภาพันธ์,นนทบุรี,บางบัวทอง,เทศบาลเมืองใหม่บางบัวทอง,150.0
716,2565,กุมภาพันธ์,นนทบุรี,บางใหญ่,เทศบาลเมืองบางแม่นาง,3.5
717,2565,กุมภาพันธ์,นนทบุรี,บางใหญ่,เทศบาลตำบลบางม่วง,0.59
718,2565,กุมภาพันธ์,นนทบุรี,บางใหญ่,เทศบาลตำบลบางเลน,0.87
719,2565,กุมภาพันธ์,นนทบุรี,บางใหญ่,เทศบาลตำบลบางใหญ่,2.4
720,2565,กุมภาพันธ์,นนทบุรี,บางใหญ่,เทศบาลตำบลเสาธงหิน,2.09
721,2565,กุมภาพันธ์,นนทบุรี,บางใหญ่,อบต.บ้านใหม่,0.3
722,2565,กุมภาพันธ์,นนทบุรี,ปากเกร็ด,เทศบาลนครปากเกร็ด,0.42
723,2565,กุมภาพันธ์,นนทบุรี,ปากเกร็ด,เทศบาลตำบลบางพลับ,0.05
724,2565,กุมภาพันธ์,นนทบุรี,ปากเกร็ด,อบต.เกาะเกร็ด,0.59
725,2565,กุมภาพันธ์,นนทบุรี,ปากเกร็ด,อบต.คลองพระอุดม,3.0
726,2565,กุมภาพันธ์,นนทบุรี,ปากเกร็ด,อบต.ท่าอิฐ,65.75
727,2565,กุมภาพันธ์,นนทบุรี,ปากเกร็ด,อบต.บางตะไนย์,0.03
728,2565,กุมภาพันธ์,นนทบุรี,เมืองนนทบุรี,เทศบาลนครนนทบุรี,61.23
729,2565,กุมภาพันธ์,นนทบุรี,เมืองนนทบุรี,เทศบาลเมืองบางกร่าง,18.0
730,2565,กุมภาพันธ์,นนทบุรี,เมืองนนทบุรี,เทศบาลเมืองบางศรีเมือง,631.27
731,2565,มีนาคม,นนทบุรี,ไทรน้อย,อบต.ขุนศรี,0.06
732,2565,มีนาคม,นนทบุรี,ไทรน้อย,อบต.ทวีวัฒนา,40.0
733,2565,มีนาคม,นนทบุรี,ไทรน้อย,อบต.หนองเพรางาย,80.0
734,2565,มีนาคม,นนทบุรี,บางกรวย,เทศบาลเมืองบางกรวย,50.0
735,2565,มีนาคม,นนทบุรี,บางกรวย,เทศบาลตำบลบางสีทอง,259.23
736,2565,มีนาคม,นนทบุรี,บางกรวย,เทศบาลตำบลปลายบาง,161.82
737,2565,มีนาคม,นนทบุรี,บางกรวย,อบต.มหาสวัสดิ์,2.75
738,2565,มีนาคม,นนทบุรี,บางบัวทอง,เทศบาลเมืองบางคูรัด,566.03
739,2565,มีนาคม,นนทบุรี,บางบัวทอง,เทศบาลเมืองบางบัวทอง,6.37
740,2565,มีนาคม,นนทบุรี,บางบัวทอง,เทศบาลเมืองใหม่บางบัวทอง,150.0
741,2565,มีนาคม,นนทบุรี,บางใหญ่,เทศบาลเมืองบางแม่นาง,4.0
742,2565,มีนาคม,นนทบุรี,บางใหญ่,เทศบาลตำบลบางม่วง,0.48
743,2565,มีนาคม,นนทบุรี,บางใหญ่,เทศบาลตำบลบางเลน,0.29
744,2565,มีนาคม,นนทบุรี,บางใหญ่,เทศบาลตำบลบางใหญ่,27.33
745,2565,มีนาคม,นนทบุรี,บางใหญ่,เทศบาลตำบลเสาธงหิน,4.5
746,2565,มีนาคม,นนทบุรี,บางใหญ่,อบต.บางใหญ่,0.3
747,2565,มีนาคม,นนทบุรี,บางใหญ่,อบต.บ้านใหม่,5.9
748,2565,มีนาคม,นนทบุรี,ปากเกร็ด,เทศบาลนครปากเกร็ด,0.42
749,2565,มีนาคม,นนทบุรี,ปากเกร็ด,เทศบาลตำบลบางพลับ,0.04
750,2565,มีนาคม,นนทบุรี,ปากเกร็ด,อบต.เกาะเกร็ด,4.0
751,2565,มีนาคม,นนทบุรี,ปากเกร็ด,อบต.คลองพระอุดม,3.0
752,2565,มีนาคม,นนทบุรี,ปากเกร็ด,อบต.ท่าอิฐ,35.0
753,2565,มีนาคม,นนทบุรี,ปากเกร็ด,อบต.บางตะไนย์,2.0
754,2565,มีนาคม,นนทบุรี,เมืองนนทบุรี,เทศบาลนครนนทบุรี,0.71
755,2565,มีนาคม,นนทบุรี,เมืองนนทบุรี,เทศบาลเมืองบางศรีเมือง,703.68
756,2565,เมษายน,นนทบุรี,ไทรน้อย,อบต.ขุนศรี,0.06
757,2565,เมษายน,นนทบุรี,ไทรน้อย,อบต.ทวีวัฒนา,60.0
758,2565,เมษายน,นนทบุรี,ไทรน้อย,อบต.หนองเพรางาย,80.0
759,2565,เมษายน,นนทบุรี,บางกรวย,เทศบาลเมืองบางกรวย,50.0
760,2565,เมษายน,นนทบุรี,บางกรวย,เทศบาลตำบลบางสีทอง,225.41
761,2565,เมษายน,นนทบุรี,บางกรวย,เทศบาลตำบลปลายบาง,174.37
762,2565,เมษายน,นนทบุรี,บางกรวย,อบต.มหาสวัสดิ์,2.84
763,2565,เมษายน,นนทบุรี,บางบัวทอง,เทศบาลเมืองบางคูรัด,587.96
764,2565,เมษายน,นนทบุรี,บางบัวทอง,เทศบาลเมืองบางบัวทอง,7.35
765,2565,เมษายน,นนทบุรี,บางบัวทอง,เทศบาลเมืองใหม่บางบัวทอง,100.0
766,2565,เมษายน,นนทบุรี,บางใหญ่,เทศบาลเมืองบางแม่นาง,5.0
767,2565,เมษายน,นนทบุรี,บางใหญ่,เทศบาลตำบลบางม่วง,0.52
768,2565,เมษายน,นนทบุรี,บางใหญ่,เทศบาลตำบลบางเลน,0.33
769,2565,เมษายน,นนทบุรี,บางใหญ่,เทศบาลตำบลบางใหญ่,24.71
770,2565,เมษายน,นนทบุรี,บางใหญ่,เทศบาลตำบลเสาธงหิน,1.94
771,2565,เมษายน,นนทบุรี,บางใหญ่,อบต.บางใหญ่,1.5
772,2565,เมษายน,นนทบุรี,บางใหญ่,อบต.บ้านใหม่,6.0
773,2565,เมษายน,นนทบุรี,ปากเกร็ด,เทศบาลนครปากเกร็ด,0.46
774,2565,เมษายน,นนทบุรี,ปากเกร็ด,เทศบาลตำบลบางพลับ,0.05
775,2565,เมษายน,นนทบุรี,ปากเกร็ด,อบต.เกาะเกร็ด,4.0
776,2565,เมษายน,นนทบุรี,ปากเกร็ด,อบต.ท่าอิฐ,36.5
777,2565,เมษายน,นนทบุรี,ปากเกร็ด,อบต.บางตะไนย์,2.0
778,2565,เมษายน,นนทบุรี,เมืองนนทบุรี,เทศบาลนครนนทบุรี,0.36
779,2565,เมษายน,นนทบุรี,เมืองนนทบุรี,เทศบาลเมืองบางศรีเมือง,670.2
780,2565,พฤษภาคม,นนทบุรี,ไทรน้อย,อบต.ขุนศรี,0.06
781,2565,พฤษภาคม,นนทบุรี,ไทรน้อย,อบต.ทวีวัฒนา,120.0
782,2565,พฤษภาคม,นนทบุรี,ไทรน้อย,อบต.ไทรน้อย,705.91
783,2565,พฤษภาคม,นนทบุรี,ไทรน้อย,อบต.หนองเพรางาย,80.0
784,2565,พฤษภาคม,นนทบุรี,บางกรวย,เทศบาลเมืองบางกรวย,50.0
785,2565,พฤษภาคม,นนทบุรี,บางกรวย,เทศบาลตำบลบางสีทอง,261.73
786,2565,พฤษภาคม,นนทบุรี,บางกรวย,เทศบาลตำบลปลายบาง,122.74
787,2565,พฤษภาคม,นนทบุรี,บางกรวย,อบต.มหาสวัสดิ์,2.75
788,2565,พฤษภาคม,นนทบุรี,บางบัวทอง,เทศบาลเมืองบางคูรัด,574.61
789,2565,พฤษภาคม,นนทบุรี,บางบัวทอง,เทศบาลเมืองบางบัวทอง,7.9
790,2565,พฤษภาคม,นนทบุรี,บางบัวทอง,เทศบาลเมืองใหม่บางบัวทอง,80.0
791,2565,พฤษภาคม,นนทบุรี,บางใหญ่,เทศบาลตำบลบางม่วง,0.49
792,2565,พฤษภาคม,นนทบุรี,บางใหญ่,เทศบาลตำบลบางเลน,1.88
793,2565,พฤษภาคม,นนทบุรี,บางใหญ่,เทศบาลตำบลบางใหญ่,28.13
794,2565,พฤษภาคม,นนทบุรี,บางใหญ่,เทศบาลตำบลเสาธงหิน,2.14
795,2565,พฤษภาคม,นนทบุรี,บางใหญ่,อบต.บางใหญ่,1.0
796,2565,พฤษภาคม,นนทบุรี,บางใหญ่,อบต.บ้านใหม่,0.3
797,2565,พฤษภาคม,นนทบุรี,ปากเกร็ด,เทศบาลนครปากเกร็ด,0.54
798,2565,พฤษภาคม,นนทบุรี,ปากเกร็ด,เทศบาลตำบลบางพลับ,0.03
799,2565,พฤษภาคม,นนทบุรี,ปากเกร็ด,อบต.เกาะเกร็ด,5.0
800,2565,พฤษภาคม,นนทบุรี,ปากเกร็ด,อบต.คลองพระอุดม,3.0
801,2565,พฤษภาคม,นนทบุรี,ปากเกร็ด,อบต.บางตะไนย์,60.04
802,2565,พฤษภาคม,นนทบุรี,เมืองนนทบุรี,เทศบาลนครนนทบุรี,94.21
803,2565,พฤษภาคม,นนทบุรี,เมืองนนทบุรี,เทศบาลเมืองบางศรีเมือง,717.61
804,2565,มิถุนายน,นนทบุรี,ไทรน้อย,อบต.ขุนศรี,0.06
805,2565,มิถุนายน,นนทบุรี,ไทรน้อย,อบต.หนองเพรางาย,80.0
806,2565,มิถุนายน,นนทบุรี,บางกรวย,เทศบาลเมืองบางกรวย,4.0
807,2565,มิถุนายน,นนทบุรี,บางกรวย,เทศบาลตำบลบางสีทอง,253.28
808,2565,มิถุนายน,นนทบุรี,บางกรวย,เทศบาลตำบลปลายบาง,123.19
809,2565,มิถุนายน,นนทบุรี,บางกรวย,อบต.มหาสวัสดิ์,2.75
810,2565,มิถุนายน,นนทบุรี,บางบัวทอง,เทศบาลเมืองบางคูรัด,625.33
811,2565,มิถุนายน,นนทบุรี,บางบัวทอง,เทศบาลเมืองบางบัวทอง,8.25
812,2565,มิถุนายน,นนทบุรี,บางบัวทอง,เทศบาลเมืองใหม่บางบัวทอง,80.0
813,2565,มิถุนายน,นนทบุรี,บางใหญ่,เทศบาลตำบลบางม่วง,0.32
814,2565,มิถุนายน,นนทบุรี,บางใหญ่,เทศบาลตำบลบางเลน,1.14
815,2565,มิถุนายน,นนทบุรี,บางใหญ่,เทศบาลตำบลบางใหญ่,26.83
816,2565,มิถุนายน,นนทบุรี,บางใหญ่,เทศบาลตำบลเสาธงหิน,2.36
817,2565,มิถุนายน,นนทบุรี,บางใหญ่,อบต.บ้านใหม่,0.3
818,2565,มิถุนายน,นนทบุรี,ปากเกร็ด,เทศบาลนครปากเกร็ด,0.48
819,2565,มิถุนายน,นนทบุรี,ปากเกร็ด,เทศบาลตำบลบางพลับ,0.04
820,2565,มิถุนายน,นนทบุรี,ปากเกร็ด,อบต.เกาะเกร็ด,2.0
821,2565,มิถุนายน,นนทบุรี,ปากเกร็ด,อบต.คลองพระอุดม,3.0
822,2565,มิถุนายน,นนทบุรี,ปากเกร็ด,อบต.ท่าอิฐ,9.0
823,2565,มิถุนายน,นนทบุรี,ปากเกร็ด,อบต.บางตะไนย์,2.0
824,2565,มิถุนายน,นนทบุรี,เมืองนนทบุรี,เทศบาลนครนนทบุรี,0.65
825,2565,มิถุนายน,นนทบุรี,เมืองนนทบุรี,เทศบาลเมืองบางศรีเมือง,688.35
826,2565,กรกฎาคม,นนทบุรี,ไทรน้อย,อบต.ขุนศรี,1.04
827,2565,กรกฎาคม,นนทบุรี,ไทรน้อย,อบต.ทวีวัฒนา,40.0
828,2565,กรกฎาคม,นนทบุรี,ไทรน้อย,อบต.หนองเพรางาย,80.0
829,2565,กรกฎาคม,นนทบุรี,บางกรวย,เทศบาลเมืองบางกรวย,40.0
830,2565,กรกฎาคม,นนทบุรี,บางกรวย,เทศบาลตำบลบางสีทอง,233.12
831,2565,กรกฎาคม,นนทบุรี,บางกรวย,เทศบาลตำบลปลายบาง,146.08
832,2565,กรกฎาคม,นนทบุรี,บางกรวย,อบต.มหาสวัสดิ์,2.92
833,2565,กรกฎาคม,นนทบุรี,บางบัวทอง,เทศบาลเมืองบางคูรัด,642.06
834,2565,กรกฎาคม,นนทบุรี,บางบัวทอง,เทศบาลเมืองใหม่บางบัวทอง,80.0
835,2565,กรกฎาคม,นนทบุรี,บางบัวทอง,อบต.ลำโพ,557.7
836,2565,กรกฎาคม,นนทบุรี,บางใหญ่,เทศบาลตำบลบางม่วง,0.3
837,2565,กรกฎาคม,นนทบุรี,บางใหญ่,เทศบาลตำบลบางเลน,1.35
838,2565,กรกฎาคม,นนทบุรี,บางใหญ่,เทศบาลตำบลบางใหญ่,24.95
839,2565,กรกฎาคม,นนทบุรี,บางใหญ่,เทศบาลตำบลเสาธงหิน,3.7
840,2565,กรกฎาคม,นนทบุรี,บางใหญ่,อบต.บ้านใหม่,2.0
841,2565,กรกฎาคม,นนทบุรี,ปากเกร็ด,เทศบาลนครปากเกร็ด,0.52
842,2565,กรกฎาคม,นนทบุรี,ปากเกร็ด,เทศบาลตำบลบางพลับ,0.05
843,2565,กรกฎาคม,นนทบุรี,ปากเกร็ด,อบต.เกาะเกร็ด,3.0
844,2565,กรกฎาคม,นนทบุรี,ปากเกร็ด,อบต.คลองพระอุดม,5.0
845,2565,กรกฎาคม,นนทบุรี,ปากเกร็ด,อบต.ท่าอิฐ,8.0
846,2565,กรกฎาคม,นนทบุรี,ปากเกร็ด,อบต.บางตะไนย์,2.0
847,2565,กรกฎาคม,นนทบุรี,เมืองนนทบุรี,เทศบาลนครนนทบุรี,0.67
848,2565,กรกฎาคม,นนทบุรี,เมืองนนทบุรี,เทศบาลเมืองบางศรีเมือง,674.49
849,2565,สิงหาคม,นนทบุรี,ไทรน้อย,อบต.ขุนศรี,1.04
850,2565,สิงหาคม,นนทบุรี,ไทรน้อย,อบต.ทวีวัฒนา,190.0
851,2565,สิงหาคม,นนทบุรี,ไทรน้อย,อบต.หนองเพรางาย,80.0
852,2565,สิงหาคม,นนทบุรี,บางกรวย,เทศบาลเมืองบางกรวย,5.0
853,2565,สิงหาคม,นนทบุรี,บางกรวย,เทศบาลตำบลบางสีทอง,266.03
854,2565,สิงหาคม,นนทบุรี,บางกรวย,เทศบาลตำบลปลายบาง,149.41
855,2565,สิงหาคม,นนทบุรี,บางกรวย,อบต.มหาสวัสดิ์,2.84
856,2565,สิงหาคม,นนทบุรี,บางบัวทอง,เทศบาลเมืองบางคูรัด,646.26
857,2565,สิงหาคม,นนทบุรี,บางใหญ่,เทศบาลตำบลบางม่วง,0.24
858,2565,สิงหาคม,นนทบุรี,บางใหญ่,เทศบาลตำบลบางเลน,0.52
859,2565,สิงหาคม,นนทบุรี,บางใหญ่,เทศบาลตำบลบางใหญ่,27.75
860,2565,สิงหาคม,นนทบุรี,บางใหญ่,เทศบาลตำบลเสาธงหิน,3.59
861,2565,สิงหาคม,นนทบุรี,บางใหญ่,อบต.บ้านใหม่,3.0
862,2565,สิงหาคม,นนทบุรี,ปากเกร็ด,เทศบาลนครปากเกร็ด,0.48
863,2565,สิงหาคม,นนทบุรี,ปากเกร็ด,เทศบาลตำบลบางพลับ,0.06
864,2565,สิงหาคม,นนทบุรี,ปากเกร็ด,อบต.เกาะเกร็ด,3.0
865,2565,สิงหาคม,นนทบุรี,ปากเกร็ด,อบต.คลองพระอุดม,3.0
866,2565,สิงหาคม,นนทบุรี,ปากเกร็ด,อบต.ท่าอิฐ,15.0
867,2565,สิงหาคม,นนทบุรี,ปากเกร็ด,อบต.บางตะไนย์,2.0
868,2565,สิงหาคม,นนทบุรี,เมืองนนทบุรี,เทศบาลนครนนทบุรี,0.33
869,2565,สิงหาคม,นนทบุรี,เมืองนนทบุรี,เทศบาลเมืองบางศรีเมือง,699.97
870,2565,กันยายน,นนทบุรี,ไทรน้อย,อบต.ขุนศรี,1.01
871,2565,กันยายน,นนทบุรี,ไทรน้อย,อบต.ทวีวัฒนา,194.0
872,2565,กันยายน,นนทบุรี,ไทรน้อย,อบต.หนองเพรางาย,80.0
873,2565,กันยายน,นนทบุรี,บางกรวย,เทศบาลเมืองบางกรวย,30.0
874,2565,กันยายน,นนทบุรี,บางกรวย,เทศบาลตำบลบางสีทอง,249.81
875,2565,กันยายน,นนทบุรี,บางกรวย,อบต.มหาสวัสดิ์,2.79
876,2565,กันยายน,นนทบุรี,บางบัวทอง,เทศบาลเมืองบางคูรัด,554.8
877,2565,กันยายน,นนทบุรี,บางบัวทอง,เทศบาลเมืองบางบัวทอง,7.28
878,2565,กันยายน,นนทบุรี,บางบัวทอง,เทศบาลเมืองใหม่บางบัวทอง,140.0
879,2565,กันยายน,นนทบุรี,บางใหญ่,เทศบาลตำบลบางม่วง,0.22
880,2565,กันยายน,นนทบุรี,บางใหญ่,เทศบาลตำบลบางเลน,2.1
881,2565,กันยายน,นนทบุรี,บางใหญ่,เทศบาลตำบลบางใหญ่,26.9
882,2565,กันยายน,นนทบุรี,บางใหญ่,เทศบาลตำบลเสาธงหิน,2.56
883,2565,กันยายน,นนทบุรี,บางใหญ่,อบต.บางใหญ่,0.5
884,2565,กันยายน,นนทบุรี,บางใหญ่,อบต.บ้านใหม่,0.3
885,2565,กันยายน,นนทบุรี,ปากเกร็ด,เทศบาลนครปากเกร็ด,0.78
886,2565,กันยายน,นนทบุรี,ปากเกร็ด,เทศบาลตำบลบางพลับ,0.04
887,2565,กันยายน,นนทบุรี,ปากเกร็ด,อบต.เกาะเกร็ด,10.0
888,2565,กันยายน,นนทบุรี,ปากเกร็ด,อบต.คลองพระอุดม,1.0
889,2565,กันยายน,นนทบุรี,ปากเกร็ด,อบต.ท่าอิฐ,12.25
890,2565,กันยายน,นนทบุรี,ปากเกร็ด,อบต.บางตะไนย์,2.0
891,2565,กันยายน,นนทบุรี,เมืองนนทบุรี,เทศบาลนครนนทบุรี,0.28
892,2565,กันยายน,นนทบุรี,เมืองนนทบุรี,เทศบาลเมืองบางกร่าง,78.55
893,2565,กันยายน,นนทบุรี,เมืองนนทบุรี,เทศบาลเมืองบางศรีเมือง,663.83
894,2565,ตุลาคม,นนทบุรี,ไทรน้อย,อบต.ขุนศรี,0.06
895,2565,ตุลาคม,นนทบุรี,ไทรน้อย,อบต.ทวีวัฒนา,66.0
896,2565,ตุลาคม,นนทบุรี,ไทรน้อย,อบต.หนองเพรางาย,80.0
897,2565,ตุลาคม,นนทบุรี,บางกรวย,เทศบาลเมืองบางกรวย,222.5
898,2565,ตุลาคม,นนทบุรี,บางกรวย,เทศบาลตำบลบางสีทอง,255.12
899,2565,ตุลาคม,นนทบุรี,บางกรวย,อบต.บางขนุน,201.71
900,2565,ตุลาคม,นนทบุรี,บางกรวย,อบต.บางขุนกอง,486.2
901,2565,ตุลาคม,นนทบุรี,บางกรวย,อบต.มหาสวัสดิ์,2.5
902,2565,ตุลาคม,นนทบุรี,บางบัวทอง,เทศบาลเมืองบางคูรัด,605.13
903,2565,ตุลาคม,นนทบุรี,บางบัวทอง,เทศบาลเมืองบางบัวทอง,572.18
904,2565,ตุลาคม,นนทบุรี,บางบัวทอง,เทศบาลเมืองบางรักพัฒนา,493.13
905,2565,ตุลาคม,นนทบุรี,บางบัวทอง,เทศบาลเมืองใหม่บางบัวทอง,140.0
906,2565,ตุลาคม,นนทบุรี,บางใหญ่,เทศบาลเมืองบางแม่นาง,3.5
907,2565,ตุลาคม,นนทบุรี,บางใหญ่,เทศบาลตำบลบางม่วง,0.85
908,2565,ตุลาคม,นนทบุรี,บางใหญ่,เทศบาลตำบลบางเลน,136.87
909,2565,ตุลาคม,นนทบุรี,บางใหญ่,เทศบาลตำบลบางใหญ่,262.05
910,2565,ตุลาคม,นนทบุรี,บางใหญ่,เทศบาลตำบลบ้านบางม่วง,21.33
911,2565,ตุลาคม,นนทบุรี,บางใหญ่,เทศบาลตำบลเสาธงหิน,0.83
912,2565,ตุลาคม,นนทบุรี,บางใหญ่,อบต.บางใหญ่,1.5
913,2565,ตุลาคม,นนทบุรี,บางใหญ่,อบต.บ้านใหม่,6.0
914,2565,ตุลาคม,นนทบุรี,ปากเกร็ด,เทศบาลนครปากเกร็ด,0.45
915,2565,ตุลาคม,นนทบุรี,ปากเกร็ด,เทศบาลตำบลบางพลับ,256.28
916,2565,ตุลาคม,นนทบุรี,ปากเกร็ด,อบต.เกาะเกร็ด,3.0
917,2565,ตุลาคม,นนทบุรี,ปากเกร็ด,อบต.คลองพระอุดม,3.0
918,2565,ตุลาคม,นนทบุรี,ปากเกร็ด,อบต.ท่าอิฐ,46.5
919,2565,ตุลาคม,นนทบุรี,ปากเกร็ด,อบต.บางตะไนย์,0.03
920,2565,ตุลาคม,นนทบุรี,เมืองนนทบุรี,เทศบาลนครนนทบุรี,3163.0
921,2565,ตุลาคม,นนทบุรี,เมืองนนทบุรี,เทศบาลเมืองบางศรีเมือง,771.06
922,2565,พฤศจิกายน,นนทบุรี,ไทรน้อย,อบต.ขุนศรี,0.06
923,2565,พฤศจิกายน,นนทบุรี,ไทรน้อย,อบต.ทวีวัฒนา,53.0
924,2565,พฤศจิกายน,นนทบุรี,ไทรน้อย,อบต.หนองเพรางาย,80.0
925,2565,พฤศจิกายน,นนทบุรี,บางกรวย,เทศบาลเมืองบางกรวย,50.0
926,2565,พฤศจิกายน,นนทบุรี,บางกรวย,เทศบาลตำบลบางสีทอง,250.13
927,2565,พฤศจิกายน,นนทบุรี,บางกรวย,เทศบาลตำบลปลายบาง,360.99
928,2565,พฤศจิกายน,นนทบุรี,บางกรวย,อบต.บางขนุน,196.84
929,2565,พฤศจิกายน,นนทบุรี,บางกรวย,อบต.บางขุนกอง,385.35
930,2565,พฤศจิกายน,นนทบุรี,บางกรวย,อบต.มหาสวัสดิ์,2.5
931,2565,พฤศจิกายน,นนทบุรี,บางบัวทอง,เทศบาลเมืองบางคูรัด,565.58
932,2565,พฤศจิกายน,นนทบุรี,บางบัวทอง,เทศบาลเมืองบางบัวทอง,529.68
933,2565,พฤศจิกายน,นนทบุรี,บางบัวทอง,เทศบาลเมืองบางรักพัฒนา,68.29
934,2565,พฤศจิกายน,นนทบุรี,บางบัวทอง,เทศบาลเมืองใหม่บางบัวทอง,150.0
935,2565,พฤศจิกายน,นนทบุรี,บางใหญ่,เทศบาลเมืองบางแม่นาง,4.0
936,2565,พฤศจิกายน,นนทบุรี,บางใหญ่,เทศบาลตำบลบางม่วง,0.81
937,2565,พฤศจิกายน,นนทบุรี,บางใหญ่,เทศบาลตำบลบางเลน,0.3
938,2565,พฤศจิกายน,นนทบุรี,บางใหญ่,เทศบาลตำบลบางใหญ่,261.5
939,2565,พฤศจิกายน,นนทบุรี,บางใหญ่,เทศบาลตำบลบ้านบางม่วง,21.33
940,2565,พฤศจิกายน,นนทบุรี,บางใหญ่,เทศบาลตำบลเสาธงหิน,0.13
941,2565,พฤศจิกายน,นนทบุรี,บางใหญ่,อบต.บางใหญ่,0.3
942,2565,พฤศจิกายน,นนทบุรี,บางใหญ่,อบต.บ้านใหม่,5.9
943,2565,พฤศจิกายน,นนทบุรี,ปากเกร็ด,เทศบาลนครปากเกร็ด,0.42
944,2565,พฤศจิกายน,นนทบุรี,ปากเกร็ด,เทศบาลตำบลบางพลับ,245.0
945,2565,พฤศจิกายน,นนทบุรี,ปากเกร็ด,อบต.เกาะเกร็ด,2.0
946,2565,พฤศจิกายน,นนทบุรี,ปากเกร็ด,อบต.คลองพระอุดม,3.0
947,2565,พฤศจิกายน,นนทบุรี,ปากเกร็ด,อบต.ท่าอิฐ,50.5
948,2565,พฤศจิกายน,นนทบุรี,ปากเกร็ด,อบต.บางตะไนย์,0.03
949,2565,พฤศจิกายน,นนทบุรี,เมืองนนทบุรี,เทศบาลนครนนทบุรี,3740.0
950,2565,พฤศจิกายน,นนทบุรี,เมืองนนทบุรี,เทศบาลเมืองบางกร่าง,17.0
951,2565,พฤศจิกายน,นนทบุรี,เมืองนนทบุรี,เทศบาลเมืองบางศรีเมือง,695.27
952,2565,ธันวาคม,นนทบุรี,ไทรน้อย,อบต.ขุนศรี,0.06
953,2565,ธันวาคม,นนทบุรี,ไทรน้อย,อบต.ทวีวัฒนา,55.0
954,2565,ธันวาคม,นนทบุรี,ไทรน้อย,อบต.หนองเพรางาย,80.0
955,2565,ธันวาคม,นนทบุรี,บางกรวย,เทศบาลเมืองบางกรวย,60.0
956,2565,ธันวาคม,นนทบุรี,บางกรวย,เทศบาลตำบลบางสีทอง,233.9
957,2565,ธันวาคม,นนทบุรี,บางกรวย,เทศบาลตำบลปลายบาง,245.84
958,2565,ธันวาคม,นนทบุรี,บางกรวย,อบต.บางขนุน,189.28
959,2565,ธันวาคม,นนทบุรี,บางกรวย,อบต.บางขุนกอง,89.0
960,2565,ธันวาคม,นนทบุรี,บางกรวย,อบต.มหาสวัสดิ์,2.9
961,2565,ธันวาคม,นนทบุรี,บางบัวทอง,เทศบาลเมืองบางคูรัด,613.59
962,2565,ธันวาคม,นนทบุรี,บางบัวทอง,เทศบาลเมืองบางบัวทอง,6.8
963,2565,ธันวาคม,นนทบุรี,บางบัวทอง,เทศบาลเมืองใหม่บางบัวทอง,150.0
964,2565,ธันวาคม,นนทบุรี,บางใหญ่,เทศบาลเมืองบางแม่นาง,3.5
965,2565,ธันวาคม,นนทบุรี,บางใหญ่,เทศบาลตำบลบางม่วง,0.59
966,2565,ธันวาคม,นนทบุรี,บางใหญ่,เทศบาลตำบลบางเลน,0.21
967,2565,ธันวาคม,นนทบุรี,บางใหญ่,เทศบาลตำบลบางใหญ่,253.09
968,2565,ธันวาคม,นนทบุรี,บางใหญ่,เทศบาลตำบลบ้านบางม่วง,21.23
969,2565,ธันวาคม,นนทบุรี,บางใหญ่,เทศบาลตำบลเสาธงหิน,2.21
970,2565,ธันวาคม,นนทบุรี,บางใหญ่,อบต.บางใหญ่,0.5
971,2565,ธันวาคม,นนทบุรี,บางใหญ่,อบต.บ้านใหม่,7.0
972,2565,ธันวาคม,นนทบุรี,ปากเกร็ด,เทศบาลนครปากเกร็ด,0.48
973,2565,ธันวาคม,นนทบุรี,ปากเกร็ด,เทศบาลตำบลบางพลับ,268.69
974,2565,ธันวาคม,นนทบุรี,ปากเกร็ด,อบต.เกาะเกร็ด,1.0
975,2565,ธันวาคม,นนทบุรี,ปากเกร็ด,อบต.คลองพระอุดม,3.0
976,2565,ธันวาคม,นนทบุรี,ปากเกร็ด,อบต.ท่าอิฐ,58.25
977,2565,ธันวาคม,นนทบุรี,ปากเกร็ด,อบต.บางตะไนย์,0.02
978,2565,ธันวาคม,นนทบุรี,เมืองนนทบุรี,เทศบาลนครนนทบุรี,3720.0
979,2565,ธันวาคม,นนทบุรี,เมืองนนทบุรี,เทศบาลเมืองบางกร่าง,17.0
980,2565,ธันวาคม,นนทบุรี,เมืองนนทบุรี,เทศบาลเมืองบางศรีเมือง,663.96
981,2566,มกราคม,นนทบุรี,ไทรน้อย,เทศบาลตำบลไทรน้อย,0.0
982,2566,มกราคม,นนทบุรี,ไทรน้อย,อบต.ขุนศรี,15.546
983,2566,มกราคม,นนทบุรี,ไทรน้อย,อบต.คลองขวาง,0.0
984,2566,มกราคม,นนทบุรี,ไทรน้อย,อบต.ทวีวัฒนา,0.0
985,2566,มกราคม,นนทบุรี,ไทรน้อย,อบต.ไทรน้อย,0.0
986,2566,มกราคม,นนทบุรี,ไทรน้อย,อบต.ไทรใหญ่,25.0
987,2566,มกราคม,นนทบุรี,ไทรน้อย,อบต.ราษฎร์นิยม,231.765
988,2566,มกราคม,นนทบุรี,ไทรน้อย,อบต.หนองเพรางาย,80.0
989,2566,มกราคม,นนทบุรี,บางกรวย,เทศบาลเมืองบางกรวย,50.0
990,2566,มกราคม,นนทบุรี,บางกรวย,เทศบาลตำบลบางสีทอง,246.939
991,2566,มกราคม,นนทบุรี,บางกรวย,เทศบาลตำบลปลายบาง,373.105
992,2566,มกราคม,นนทบุรี,บางกรวย,เทศบาลตำบลศาลากลาง,10.0
993,2566,มกราคม,นนทบุรี,บางกรวย,อบต.บางขนุน,103.93
994,2566,มกราคม,นนทบุรี,บางกรวย,อบต.บางขุนกอง,0.0
995,2566,มกราคม,นนทบุรี,บางกรวย,อบต.มหาสวัสดิ์,3.45
996,2566,มกราคม,นนทบุรี,บางบัวทอง,เทศบาลนครบางบัวทอง,7.65
997,2566,มกราคม,นนทบุรี,บางบัวทอง,เทศบาลเมืองบางคูรัด,775.198
998,2566,มกราคม,นนทบุรี,บางบัวทอง,เทศบาลเมืองบางรักพัฒนา,0.0
999,2566,มกราคม,นนทบุรี,บางบัวทอง,เทศบาลเมืองพิมลราช,0.0
1000,2566,มกราคม,นนทบุรี,บางบัวทอง,เทศบาลเมืองใหม่บางบัวทอง,80.0
1001,2566,มกราคม,นนทบุรี,บางบัวทอง,อบต.บางรักใหญ่,0.0
1002,2566,มกราคม,นนทบุรี,บางบัวทอง,อบต.ละหาร,0.0
1003,2566,มกราคม,นนทบุรี,บางบัวทอง,อบต.ลำโพ,0.0
1004,2566,มกราคม,นนทบุรี,บางใหญ่,เทศบาลเมืองบางแม่นาง,2.0
1005,2566,มกราคม,นนทบุรี,บางใหญ่,เทศบาลเมืองเสาธงหิน,3.235
1006,2566,มกราคม,นนทบุรี,บางใหญ่,เทศบาลตำบลบางม่วง,0.17
1007,2566,มกราคม,นนทบุรี,บางใหญ่,เทศบาลตำบลบางเลน,1.632
1008,2566,มกราคม,นนทบุรี,บางใหญ่,เทศบาลตำบลบางใหญ่,40.256
1009,2566,มกราคม,นนทบุรี,บางใหญ่,อบต.บางใหญ่,0.0
1010,2566,มกราคม,นนทบุรี,บางใหญ่,อบต.บ้านใหม่,2.0
1011,2566,มกราคม,นนทบุรี,ปากเกร็ด,เทศบาลนครปากเกร็ด,3.1
1012,2566,มกราคม,นนทบุรี,ปากเกร็ด,เทศบาลตำบลบางพลับ,0.021
1013,2566,มกราคม,นนทบุรี,ปากเกร็ด,อบต.เกาะเกร็ด,4.0
1014,2566,มกราคม,นนทบุรี,ปากเกร็ด,อบต.คลองข่อย,10.0
1015,2566,มกราคม,นนทบุรี,ปากเกร็ด,อบต.คลองพระอุดม,1.0
1016,2566,มกราคม,นนทบุรี,ปากเกร็ด,อบต.ท่าอิฐ,40.0
1017,2566,มกราคม,นนทบุรี,ปากเกร็ด,อบต.บางตะไนย์,0.0
1018,2566,มกราคม,นนทบุรี,ปากเกร็ด,อบต.อ้อมเกร็ด,0.0
1019,2566,มกราคม,นนทบุรี,เมืองนนทบุรี,เทศบาลนครนนทบุรี,0.164
1020,2566,มกราคม,นนทบุรี,เมืองนนทบุรี,เทศบาลเมืองไทรม้า,0.0
1021,2566,มกราคม,นนทบุรี,เมืองนนทบุรี,เทศบาลเมืองบางกร่าง,83.17
1022,2566,มกราคม,นนทบุรี,เมืองนนทบุรี,เทศบาลเมืองบางศรีเมือง,705.873
1023,2566,มกราคม,นนทบุรี,เมืองนนทบุรี,อบต.บางไผ่,0.0
1024,2566,มกราคม,นนทบุรี,เมืองนนทบุรี,อบต.บางรักน้อย,1.0
1025,2566,กุมภาพันธ์,นนทบุรี,ไทรน้อย,เทศบาลตำบลไทรน้อย,0.0
1026,2566,กุมภาพันธ์,นนทบุรี,ไทรน้อย,อบต.ขุนศรี,15.546
1027,2566,กุมภาพันธ์,นนทบุรี,ไทรน้อย,อบต.คลองขวาง,0.0
1028,2566,กุมภาพันธ์,นนทบุรี,ไทรน้อย,อบต.ทวีวัฒนา,0.0
1029,2566,กุมภาพันธ์,นนทบุรี,ไทรน้อย,อบต.ไทรน้อย,10.0
1030,2566,กุมภาพันธ์,นนทบุรี,ไทรน้อย,อบต.ไทรใหญ่,34.37
1031,2566,กุมภาพันธ์,นนทบุรี,ไทรน้อย,อบต.ราษฎร์นิยม,3096.56
1032,2566,กุมภาพันธ์,นนทบุรี,ไทรน้อย,อบต.หนองเพรางาย,80.0
1033,2566,กุมภาพันธ์,นนทบุรี,บางกรวย,เทศบาลเมืองบางกรวย,30.0
1034,2566,กุมภาพันธ์,นนทบุรี,บางกรวย,เทศบาลตำบลบางสีทอง,237.192
1035,2566,กุมภาพันธ์,นนทบุรี,บางกรวย,เทศบาลตำบลปลายบาง,454.788
1036,2566,กุมภาพันธ์,นนทบุรี,บางกรวย,เทศบาลตำบลศาลากลาง,15.0
1037,2566,กุมภาพันธ์,นนทบุรี,บางกรวย,อบต.บางขนุน,99.29
1038,2566,กุมภาพันธ์,นนทบุรี,บางกรวย,อบต.บางขุนกอง,0.0
1039,2566,กุมภาพันธ์,นนทบุรี,บางกรวย,อบต.มหาสวัสดิ์,3.5
1040,2566,กุมภาพันธ์,นนทบุรี,บางบัวทอง,เทศบาลนครบางบัวทอง,7.8
1041,2566,กุมภาพันธ์,นนทบุรี,บางบัวทอง,เทศบาลเมืองบางคูรัด,593.355
1042,2566,กุมภาพันธ์,นนทบุรี,บางบัวทอง,เทศบาลเมืองบางรักพัฒนา,0.0
1043,2566,กุมภาพันธ์,นนทบุรี,บางบัวทอง,เทศบาลเมืองพิมลราช,0.0
1044,2566,กุมภาพันธ์,นนทบุรี,บางบัวทอง,เทศบาลเมืองใหม่บางบัวทอง,140.0
1045,2566,กุมภาพันธ์,นนทบุรี,บางบัวทอง,อบต.บางรักใหญ่,0.0
1046,2566,กุมภาพันธ์,นนทบุรี,บางบัวทอง,อบต.ละหาร,0.0
1047,2566,กุมภาพันธ์,นนทบุรี,บางบัวทอง,อบต.ลำโพ,0.0
1048,2566,กุมภาพันธ์,นนทบุรี,บางใหญ่,เทศบาลเมืองบางแม่นาง,3.0
1049,2566,กุมภาพันธ์,นนทบุรี,บางใหญ่,เทศบาลเมืองเสาธงหิน,3.28
1050,2566,กุมภาพันธ์,นนทบุรี,บางใหญ่,เทศบาลตำบลบางม่วง,0.12
1051,2566,กุมภาพันธ์,นนทบุรี,บางใหญ่,เทศบาลตำบลบางเลน,1.57
1052,2566,กุมภาพันธ์,นนทบุรี,บางใหญ่,เทศบาลตำบลบางใหญ่,40.256
1053,2566,กุมภาพันธ์,นนทบุรี,บางใหญ่,อบต.บางใหญ่,1.5
1054,2566,กุมภาพันธ์,นนทบุรี,บางใหญ่,อบต.บ้านใหม่,6.0
1055,2566,กุมภาพันธ์,นนทบุรี,ปากเกร็ด,เทศบาลนครปากเกร็ด,1.46
1056,2566,กุมภาพันธ์,นนทบุรี,ปากเกร็ด,เทศบาลตำบลบางพลับ,0.04
1057,2566,กุมภาพันธ์,นนทบุรี,ปากเกร็ด,อบต.เกาะเกร็ด,3.3
1058,2566,กุมภาพันธ์,นนทบุรี,ปากเกร็ด,อบต.คลองข่อย,10.0
1059,2566,กุมภาพันธ์,นนทบุรี,ปากเกร็ด,อบต.คลองพระอุดม,1.0
1060,2566,กุมภาพันธ์,นนทบุรี,ปากเกร็ด,อบต.ท่าอิฐ,35.0
1061,2566,กุมภาพันธ์,นนทบุรี,ปากเกร็ด,อบต.บางตะไนย์,0.0
1062,2566,กุมภาพันธ์,นนทบุรี,ปากเกร็ด,อบต.อ้อมเกร็ด,0.0
1063,2566,กุมภาพันธ์,นนทบุรี,เมืองนนทบุรี,เทศบาลนครนนทบุรี,0.235
1064,2566,กุมภาพันธ์,นนทบุรี,เมืองนนทบุรี,เทศบาลเมืองไทรม้า,0.0
1065,2566,กุมภาพันธ์,นนทบุรี,เมืองนนทบุรี,เทศบาลเมืองบางกร่าง,83.68
1066,2566,กุมภาพันธ์,นนทบุรี,เมืองนนทบุรี,เทศบาลเมืองบางศรีเมือง,622.706
1067,2566,กุมภาพันธ์,นนทบุรี,เมืองนนทบุรี,อบต.บางไผ่,0.0
1068,2566,กุมภาพันธ์,นนทบุรี,เมืองนนทบุรี,อบต.บางรักน้อย,1.0
1069,2566,มีนาคม,นนทบุรี,ไทรน้อย,เทศบาลตำบลไทรน้อย,0.0
1070,2566,มีนาคม,นนทบุรี,ไทรน้อย,อบต.ขุนศรี,15.546
1071,2566,มีนาคม,นนทบุรี,ไทรน้อย,อบต.คลองขวาง,0.0
1072,2566,มีนาคม,นนทบุรี,ไทรน้อย,อบต.ทวีวัฒนา,0.0
1073,2566,มีนาคม,นนทบุรี,ไทรน้อย,อบต.ไทรน้อย,0.0
1074,2566,มีนาคม,นนทบุรี,ไทรน้อย,อบต.ไทรใหญ่,34.37
1075,2566,มีนาคม,นนทบุรี,ไทรน้อย,อบต.ราษฎร์นิยม,216.975
1076,2566,มีนาคม,นนทบุรี,ไทรน้อย,อบต.หนองเพรางาย,80.0
1077,2566,มีนาคม,นนทบุรี,บางกรวย,เทศบาลเมืองบางกรวย,50.0
1078,2566,มีนาคม,นนทบุรี,บางกรวย,เทศบาลตำบลบางสีทอง,260.277
1079,2566,มีนาคม,นนทบุรี,บางกรวย,เทศบาลตำบลปลายบาง,412.266
1080,2566,มีนาคม,นนทบุรี,บางกรวย,เทศบาลตำบลศาลากลาง,14.0
1081,2566,มีนาคม,นนทบุรี,บางกรวย,อบต.บางขนุน,0.0
1082,2566,มีนาคม,นนทบุรี,บางกรวย,อบต.บางขุนกอง,0.0
1083,2566,มีนาคม,นนทบุรี,บางกรวย,อบต.มหาสวัสดิ์,3.5
1084,2566,มีนาคม,นนทบุรี,บางบัวทอง,เทศบาลนครบางบัวทอง,6.4
1085,2566,มีนาคม,นนทบุรี,บางบัวทอง,เทศบาลเมืองบางคูรัด,646.722
1086,2566,มีนาคม,นนทบุรี,บางบัวทอง,เทศบาลเมืองบางรักพัฒนา,0.0
1087,2566,มีนาคม,นนทบุรี,บางบัวทอง,เทศบาลเมืองพิมลราช,0.0
1088,2566,มีนาคม,นนทบุรี,บางบัวทอง,เทศบาลเมืองใหม่บางบัวทอง,150.0
1089,2566,มีนาคม,นนทบุรี,บางบัวทอง,อบต.บางรักใหญ่,0.0
1090,2566,มีนาคม,นนทบุรี,บางบัวทอง,อบต.ละหาร,0.0
1091,2566,มีนาคม,นนทบุรี,บางบัวทอง,อบต.ลำโพ,0.0
1092,2566,มีนาคม,นนทบุรี,บางใหญ่,เทศบาลเมืองบางแม่นาง,2.0
1093,2566,มีนาคม,นนทบุรี,บางใหญ่,เทศบาลเมืองเสาธงหิน,3.895
1094,2566,มีนาคม,นนทบุรี,บางใหญ่,เทศบาลตำบลบางม่วง,0.12
1095,2566,มีนาคม,นนทบุรี,บางใหญ่,เทศบาลตำบลบางเลน,1.57
1096,2566,มีนาคม,นนทบุรี,บางใหญ่,เทศบาลตำบลบางใหญ่,25.635
1097,2566,มีนาคม,นนทบุรี,บางใหญ่,อบต.บางใหญ่,0.0
1098,2566,มีนาคม,นนทบุรี,บางใหญ่,อบต.บ้านใหม่,2.0
1099,2566,มีนาคม,นนทบุรี,ปากเกร็ด,เทศบาลนครปากเกร็ด,1.2
1100,2566,มีนาคม,นนทบุรี,ปากเกร็ด,เทศบาลตำบลบางพลับ,0.058
1101,2566,มีนาคม,นนทบุรี,ปากเกร็ด,อบต.เกาะเกร็ด,8.535
1102,2566,มีนาคม,นนทบุรี,ปากเกร็ด,อบต.คลองข่อย,10.0
1103,2566,มีนาคม,นนทบุรี,ปากเกร็ด,อบต.คลองพระอุดม,1.0
1104,2566,มีนาคม,นนทบุรี,ปากเกร็ด,อบต.ท่าอิฐ,15.0
1105,2566,มีนาคม,นนทบุรี,ปากเกร็ด,อบต.บางตะไนย์,2.0
1106,2566,มีนาคม,นนทบุรี,ปากเกร็ด,อบต.อ้อมเกร็ด,0.0
1107,2566,มีนาคม,นนทบุรี,เมืองนนทบุรี,เทศบาลนครนนทบุรี,0.327
1108,2566,มีนาคม,นนทบุรี,เมืองนนทบุรี,เทศบาลเมืองไทรม้า,0.0
1109,2566,มีนาคม,นนทบุรี,เมืองนนทบุรี,เทศบาลเมืองบางกร่าง,93.05
1110,2566,มีนาคม,นนทบุรี,เมืองนนทบุรี,เทศบาลเมืองบางศรีเมือง,678.232
1111,2566,มีนาคม,นนทบุรี,เมืองนนทบุรี,อบต.บางไผ่,0.0
1112,2566,มีนาคม,นนทบุรี,เมืองนนทบุรี,อบต.บางรักน้อย,1.0
1113,2566,เมษายน,นนทบุรี,ไทรน้อย,เทศบาลตำบลไทรน้อย,0.0
1114,2566,เมษายน,นนทบุรี,ไทรน้อย,อบต.ขุนศรี,0.0
1115,2566,เมษายน,นนทบุรี,ไทรน้อย,อบต.คลองขวาง,0.0
1116,2566,เมษายน,นนทบุรี,ไทรน้อย,อบต.ทวีวัฒนา,0.0
1117,2566,เมษายน,นนทบุรี,ไทรน้อย,อบต.ไทรน้อย,0.0
1118,2566,เมษายน,นนทบุรี,ไทรน้อย,อบต.ไทรใหญ่,10.0
1119,2566,เมษายน,นนทบุรี,ไทรน้อย,อบต.ราษฎร์นิยม,7.0
1120,2566,เมษายน,นนทบุรี,ไทรน้อย,อบต.หนองเพรางาย,20.0
1121,2566,เมษายน,นนทบุรี,บางกรวย,เทศบาลเมืองบางกรวย,60.0
1122,2566,เมษายน,นนทบุรี,บางกรวย,เทศบาลตำบลบางสีทอง,0.7
1123,2566,เมษายน,นนทบุรี,บางกรวย,เทศบาลตำบลปลายบาง,301.006
1124,2566,เมษายน,นนทบุรี,บางกรวย,เทศบาลตำบลศาลากลาง,19.0
1125,2566,เมษายน,นนทบุรี,บางกรวย,อบต.บางขนุน,1.272
1126,2566,เมษายน,นนทบุรี,บางกรวย,อบต.บางขุนกอง,0.0
1127,2566,เมษายน,นนทบุรี,บางกรวย,อบต.มหาสวัสดิ์,10.943
1128,2566,เมษายน,นนทบุรี,บางบัวทอง,เทศบาลนครบางบัวทอง,215.63
1129,2566,เมษายน,นนทบุรี,บางบัวทอง,เทศบาลเมืองบางคูรัด,431.148
1130,2566,เมษายน,นนทบุรี,บางบัวทอง,เทศบาลเมืองบางรักพัฒนา,0.0
1131,2566,เมษายน,นนทบุรี,บางบัวทอง,เทศบาลเมืองพิมลราช,0.0
1132,2566,เมษายน,นนทบุรี,บางบัวทอง,เทศบาลเมืองใหม่บางบัวทอง,60.0
1133,2566,เมษายน,นนทบุรี,บางบัวทอง,อบต.บางรักใหญ่,0.0
1134,2566,เมษายน,นนทบุรี,บางบัวทอง,อบต.ละหาร,0.0
1135,2566,เมษายน,นนทบุรี,บางบัวทอง,อบต.ลำโพ,0.0
1136,2566,เมษายน,นนทบุรี,บางใหญ่,เทศบาลเมืองบางแม่นาง,3.0
1137,2566,เมษายน,นนทบุรี,บางใหญ่,เทศบาลเมืองเสาธงหิน,124.555
1138,2566,เมษายน,นนทบุรี,บางใหญ่,เทศบาลตำบลบางม่วง,1.03
1139,2566,เมษายน,นนทบุรี,บางใหญ่,เทศบาลตำบลบางเลน,2.48
1140,2566,เมษายน,นนทบุรี,บางใหญ่,เทศบาลตำบลบางใหญ่,12659.0
1141,2566,เมษายน,นนทบุรี,บางใหญ่,อบต.บางใหญ่,2.0
1142,2566,เมษายน,นนทบุรี,บางใหญ่,อบต.บ้านใหม่,9.0
1143,2566,เมษายน,นนทบุรี,ปากเกร็ด,เทศบาลนครปากเกร็ด,700.0
1144,2566,เมษายน,นนทบุรี,ปากเกร็ด,เทศบาลตำบลบางพลับ,0.089
1145,2566,เมษายน,นนทบุรี,ปากเกร็ด,อบต.เกาะเกร็ด,3.0
1146,2566,เมษายน,นนทบุรี,ปากเกร็ด,อบต.คลองข่อย,3.0
1147,2566,เมษายน,นนทบุรี,ปากเกร็ด,อบต.คลองพระอุดม,2.0
1148,2566,เมษายน,นนทบุรี,ปากเกร็ด,อบต.ท่าอิฐ,31.167
1149,2566,เมษายน,นนทบุรี,ปากเกร็ด,อบต.บางตะไนย์,0.0
1150,2566,เมษายน,นนทบุรี,ปากเกร็ด,อบต.อ้อมเกร็ด,0.0
1151,2566,เมษายน,นนทบุรี,เมืองนนทบุรี,เทศบาลนครนนทบุรี,0.217
1152,2566,เมษายน,นนทบุรี,เมืองนนทบุรี,เทศบาลเมืองไทรม้า,0.0
1153,2566,เมษายน,นนทบุรี,เมืองนนทบุรี,เทศบาลเมืองบางกร่าง,28.03
1154,2566,เมษายน,นนทบุรี,เมืองนนทบุรี,เทศบาลเมืองบางศรีเมือง,361.33
1155,2566,เมษายน,นนทบุรี,เมืองนนทบุรี,อบต.บางไผ่,3.056
1156,2566,เมษายน,นนทบุรี,เมืองนนทบุรี,อบต.บางรักน้อย,1.0
1157,2566,พฤษภาคม,นนทบุรี,ไทรน้อย,เทศบาลตำบลไทรน้อย,0.0
1158,2566,พฤษภาคม,นนทบุรี,ไทรน้อย,อบต.ขุนศรี,15.546
1159,2566,พฤษภาคม,นนทบุรี,ไทรน้อย,อบต.คลองขวาง,0.0
1160,2566,พฤษภาคม,นนทบุรี,ไทรน้อย,อบต.ทวีวัฒนา,0.0
1161,2566,พฤษภาคม,นนทบุรี,ไทรน้อย,อบต.ไทรน้อย,0.0
1162,2566,พฤษภาคม,นนทบุรี,ไทรน้อย,อบต.ไทรใหญ่,34.37
1163,2566,พฤษภาคม,นนทบุรี,ไทรน้อย,อบต.ราษฎร์นิยม,32.684
1164,2566,พฤษภาคม,นนทบุรี,ไทรน้อย,อบต.หนองเพรางาย,80.0
1165,2566,พฤษภาคม,นนทบุรี,บางกรวย,เทศบาลเมืองบางกรวย,20.0
1166,2566,พฤษภาคม,นนทบุรี,บางกรวย,เทศบาลตำบลบางสีทอง,219.213
1167,2566,พฤษภาคม,นนทบุรี,บางกรวย,เทศบาลตำบลปลายบาง,354.798
1168,2566,พฤษภาคม,นนทบุรี,บางกรวย,เทศบาลตำบลศาลากลาง,16.0
1169,2566,พฤษภาคม,นนทบุรี,บางกรวย,อบต.บางขนุน,0.0
1170,2566,พฤษภาคม,นนทบุรี,บางกรวย,อบต.บางขุนกอง,0.0
1171,2566,พฤษภาคม,นนทบุรี,บางกรวย,อบต.มหาสวัสดิ์,3.5
1172,2566,พฤษภาคม,นนทบุรี,บางบัวทอง,เทศบาลนครบางบัวทอง,5.8
1173,2566,พฤษภาคม,นนทบุรี,บางบัวทอง,เทศบาลเมืองบางคูรัด,658.179
1174,2566,พฤษภาคม,นนทบุรี,บางบัวทอง,เทศบาลเมืองบางรักพัฒนา,0.0
1175,2566,พฤษภาคม,นนทบุรี,บางบัวทอง,เทศบาลเมืองพิมลราช,0.0
1176,2566,พฤษภาคม,นนทบุรี,บางบัวทอง,เทศบาลเมืองใหม่บางบัวทอง,80.0
1177,2566,พฤษภาคม,นนทบุรี,บางบัวทอง,อบต.บางรักใหญ่,0.0
1178,2566,พฤษภาคม,นนทบุรี,บางบัวทอง,อบต.ละหาร,0.0
1179,2566,พฤษภาคม,นนทบุรี,บางบัวทอง,อบต.ลำโพ,0.0
1180,2566,พฤษภาคม,นนทบุรี,บางใหญ่,เทศบาลเมืองบางแม่นาง,3.49
1181,2566,พฤษภาคม,นนทบุรี,บางใหญ่,เทศบาลเมืองเสาธงหิน,3.22
1182,2566,พฤษภาคม,นนทบุรี,บางใหญ่,เทศบาลตำบลบางม่วง,0.11
1183,2566,พฤษภาคม,นนทบุรี,บางใหญ่,เทศบาลตำบลบางเลน,1.57
1184,2566,พฤษภาคม,นนทบุรี,บางใหญ่,เทศบาลตำบลบางใหญ่,39.125
1185,2566,พฤษภาคม,นนทบุรี,บางใหญ่,อบต.บางใหญ่,1.5
1186,2566,พฤษภาคม,นนทบุรี,บางใหญ่,อบต.บ้านใหม่,4.0
1187,2566,พฤษภาคม,นนทบุรี,ปากเกร็ด,เทศบาลนครปากเกร็ด,1.1
1188,2566,พฤษภาคม,นนทบุรี,ปากเกร็ด,เทศบาลตำบลบางพลับ,0.021
1189,2566,พฤษภาคม,นนทบุรี,ปากเกร็ด,อบต.เกาะเกร็ด,4.53
1190,2566,พฤษภาคม,นนทบุรี,ปากเกร็ด,อบต.คลองข่อย,10.0
1191,2566,พฤษภาคม,นนทบุรี,ปากเกร็ด,อบต.คลองพระอุดม,1.0
1192,2566,พฤษภาคม,นนทบุรี,ปากเกร็ด,อบต.ท่าอิฐ,20.0
1193,2566,พฤษภาคม,นนทบุรี,ปากเกร็ด,อบต.บางตะไนย์,0.0
1194,2566,พฤษภาคม,นนทบุรี,ปากเกร็ด,อบต.อ้อมเกร็ด,0.0
1195,2566,พฤษภาคม,นนทบุรี,เมืองนนทบุรี,เทศบาลนครนนทบุรี,0.205
1196,2566,พฤษภาคม,นนทบุรี,เมืองนนทบุรี,เทศบาลเมืองไทรม้า,0.0
1197,2566,พฤษภาคม,นนทบุรี,เมืองนนทบุรี,เทศบาลเมืองบางกร่าง,98.97
1198,2566,พฤษภาคม,นนทบุรี,เมืองนนทบุรี,เทศบาลเมืองบางศรีเมือง,739.838
1199,2566,พฤษภาคม,นนทบุรี,เมืองนนทบุรี,อบต.บางไผ่,0.0
1200,2566,พฤษภาคม,นนทบุรี,เมืองนนทบุรี,อบต.บางรักน้อย,1.0
1201,2566,มิถุนายน,นนทบุรี,ไทรน้อย,เทศบาลตำบลไทรน้อย,0.0
1202,2566,มิถุนายน,นนทบุรี,ไทรน้อย,อบต.ขุนศรี,15.044
1203,2566,มิถุนายน,นนทบุรี,ไทรน้อย,อบต.คลองขวาง,0.0
1204,2566,มิถุนายน,นนทบุรี,ไทรน้อย,อบต.ทวีวัฒนา,0.0
1205,2566,มิถุนายน,นนทบุรี,ไทรน้อย,อบต.ไทรน้อย,0.0
1206,2566,มิถุนายน,นนทบุรี,ไทรน้อย,อบต.ไทรใหญ่,34.37
1207,2566,มิถุนายน,นนทบุรี,ไทรน้อย,อบต.ราษฎร์นิยม,33.0
1208,2566,มิถุนายน,นนทบุรี,ไทรน้อย,อบต.หนองเพรางาย,80.0
1209,2566,มิถุนายน,นนทบุรี,บางกรวย,เทศบาลเมืองบางกรวย,50.0
1210,2566,มิถุนายน,นนทบุรี,บางกรวย,เทศบาลตำบลบางสีทอง,263.193
1211,2566,มิถุนายน,นนทบุรี,บางกรวย,เทศบาลตำบลปลายบาง,375.627
1212,2566,มิถุนายน,นนทบุรี,บางกรวย,เทศบาลตำบลศาลากลาง,0.0
1213,2566,มิถุนายน,นนทบุรี,บางกรวย,อบต.บางขนุน,0.0
1214,2566,มิถุนายน,นนทบุรี,บางกรวย,อบต.บางขุนกอง,0.0
1215,2566,มิถุนายน,นนทบุรี,บางกรวย,อบต.มหาสวัสดิ์,3.5
1216,2566,มิถุนายน,นนทบุรี,บางบัวทอง,เทศบาลนครบางบัวทอง,5.15
1217,2566,มิถุนายน,นนทบุรี,บางบัวทอง,เทศบาลเมืองบางคูรัด,836.549
1218,2566,มิถุนายน,นนทบุรี,บางบัวทอง,เทศบาลเมืองบางรักพัฒนา,0.0
1219,2566,มิถุนายน,นนทบุรี,บางบัวทอง,เทศบาลเมืองพิมลราช,0.0
1220,2566,มิถุนายน,นนทบุรี,บางบัวทอง,เทศบาลเมืองใหม่บางบัวทอง,150.0
1221,2566,มิถุนายน,นนทบุรี,บางบัวทอง,อบต.บางรักใหญ่,0.0
1222,2566,มิถุนายน,นนทบุรี,บางบัวทอง,อบต.ละหาร,0.0
1223,2566,มิถุนายน,นนทบุรี,บางบัวทอง,อบต.ลำโพ,0.0
1224,2566,มิถุนายน,นนทบุรี,บางใหญ่,เทศบาลเมืองบางแม่นาง,4.0
1225,2566,มิถุนายน,นนทบุรี,บางใหญ่,เทศบาลเมืองเสาธงหิน,2.925
1226,2566,มิถุนายน,นนทบุรี,บางใหญ่,เทศบาลตำบลบางม่วง,0.12
1227,2566,มิถุนายน,นนทบุรี,บางใหญ่,เทศบาลตำบลบางเลน,2.098
1228,2566,มิถุนายน,นนทบุรี,บางใหญ่,เทศบาลตำบลบางใหญ่,40.256
1229,2566,มิถุนายน,นนทบุรี,บางใหญ่,อบต.บางใหญ่,1.0
1230,2566,มิถุนายน,นนทบุรี,บางใหญ่,อบต.บ้านใหม่,3.0
1231,2566,มิถุนายน,นนทบุรี,ปากเกร็ด,เทศบาลนครปากเกร็ด,1.4
1232,2566,มิถุนายน,นนทบุรี,ปากเกร็ด,เทศบาลตำบลบางพลับ,0.031
1233,2566,มิถุนายน,นนทบุรี,ปากเกร็ด,อบต.เกาะเกร็ด,50.0
1234,2566,มิถุนายน,นนทบุรี,ปากเกร็ด,อบต.คลองข่อย,30.0
1235,2566,มิถุนายน,นนทบุรี,ปากเกร็ด,อบต.คลองพระอุดม,1.0
1236,2566,มิถุนายน,นนทบุรี,ปากเกร็ด,อบต.ท่าอิฐ,16.0
1237,2566,มิถุนายน,นนทบุรี,ปากเกร็ด,อบต.บางตะไนย์,0.0
1238,2566,มิถุนายน,นนทบุรี,ปากเกร็ด,อบต.อ้อมเกร็ด,0.0
1239,2566,มิถุนายน,นนทบุรี,เมืองนนทบุรี,เทศบาลนครนนทบุรี,0.187
1240,2566,มิถุนายน,นนทบุรี,เมืองนนทบุรี,เทศบาลเมืองไทรม้า,0.0
1241,2566,มิถุนายน,นนทบุรี,เมืองนนทบุรี,เทศบาลเมืองบางกร่าง,85.2
1242,2566,มิถุนายน,นนทบุรี,เมืองนนทบุรี,เทศบาลเมืองบางศรีเมือง,716.441
1243,2566,มิถุนายน,นนทบุรี,เมืองนนทบุรี,อบต.บางไผ่,0.0
1244,2566,มิถุนายน,นนทบุรี,เมืองนนทบุรี,อบต.บางรักน้อย,1.0
1245,2566,กรกฎาคม,นนทบุรี,ไทรน้อย,เทศบาลตำบลไทรน้อย,44.78
1246,2566,กรกฎาคม,นนทบุรี,ไทรน้อย,อบต.ขุนศรี,15.546
1247,2566,กรกฎาคม,นนทบุรี,ไทรน้อย,อบต.คลองขวาง,0.0
1248,2566,กรกฎาคม,นนทบุรี,ไทรน้อย,อบต.ทวีวัฒนา,0.0
1249,2566,กรกฎาคม,นนทบุรี,ไทรน้อย,อบต.ไทรน้อย,0.0
1250,2566,กรกฎาคม,นนทบุรี,ไทรน้อย,อบต.ไทรใหญ่,34.37
1251,2566,กรกฎาคม,นนทบุรี,ไทรน้อย,อบต.ราษฎร์นิยม,35.0
1252,2566,กรกฎาคม,นนทบุรี,ไทรน้อย,อบต.หนองเพรางาย,80.0
1253,2566,กรกฎาคม,นนทบุรี,บางกรวย,เทศบาลเมืองบางกรวย,50.0
1254,2566,กรกฎาคม,นนทบุรี,บางกรวย,เทศบาลตำบลบางสีทอง,254.451
1255,2566,กรกฎาคม,นนทบุรี,บางกรวย,เทศบาลตำบลปลายบาง,0.0
1256,2566,กรกฎาคม,นนทบุรี,บางกรวย,เทศบาลตำบลศาลากลาง,9.0
1257,2566,กรกฎาคม,นนทบุรี,บางกรวย,อบต.บางขนุน,0.0
1258,2566,กรกฎาคม,นนทบุรี,บางกรวย,อบต.บางขุนกอง,0.0
1259,2566,กรกฎาคม,นนทบุรี,บางกรวย,อบต.มหาสวัสดิ์,3.5
1260,2566,กรกฎาคม,นนทบุรี,บางบัวทอง,เทศบาลนครบางบัวทอง,4.15
1261,2566,กรกฎาคม,นนทบุรี,บางบัวทอง,เทศบาลเมืองบางคูรัด,611.79
1262,2566,กรกฎาคม,นนทบุรี,บางบัวทอง,เทศบาลเมืองบางรักพัฒนา,0.0
1263,2566,กรกฎาคม,นนทบุรี,บางบัวทอง,เทศบาลเมืองพิมลราช,0.0
1264,2566,กรกฎาคม,นนทบุรี,บางบัวทอง,เทศบาลเมืองใหม่บางบัวทอง,150.0
1265,2566,กรกฎาคม,นนทบุรี,บางบัวทอง,อบต.บางรักใหญ่,0.0
1266,2566,กรกฎาคม,นนทบุรี,บางบัวทอง,อบต.ละหาร,0.0
1267,2566,กรกฎาคม,นนทบุรี,บางบัวทอง,อบต.ลำโพ,0.0
1268,2566,กรกฎาคม,นนทบุรี,บางใหญ่,เทศบาลเมืองบางแม่นาง,3.8
1269,2566,กรกฎาคม,นนทบุรี,บางใหญ่,เทศบาลเมืองเสาธงหิน,3.195
1270,2566,กรกฎาคม,นนทบุรี,บางใหญ่,เทศบาลตำบลบางม่วง,0.12
1271,2566,กรกฎาคม,นนทบุรี,บางใหญ่,เทศบาลตำบลบางเลน,2.58
1272,2566,กรกฎาคม,นนทบุรี,บางใหญ่,เทศบาลตำบลบางใหญ่,31.521
1273,2566,กรกฎาคม,นนทบุรี,บางใหญ่,อบต.บางใหญ่,1.0
1274,2566,กรกฎาคม,นนทบุรี,บางใหญ่,อบต.บ้านใหม่,0.002
1275,2566,กรกฎาคม,นนทบุรี,ปากเกร็ด,เทศบาลนครปากเกร็ด,0.7
1276,2566,กรกฎาคม,นนทบุรี,ปากเกร็ด,เทศบาลตำบลบางพลับ,0.022
1277,2566,กรกฎาคม,นนทบุรี,ปากเกร็ด,อบต.เกาะเกร็ด,50.0
1278,2566,กรกฎาคม,นนทบุรี,ปากเกร็ด,อบต.คลองข่อย,10.0
1279,2566,กรกฎาคม,นนทบุรี,ปากเกร็ด,อบต.คลองพระอุดม,1.0
1280,2566,กรกฎาคม,นนทบุรี,ปากเกร็ด,อบต.ท่าอิฐ,18.0
1281,2566,กรกฎาคม,นนทบุรี,ปากเกร็ด,อบต.บางตะไนย์,2.0
1282,2566,กรกฎาคม,นนทบุรี,ปากเกร็ด,อบต.อ้อมเกร็ด,0.0
1283,2566,กรกฎาคม,นนทบุรี,เมืองนนทบุรี,เทศบาลนครนนทบุรี,0.151
1284,2566,กรกฎาคม,นนทบุรี,เมืองนนทบุรี,เทศบาลเมืองไทรม้า,0.0
1285,2566,กรกฎาคม,นนทบุรี,เมืองนนทบุรี,เทศบาลเมืองบางกร่าง,91.59
1286,2566,กรกฎาคม,นนทบุรี,เมืองนนทบุรี,เทศบาลเมืองบางศรีเมือง,696.501
1287,2566,กรกฎาคม,นนทบุรี,เมืองนนทบุรี,อบต.บางไผ่,0.0
1288,2566,กรกฎาคม,นนทบุรี,เมืองนนทบุรี,อบต.บางรักน้อย,1.0
1289,2566,สิงหาคม,นนทบุรี,ไทรน้อย,เทศบาลตำบลไทรน้อย,1.0
1290,2566,สิงหาคม,นนทบุรี,ไทรน้อย,อบต.ขุนศรี,15.546
1291,2566,สิงหาคม,นนทบุรี,ไทรน้อย,อบต.คลองขวาง,0.0
1292,2566,สิงหาคม,นนทบุรี,ไทรน้อย,อบต.ทวีวัฒนา,0.0
1293,2566,สิงหาคม,นนทบุรี,ไทรน้อย,อบต.ไทรน้อย,0.0
1294,2566,สิงหาคม,นนทบุรี,ไทรน้อย,อบต.ไทรใหญ่,34.37
1295,2566,สิงหาคม,นนทบุรี,ไทรน้อย,อบต.ราษฎร์นิยม,0.0
1296,2566,สิงหาคม,นนทบุรี,ไทรน้อย,อบต.หนองเพรางาย,80.0
1297,2566,สิงหาคม,นนทบุรี,บางกรวย,เทศบาลเมืองบางกรวย,35.0
1298,2566,สิงหาคม,นนทบุรี,บางกรวย,เทศบาลตำบลบางสีทอง,454.09
1299,2566,สิงหาคม,นนทบุรี,บางกรวย,เทศบาลตำบลปลายบาง,0.0
1300,2566,สิงหาคม,นนทบุรี,บางกรวย,เทศบาลตำบลศาลากลาง,0.0
1301,2566,สิงหาคม,นนทบุรี,บางกรวย,อบต.บางขนุน,0.0
1302,2566,สิงหาคม,นนทบุรี,บางกรวย,อบต.บางขุนกอง,0.0
1303,2566,สิงหาคม,นนทบุรี,บางกรวย,อบต.มหาสวัสดิ์,3.5
1304,2566,สิงหาคม,นนทบุรี,บางบัวทอง,เทศบาลนครบางบัวทอง,6.17
1305,2566,สิงหาคม,นนทบุรี,บางบัวทอง,เทศบาลเมืองบางคูรัด,660.723
1306,2566,สิงหาคม,นนทบุรี,บางบัวทอง,เทศบาลเมืองบางรักพัฒนา,0.0
1307,2566,สิงหาคม,นนทบุรี,บางบัวทอง,เทศบาลเมืองพิมลราช,0.0
1308,2566,สิงหาคม,นนทบุรี,บางบัวทอง,เทศบาลเมืองใหม่บางบัวทอง,150.0
1309,2566,สิงหาคม,นนทบุรี,บางบัวทอง,อบต.บางรักใหญ่,0.0
1310,2566,สิงหาคม,นนทบุรี,บางบัวทอง,อบต.ละหาร,10.0
1311,2566,สิงหาคม,นนทบุรี,บางบัวทอง,อบต.ลำโพ,0.0
1312,2566,สิงหาคม,นนทบุรี,บางใหญ่,เทศบาลเมืองบางแม่นาง,593.07
1313,2566,สิงหาคม,นนทบุรี,บางใหญ่,เทศบาลเมืองเสาธงหิน,3.225
1314,2566,สิงหาคม,นนทบุรี,บางใหญ่,เทศบาลตำบลบางม่วง,0.3
1315,2566,สิงหาคม,นนทบุรี,บางใหญ่,เทศบาลตำบลบางเลน,2.6
1316,2566,สิงหาคม,นนทบุรี,บางใหญ่,เทศบาลตำบลบางใหญ่,26.902
1317,2566,สิงหาคม,นนทบุรี,บางใหญ่,อบต.บางใหญ่,1.5
1318,2566,สิงหาคม,นนทบุรี,บางใหญ่,อบต.บ้านใหม่,3.0
1319,2566,สิงหาคม,นนทบุรี,ปากเกร็ด,เทศบาลนครปากเกร็ด,1.2
1320,2566,สิงหาคม,นนทบุรี,ปากเกร็ด,เทศบาลตำบลบางพลับ,0.018
1321,2566,สิงหาคม,นนทบุรี,ปากเกร็ด,อบต.เกาะเกร็ด,50.0
1322,2566,สิงหาคม,นนทบุรี,ปากเกร็ด,อบต.คลองข่อย,10.0
1323,2566,สิงหาคม,นนทบุรี,ปากเกร็ด,อบต.คลองพระอุดม,1.0
1324,2566,สิงหาคม,นนทบุรี,ปากเกร็ด,อบต.ท่าอิฐ,19.0
1325,2566,สิงหาคม,นนทบุรี,ปากเกร็ด,อบต.บางตะไนย์,2.0
1326,2566,สิงหาคม,นนทบุรี,ปากเกร็ด,อบต.อ้อมเกร็ด,0.0
1327,2566,สิงหาคม,นนทบุรี,เมืองนนทบุรี,เทศบาลนครนนทบุรี,0.116
1328,2566,สิงหาคม,นนทบุรี,เมืองนนทบุรี,เทศบาลเมืองไทรม้า,0.0
1329,2566,สิงหาคม,นนทบุรี,เมืองนนทบุรี,เทศบาลเมืองบางกร่าง,90.84
1330,2566,สิงหาคม,นนทบุรี,เมืองนนทบุรี,เทศบาลเมืองบางศรีเมือง,709.39
1331,2566,สิงหาคม,นนทบุรี,เมืองนนทบุรี,อบต.บางไผ่,0.0
1332,2566,สิงหาคม,นนทบุรี,เมืองนนทบุรี,อบต.บางรักน้อย,1.0
1333,2566,กันยายน,นนทบุรี,ไทรน้อย,เทศบาลตำบลไทรน้อย,0.01
1334,2566,กันยายน,นนทบุรี,ไทรน้อย,อบต.ขุนศรี,15.045
1335,2566,กันยายน,นนทบุรี,ไทรน้อย,อบต.คลองขวาง,0.0
1336,2566,กันยายน,นนทบุรี,ไทรน้อย,อบต.ทวีวัฒนา,0.0
1337,2566,กันยายน,นนทบุรี,ไทรน้อย,อบต.ไทรน้อย,0.0
1338,2566,กันยายน,นนทบุรี,ไทรน้อย,อบต.ไทรใหญ่,34.37
1339,2566,กันยายน,นนทบุรี,ไทรน้อย,อบต.ราษฎร์นิยม,0.0
1340,2566,กันยายน,นนทบุรี,ไทรน้อย,อบต.หนองเพรางาย,80.0
1341,2566,กันยายน,นนทบุรี,บางกรวย,เทศบาลเมืองบางกรวย,47.0
1342,2566,กันยายน,นนทบุรี,บางกรวย,เทศบาลตำบลบางสีทอง,443.04
1343,2566,กันยายน,นนทบุรี,บางกรวย,เทศบาลตำบลปลายบาง,0.0
1344,2566,กันยายน,นนทบุรี,บางกรวย,เทศบาลตำบลศาลากลาง,10.0
1345,2566,กันยายน,นนทบุรี,บางกรวย,อบต.บางขนุน,0.0
1346,2566,กันยายน,นนทบุรี,บางกรวย,อบต.บางขุนกอง,0.0
1347,2566,กันยายน,นนทบุรี,บางกรวย,อบต.มหาสวัสดิ์,3.5
1348,2566,กันยายน,นนทบุรี,บางบัวทอง,เทศบาลนครบางบัวทอง,6.15
1349,2566,กันยายน,นนทบุรี,บางบัวทอง,เทศบาลเมืองบางคูรัด,544.104
1350,2566,กันยายน,นนทบุรี,บางบัวทอง,เทศบาลเมืองบางรักพัฒนา,0.0
1351,2566,กันยายน,นนทบุรี,บางบัวทอง,เทศบาลเมืองพิมลราช,0.0
1352,2566,กันยายน,นนทบุรี,บางบัวทอง,เทศบาลเมืองใหม่บางบัวทอง,120.0
1353,2566,กันยายน,นนทบุรี,บางบัวทอง,อบต.บางรักใหญ่,3.0
1354,2566,กันยายน,นนทบุรี,บางบัวทอง,อบต.ละหาร,10.0
1355,2566,กันยายน,นนทบุรี,บางบัวทอง,อบต.ลำโพ,0.0
1356,2566,กันยายน,นนทบุรี,บางใหญ่,เทศบาลเมืองบางแม่นาง,0.0
1357,2566,กันยายน,นนทบุรี,บางใหญ่,เทศบาลเมืองเสาธงหิน,3.075
1358,2566,กันยายน,นนทบุรี,บางใหญ่,เทศบาลตำบลบางม่วง,0.1
1359,2566,กันยายน,นนทบุรี,บางใหญ่,เทศบาลตำบลบางเลน,1.62
1360,2566,กันยายน,นนทบุรี,บางใหญ่,เทศบาลตำบลบางใหญ่,26.902
1361,2566,กันยายน,นนทบุรี,บางใหญ่,อบต.บางใหญ่,1.0
1362,2566,กันยายน,นนทบุรี,บางใหญ่,อบต.บ้านใหม่,2.0
1363,2566,กันยายน,นนทบุรี,ปากเกร็ด,เทศบาลนครปากเกร็ด,4.5
1364,2566,กันยายน,นนทบุรี,ปากเกร็ด,เทศบาลตำบลบางพลับ,0.035
1365,2566,กันยายน,นนทบุรี,ปากเกร็ด,อบต.เกาะเกร็ด,40.55
1366,2566,กันยายน,นนทบุรี,ปากเกร็ด,อบต.คลองข่อย,10.0
1367,2566,กันยายน,นนทบุรี,ปากเกร็ด,อบต.คลองพระอุดม,1.0
1368,2566,กันยายน,นนทบุรี,ปากเกร็ด,อบต.ท่าอิฐ,17.0
1369,2566,กันยายน,นนทบุรี,ปากเกร็ด,อบต.บางตะไนย์,2.0
1370,2566,กันยายน,นนทบุรี,ปากเกร็ด,อบต.อ้อมเกร็ด,0.0
1371,2566,กันยายน,นนทบุรี,เมืองนนทบุรี,เทศบาลนครนนทบุรี,0.128
1372,2566,กันยายน,นนทบุรี,เมืองนนทบุรี,เทศบาลเมืองไทรม้า,0.0
1373,2566,กันยายน,นนทบุรี,เมืองนนทบุรี,เทศบาลเมืองบางกร่าง,86.19
1374,2566,กันยายน,นนทบุรี,เมืองนนทบุรี,เทศบาลเมืองบางศรีเมือง,697.273
1375,2566,กันยายน,นนทบุรี,เมืองนนทบุรี,อบต.บางไผ่,0.0
1376,2566,กันยายน,นนทบุรี,เมืองนนทบุรี,อบต.บางรักน้อย,0.0
1377,2566,ตุลาคม,นนทบุรี,ไทรน้อย,เทศบาลตำบลไทรน้อย,0.0
1378,2566,ตุลาคม,นนทบุรี,ไทรน้อย,อบต.ขุนศรี,1.038
1379,2566,ตุลาคม,นนทบุรี,ไทรน้อย,อบต.คลองขวาง,0.0
1380,2566,ตุลาคม,นนทบุรี,ไทรน้อย,อบต.ทวีวัฒนา,195.0
1381,2566,ตุลาคม,นนทบุรี,ไทรน้อย,อบต.ไทรน้อย,0.0
1382,2566,ตุลาคม,นนทบุรี,ไทรน้อย,อบต.ไทรใหญ่,25.0
1383,2566,ตุลาคม,นนทบุรี,ไทรน้อย,อบต.ราษฎร์นิยม,205.605
1384,2566,ตุลาคม,นนทบุรี,ไทรน้อย,อบต.หนองเพรางาย,80.0
1385,2566,ตุลาคม,นนทบุรี,บางกรวย,เทศบาลเมืองบางกรวย,51.0
1386,2566,ตุลาคม,นนทบุรี,บางกรวย,เทศบาลตำบลบางสีทอง,248.244
1387,2566,ตุลาคม,นนทบุรี,บางกรวย,เทศบาลตำบลปลายบาง,370.511
1388,2566,ตุลาคม,นนทบุรี,บางกรวย,เทศบาลตำบลศาลากลาง,7.0
1389,2566,ตุลาคม,นนทบุรี,บางกรวย,อบต.บางขนุน,0.0
1390,2566,ตุลาคม,นนทบุรี,บางกรวย,อบต.บางขุนกอง,0.0
1391,2566,ตุลาคม,นนทบุรี,บางกรวย,อบต.มหาสวัสดิ์,2.84
1392,2566,ตุลาคม,นนทบุรี,บางบัวทอง,เทศบาลนครบางบัวทอง,6.58
1393,2566,ตุลาคม,นนทบุรี,บางบัวทอง,เทศบาลเมืองบางคูรัด,615.306
1394,2566,ตุลาคม,นนทบุรี,บางบัวทอง,เทศบาลเมืองบางรักพัฒนา,0.0
1395,2566,ตุลาคม,นนทบุรี,บางบัวทอง,เทศบาลเมืองพิมลราช,0.0
1396,2566,ตุลาคม,นนทบุรี,บางบัวทอง,เทศบาลเมืองใหม่บางบัวทอง,100.0
1397,2566,ตุลาคม,นนทบุรี,บางบัวทอง,อบต.บางรักใหญ่,0.0
1398,2566,ตุลาคม,นนทบุรี,บางบัวทอง,อบต.ละหาร,0.0
1399,2566,ตุลาคม,นนทบุรี,บางบัวทอง,อบต.ลำโพ,0.0
1400,2566,ตุลาคม,นนทบุรี,บางใหญ่,เทศบาลเมืองบางแม่นาง,4.0
1401,2566,ตุลาคม,นนทบุรี,บางใหญ่,เทศบาลเมืองเสาธงหิน,3.08
1402,2566,ตุลาคม,นนทบุรี,บางใหญ่,เทศบาลตำบลบางม่วง,0.29
1403,2566,ตุลาคม,นนทบุรี,บางใหญ่,เทศบาลตำบลบางเลน,1.443
1404,2566,ตุลาคม,นนทบุรี,บางใหญ่,เทศบาลตำบลบางใหญ่,26.902
1405,2566,ตุลาคม,นนทบุรี,บางใหญ่,อบต.บางใหญ่,0.5
1406,2566,ตุลาคม,นนทบุรี,บางใหญ่,อบต.บ้านใหม่,3.0
1407,2566,ตุลาคม,นนทบุรี,ปากเกร็ด,เทศบาลนครปากเกร็ด,0.56
1408,2566,ตุลาคม,นนทบุรี,ปากเกร็ด,เทศบาลตำบลบางพลับ,0.0
1409,2566,ตุลาคม,นนทบุรี,ปากเกร็ด,อบต.เกาะเกร็ด,6.0
1410,2566,ตุลาคม,นนทบุรี,ปากเกร็ด,อบต.คลองข่อย,20.0
1411,2566,ตุลาคม,นนทบุรี,ปากเกร็ด,อบต.คลองพระอุดม,1.0
1412,2566,ตุลาคม,นนทบุรี,ปากเกร็ด,อบต.ท่าอิฐ,15.25
1413,2566,ตุลาคม,นนทบุรี,ปากเกร็ด,อบต.บางตะไนย์,0.0
1414,2566,ตุลาคม,นนทบุรี,ปากเกร็ด,อบต.อ้อมเกร็ด,0.0
1415,2566,ตุลาคม,นนทบุรี,เมืองนนทบุรี,เทศบาลนครนนทบุรี,0.808
1416,2566,ตุลาคม,นนทบุรี,เมืองนนทบุรี,เทศบาลเมืองไทรม้า,0.0
1417,2566,ตุลาคม,นนทบุรี,เมืองนนทบุรี,เทศบาลเมืองบางกร่าง,94.12
1418,2566,ตุลาคม,นนทบุรี,เมืองนนทบุรี,เทศบาลเมืองบางศรีเมือง,682.44
1419,2566,ตุลาคม,นนทบุรี,เมืองนนทบุรี,อบต.บางไผ่,0.0
1420,2566,ตุลาคม,นนทบุรี,เมืองนนทบุรี,อบต.บางรักน้อย,1.0
1421,2566,พฤศจิกายน,นนทบุรี,ไทรน้อย,เทศบาลตำบลไทรน้อย,0.0
1422,2566,พฤศจิกายน,นนทบุรี,ไทรน้อย,อบต.ขุนศรี,4.785
1423,2566,พฤศจิกายน,นนทบุรี,ไทรน้อย,อบต.คลองขวาง,0.0
1424,2566,พฤศจิกายน,นนทบุรี,ไทรน้อย,อบต.ทวีวัฒนา,0.0
1425,2566,พฤศจิกายน,นนทบุรี,ไทรน้อย,อบต.ไทรน้อย,0.0
1426,2566,พฤศจิกายน,นนทบุรี,ไทรน้อย,อบต.ไทรใหญ่,25.0
1427,2566,พฤศจิกายน,นนทบุรี,ไทรน้อย,อบต.ราษฎร์นิยม,196.455
1428,2566,พฤศจิกายน,นนทบุรี,ไทรน้อย,อบต.หนองเพรางาย,80.0
1429,2566,พฤศจิกายน,นนทบุรี,บางกรวย,เทศบาลเมืองบางกรวย,25.0
1430,2566,พฤศจิกายน,นนทบุรี,บางกรวย,เทศบาลตำบลบางสีทอง,255.19
1431,2566,พฤศจิกายน,นนทบุรี,บางกรวย,เทศบาลตำบลปลายบาง,391.757
1432,2566,พฤศจิกายน,นนทบุรี,บางกรวย,เทศบาลตำบลศาลากลาง,9.0
1433,2566,พฤศจิกายน,นนทบุรี,บางกรวย,อบต.บางขนุน,100.23
1434,2566,พฤศจิกายน,นนทบุรี,บางกรวย,อบต.บางขุนกอง,0.0
1435,2566,พฤศจิกายน,นนทบุรี,บางกรวย,อบต.มหาสวัสดิ์,2.9
1436,2566,พฤศจิกายน,นนทบุรี,บางบัวทอง,เทศบาลนครบางบัวทอง,5.26
1437,2566,พฤศจิกายน,นนทบุรี,บางบัวทอง,เทศบาลเมืองบางคูรัด,775.198
1438,2566,พฤศจิกายน,นนทบุรี,บางบัวทอง,เทศบาลเมืองบางรักพัฒนา,0.0
1439,2566,พฤศจิกายน,นนทบุรี,บางบัวทอง,เทศบาลเมืองพิมลราช,0.0
1440,2566,พฤศจิกายน,นนทบุรี,บางบัวทอง,เทศบาลเมืองใหม่บางบัวทอง,150.0
1441,2566,พฤศจิกายน,นนทบุรี,บางบัวทอง,อบต.บางรักใหญ่,0.0
1442,2566,พฤศจิกายน,นนทบุรี,บางบัวทอง,อบต.ละหาร,0.0
1443,2566,พฤศจิกายน,นนทบุรี,บางบัวทอง,อบต.ลำโพ,0.0
1444,2566,พฤศจิกายน,นนทบุรี,บางใหญ่,เทศบาลเมืองบางแม่นาง,0.0
1445,2566,พฤศจิกายน,นนทบุรี,บางใหญ่,เทศบาลเมืองเสาธงหิน,2.485
1446,2566,พฤศจิกายน,นนทบุรี,บางใหญ่,เทศบาลตำบลบางม่วง,0.22
1447,2566,พฤศจิกายน,นนทบุรี,บางใหญ่,เทศบาลตำบลบางเลน,0.834
1448,2566,พฤศจิกายน,นนทบุรี,บางใหญ่,เทศบาลตำบลบางใหญ่,31.521
1449,2566,พฤศจิกายน,นนทบุรี,บางใหญ่,อบต.บางใหญ่,1.0
1450,2566,พฤศจิกายน,นนทบุรี,บางใหญ่,อบต.บ้านใหม่,7.0
1451,2566,พฤศจิกายน,นนทบุรี,ปากเกร็ด,เทศบาลนครปากเกร็ด,0.48
1452,2566,พฤศจิกายน,นนทบุรี,ปากเกร็ด,เทศบาลตำบลบางพลับ,0.025
1453,2566,พฤศจิกายน,นนทบุรี,ปากเกร็ด,อบต.เกาะเกร็ด,5.0
1454,2566,พฤศจิกายน,นนทบุรี,ปากเกร็ด,อบต.คลองข่อย,0.001
1455,2566,พฤศจิกายน,นนทบุรี,ปากเกร็ด,อบต.คลองพระอุดม,1.0
1456,2566,พฤศจิกายน,นนทบุรี,ปากเกร็ด,อบต.ท่าอิฐ,12.0
1457,2566,พฤศจิกายน,นนทบุรี,ปากเกร็ด,อบต.บางตะไนย์,0.0
1458,2566,พฤศจิกายน,นนทบุรี,ปากเกร็ด,อบต.อ้อมเกร็ด,0.0
1459,2566,พฤศจิกายน,นนทบุรี,เมืองนนทบุรี,เทศบาลนครนนทบุรี,0.808
1460,2566,พฤศจิกายน,นนทบุรี,เมืองนนทบุรี,เทศบาลเมืองไทรม้า,0.0
1461,2566,พฤศจิกายน,นนทบุรี,เมืองนนทบุรี,เทศบาลเมืองบางกร่าง,74.61
1462,2566,พฤศจิกายน,นนทบุรี,เมืองนนทบุรี,เทศบาลเมืองบางศรีเมือง,648.634
1463,2566,พฤศจิกายน,นนทบุรี,เมืองนนทบุรี,อบต.บางไผ่,0.0
1464,2566,พฤศจิกายน,นนทบุรี,เมืองนนทบุรี,อบต.บางรักน้อย,0.0
1465,2566,ธันวาคม,นนทบุรี,ไทรน้อย,เทศบาลตำบลไทรน้อย,0.0
1466,2566,ธันวาคม,นนทบุรี,ไทรน้อย,อบต.ขุนศรี,11.687
1467,2566,ธันวาคม,นนทบุรี,ไทรน้อย,อบต.คลองขวาง,0.0
1468,2566,ธันวาคม,นนทบุรี,ไทรน้อย,อบต.ทวีวัฒนา,0.0
1469,2566,ธันวาคม,นนทบุรี,ไทรน้อย,อบต.ไทรน้อย,0.0
1470,2566,ธันวาคม,นนทบุรี,ไทรน้อย,อบต.ไทรใหญ่,25.0
1471,2566,ธันวาคม,นนทบุรี,ไทรน้อย,อบต.ราษฎร์นิยม,178.85
1472,2566,ธันวาคม,นนทบุรี,ไทรน้อย,อบต.หนองเพรางาย,80.0
1473,2566,ธันวาคม,นนทบุรี,บางกรวย,เทศบาลเมืองบางกรวย,50.0
1474,2566,ธันวาคม,นนทบุรี,บางกรวย,เทศบาลตำบลบางสีทอง,246.639
1475,2566,ธันวาคม,นนทบุรี,บางกรวย,เทศบาลตำบลปลายบาง,397.4
1476,2566,ธันวาคม,นนทบุรี,บางกรวย,เทศบาลตำบลศาลากลาง,8.0
1477,2566,ธันวาคม,นนทบุรี,บางกรวย,อบต.บางขนุน,108.24
1478,2566,ธันวาคม,นนทบุรี,บางกรวย,อบต.บางขุนกอง,0.0
1479,2566,ธันวาคม,นนทบุรี,บางกรวย,อบต.มหาสวัสดิ์,3.145
1480,2566,ธันวาคม,นนทบุรี,บางบัวทอง,เทศบาลนครบางบัวทอง,6.24
1481,2566,ธันวาคม,นนทบุรี,บางบัวทอง,เทศบาลเมืองบางคูรัด,775.198
1482,2566,ธันวาคม,นนทบุรี,บางบัวทอง,เทศบาลเมืองบางรักพัฒนา,0.0
1483,2566,ธันวาคม,นนทบุรี,บางบัวทอง,เทศบาลเมืองพิมลราช,0.0
1484,2566,ธันวาคม,นนทบุรี,บางบัวทอง,เทศบาลเมืองใหม่บางบัวทอง,130.0
1485,2566,ธันวาคม,นนทบุรี,บางบัวทอง,อบต.บางรักใหญ่,0.0
1486,2566,ธันวาคม,นนทบุรี,บางบัวทอง,อบต.ละหาร,0.0
1487,2566,ธันวาคม,นนทบุรี,บางบัวทอง,อบต.ลำโพ,0.0
1488,2566,ธันวาคม,นนทบุรี,บางใหญ่,เทศบาลเมืองบางแม่นาง,0.0
1489,2566,ธันวาคม,นนทบุรี,บางใหญ่,เทศบาลเมืองเสาธงหิน,3.25
1490,2566,ธันวาคม,นนทบุรี,บางใหญ่,เทศบาลตำบลบางม่วง,0.18
1491,2566,ธันวาคม,นนทบุรี,บางใหญ่,เทศบาลตำบลบางเลน,1.089
1492,2566,ธันวาคม,นนทบุรี,บางใหญ่,เทศบาลตำบลบางใหญ่,32.158
1493,2566,ธันวาคม,นนทบุรี,บางใหญ่,อบต.บางใหญ่,0.3
1494,2566,ธันวาคม,นนทบุรี,บางใหญ่,อบต.บ้านใหม่,5.9
1495,2566,ธันวาคม,นนทบุรี,ปากเกร็ด,เทศบาลนครปากเกร็ด,0.0
1496,2566,ธันวาคม,นนทบุรี,ปากเกร็ด,เทศบาลตำบลบางพลับ,0.036
1497,2566,ธันวาคม,นนทบุรี,ปากเกร็ด,อบต.เกาะเกร็ด,0.5
1498,2566,ธันวาคม,นนทบุรี,ปากเกร็ด,อบต.คลองข่อย,30.0
1499,2566,ธันวาคม,นนทบุรี,ปากเกร็ด,อบต.คลองพระอุดม,1.0
1500,2566,ธันวาคม,นนทบุรี,ปากเกร็ด,อบต.ท่าอิฐ,30.0
1501,2566,ธันวาคม,นนทบุรี,ปากเกร็ด,อบต.บางตะไนย์,0.0
1502,2566,ธันวาคม,นนทบุรี,ปากเกร็ด,อบต.อ้อมเกร็ด,0.0
1503,2566,ธันวาคม,นนทบุรี,เมืองนนทบุรี,เทศบาลนครนนทบุรี,0.808
1504,2566,ธันวาคม,นนทบุรี,เมืองนนทบุรี,เทศบาลเมืองไทรม้า,0.0
1505,2566,ธันวาคม,นนทบุรี,เมืองนนทบุรี,เทศบาลเมืองบางกร่าง,81.78
1506,2566,ธันวาคม,นนทบุรี,เมืองนนทบุรี,เทศบาลเมืองบางศรีเมือง,658.589
1507,2566,ธันวาคม,นนทบุรี,เมืองนนทบุรี,อบต.บางไผ่,0.0
1508,2566,ธันวาคม,นนทบุรี,เมืองนนทบุรี,อบต.บางรักน้อย,1.0
1509,2567,มกราคม,นนทบุรี,ไทรน้อย,เทศบาลตำบลไทรน้อย,0.0
1510,2567,มกราคม,นนทบุรี,ไทรน้อย,อบต.ขุนศรี,20.21
1511,2567,มกราคม,นนทบุรี,ไทรน้อย,อบต.คลองขวาง,0.0
1512,2567,มกราคม,นนทบุรี,ไทรน้อย,อบต.ทวีวัฒนา,0.0
1513,2567,มกราคม,นนทบุรี,ไทรน้อย,อบต.ไทรน้อย,0.0
1514,2567,มกราคม,นนทบุรี,ไทรน้อย,อบต.ไทรใหญ่,0.0
1515,2567,มกราคม,นนทบุรี,ไทรน้อย,อบต.ราษฎร์นิยม,0.0
1516,2567,มกราคม,นนทบุรี,ไทรน้อย,อบต.หนองเพรางาย,80.0
1517,2567,มกราคม,นนทบุรี,บางกรวย,เทศบาลเมืองบางกรวย,70.89
1518,2567,มกราคม,นนทบุรี,บางกรวย,เทศบาลตำบลบางสีทอง,419.161
1519,2567,มกราคม,นนทบุรี,บางกรวย,เทศบาลตำบลปลายบาง,0.0
1520,2567,มกราคม,นนทบุรี,บางกรวย,เทศบาลตำบลศาลากลาง,2.5
1521,2567,มกราคม,นนทบุรี,บางกรวย,อบต.บางขนุน,0.0
1522,2567,มกราคม,นนทบุรี,บางกรวย,อบต.บางขุนกอง,0.0
1523,2567,มกราคม,นนทบุรี,บางกรวย,อบต.มหาสวัสดิ์,3.5
1524,2567,มกราคม,นนทบุรี,บางบัวทอง,เทศบาลนครบางบัวทอง,5.83
1525,2567,มกราคม,นนทบุรี,บางบัวทอง,เทศบาลเมืองบางคูรัด,605.0
1526,2567,มกราคม,นนทบุรี,บางบัวทอง,เทศบาลเมืองบางรักพัฒนา,0.0
1527,2567,มกราคม,นนทบุรี,บางบัวทอง,เทศบาลเมืองพิมลราช,0.0
1528,2567,มกราคม,นนทบุรี,บางบัวทอง,เทศบาลเมืองใหม่บางบัวทอง,10.0
1529,2567,มกราคม,นนทบุรี,บางบัวทอง,อบต.บางรักใหญ่,0.0
1530,2567,มกราคม,นนทบุรี,บางบัวทอง,อบต.ละหาร,10.0
1531,2567,มกราคม,นนทบุรี,บางบัวทอง,อบต.ลำโพ,0.0
1532,2567,มกราคม,นนทบุรี,บางใหญ่,เทศบาลเมืองบางแม่นาง,0.0
1533,2567,มกราคม,นนทบุรี,บางใหญ่,เทศบาลเมืองเสาธงหิน,3.41
1534,2567,มกราคม,นนทบุรี,บางใหญ่,เทศบาลตำบลบางม่วง,0.089
1535,2567,มกราคม,นนทบุรี,บางใหญ่,เทศบาลตำบลบางเลน,1.57
1536,2567,มกราคม,นนทบุรี,บางใหญ่,เทศบาลตำบลบางใหญ่,40.256
1537,2567,มกราคม,นนทบุรี,บางใหญ่,อบต.บางใหญ่,1.5
1538,2567,มกราคม,นนทบุรี,บางใหญ่,อบต.บ้านใหม่,1.0
1539,2567,มกราคม,นนทบุรี,ปากเกร็ด,เทศบาลนครปากเกร็ด,4.2
1540,2567,มกราคม,นนทบุรี,ปากเกร็ด,เทศบาลตำบลบางพลับ,0.025
1541,2567,มกราคม,นนทบุรี,ปากเกร็ด,อบต.เกาะเกร็ด,20.0
1542,2567,มกราคม,นนทบุรี,ปากเกร็ด,อบต.คลองข่อย,10.0
1543,2567,มกราคม,นนทบุรี,ปากเกร็ด,อบต.คลองพระอุดม,1.0
1544,2567,มกราคม,นนทบุรี,ปากเกร็ด,อบต.ท่าอิฐ,28.0
1545,2567,มกราคม,นนทบุรี,ปากเกร็ด,อบต.บางตะไนย์,2.0
1546,2567,มกราคม,นนทบุรี,ปากเกร็ด,อบต.อ้อมเกร็ด,0.0
1547,2567,มกราคม,นนทบุรี,เมืองนนทบุรี,เทศบาลนครนนทบุรี,1.38
1548,2567,มกราคม,นนทบุรี,เมืองนนทบุรี,เทศบาลเมืองไทรม้า,0.0
1549,2567,มกราคม,นนทบุรี,เมืองนนทบุรี,เทศบาลเมืองบางกร่าง,91.09
1550,2567,มกราคม,นนทบุรี,เมืองนนทบุรี,เทศบาลเมืองบางศรีเมือง,692.18
1551,2567,มกราคม,นนทบุรี,เมืองนนทบุรี,อบต.บางไผ่,498.855
1552,2567,มกราคม,นนทบุรี,เมืองนนทบุรี,อบต.บางรักน้อย,0.0
1553,2567,กุมภาพันธ์,นนทบุรี,ไทรน้อย,เทศบาลตำบลไทรน้อย,0.0
1554,2567,กุมภาพันธ์,นนทบุรี,ไทรน้อย,อบต.ขุนศรี,18.908
1555,2567,กุมภาพันธ์,นนทบุรี,ไทรน้อย,อบต.คลองขวาง,0.0
1556,2567,กุมภาพันธ์,นนทบุรี,ไทรน้อย,อบต.ทวีวัฒนา,0.0
1557,2567,กุมภาพันธ์,นนทบุรี,ไทรน้อย,อบต.ไทรน้อย,0.0
1558,2567,กุมภาพันธ์,นนทบุรี,ไทรน้อย,อบต.ไทรใหญ่,0.0
1559,2567,กุมภาพันธ์,นนทบุรี,ไทรน้อย,อบต.ราษฎร์นิยม,0.0
1560,2567,กุมภาพันธ์,นนทบุรี,ไทรน้อย,อบต.หนองเพรางาย,80.0
1561,2567,กุมภาพันธ์,นนทบุรี,บางกรวย,เทศบาลเมืองบางกรวย,22.0
1562,2567,กุมภาพันธ์,นนทบุรี,บางกรวย,เทศบาลตำบลบางสีทอง,407.058
1563,2567,กุมภาพันธ์,นนทบุรี,บางกรวย,เทศบาลตำบลปลายบาง,0.0
1564,2567,กุมภาพันธ์,นนทบุรี,บางกรวย,เทศบาลตำบลศาลากลาง,2.5
1565,2567,กุมภาพันธ์,นนทบุรี,บางกรวย,อบต.บางขนุน,0.0
1566,2567,กุมภาพันธ์,นนทบุรี,บางกรวย,อบต.บางขุนกอง,0.0
1567,2567,กุมภาพันธ์,นนทบุรี,บางกรวย,อบต.มหาสวัสดิ์,3.6
1568,2567,กุมภาพันธ์,นนทบุรี,บางบัวทอง,เทศบาลนครบางบัวทอง,5.15
1569,2567,กุมภาพันธ์,นนทบุรี,บางบัวทอง,เทศบาลเมืองบางคูรัด,585.276
1570,2567,กุมภาพันธ์,นนทบุรี,บางบัวทอง,เทศบาลเมืองบางรักพัฒนา,0.0
1571,2567,กุมภาพันธ์,นนทบุรี,บางบัวทอง,เทศบาลเมืองพิมลราช,0.0
1572,2567,กุมภาพันธ์,นนทบุรี,บางบัวทอง,เทศบาลเมืองใหม่บางบัวทอง,150.0
1573,2567,กุมภาพันธ์,นนทบุรี,บางบัวทอง,อบต.บางรักใหญ่,0.0
1574,2567,กุมภาพันธ์,นนทบุรี,บางบัวทอง,อบต.ละหาร,9.0
1575,2567,กุมภาพันธ์,นนทบุรี,บางบัวทอง,อบต.ลำโพ,0.0
1576,2567,กุมภาพันธ์,นนทบุรี,บางใหญ่,เทศบาลเมืองบางแม่นาง,0.0
1577,2567,กุมภาพันธ์,นนทบุรี,บางใหญ่,เทศบาลเมืองเสาธงหิน,3.25
1578,2567,กุมภาพันธ์,นนทบุรี,บางใหญ่,เทศบาลตำบลบางม่วง,0.08
1579,2567,กุมภาพันธ์,นนทบุรี,บางใหญ่,เทศบาลตำบลบางเลน,2.098
1580,2567,กุมภาพันธ์,นนทบุรี,บางใหญ่,เทศบาลตำบลบางใหญ่,31.521
1581,2567,กุมภาพันธ์,นนทบุรี,บางใหญ่,อบต.บางใหญ่,1.5
1582,2567,กุมภาพันธ์,นนทบุรี,บางใหญ่,อบต.บ้านใหม่,1.0
1583,2567,กุมภาพันธ์,นนทบุรี,ปากเกร็ด,เทศบาลนครปากเกร็ด,2.4
1584,2567,กุมภาพันธ์,นนทบุรี,ปากเกร็ด,เทศบาลตำบลบางพลับ,0.018
1585,2567,กุมภาพันธ์,นนทบุรี,ปากเกร็ด,อบต.เกาะเกร็ด,22.55
1586,2567,กุมภาพันธ์,นนทบุรี,ปากเกร็ด,อบต.คลองข่อย,10.0
1587,2567,กุมภาพันธ์,นนทบุรี,ปากเกร็ด,อบต.คลองพระอุดม,1.0
1588,2567,กุมภาพันธ์,นนทบุรี,ปากเกร็ด,อบต.ท่าอิฐ,21.0
1589,2567,กุมภาพันธ์,นนทบุรี,ปากเกร็ด,อบต.บางตะไนย์,2.0
1590,2567,กุมภาพันธ์,นนทบุรี,ปากเกร็ด,อบต.อ้อมเกร็ด,0.0
1591,2567,กุมภาพันธ์,นนทบุรี,เมืองนนทบุรี,เทศบาลนครนนทบุรี,0.46
1592,2567,กุมภาพันธ์,นนทบุรี,เมืองนนทบุรี,เทศบาลเมืองไทรม้า,0.0
1593,2567,กุมภาพันธ์,นนทบุรี,เมืองนนทบุรี,เทศบาลเมืองบางกร่าง,88.27
1594,2567,กุมภาพันธ์,นนทบุรี,เมืองนนทบุรี,เทศบาลเมืองบางศรีเมือง,647.295
1595,2567,กุมภาพันธ์,นนทบุรี,เมืองนนทบุรี,อบต.บางไผ่,474.155
1596,2567,กุมภาพันธ์,นนทบุรี,เมืองนนทบุรี,อบต.บางรักน้อย,1.0
1597,2567,มีนาคม,นนทบุรี,ไทรน้อย,เทศบาลตำบลไทรน้อย,0.0
1598,2567,มีนาคม,นนทบุรี,ไทรน้อย,อบต.ขุนศรี,20.21
1599,2567,มีนาคม,นนทบุรี,ไทรน้อย,อบต.คลองขวาง,0.0
1600,2567,มีนาคม,นนทบุรี,ไทรน้อย,อบต.ทวีวัฒนา,0.0
1601,2567,มีนาคม,นนทบุรี,ไทรน้อย,อบต.ไทรน้อย,0.0
1602,2567,มีนาคม,นนทบุรี,ไทรน้อย,อบต.ไทรใหญ่,0.0
1603,2567,มีนาคม,นนทบุรี,ไทรน้อย,อบต.ราษฎร์นิยม,0.0
1604,2567,มีนาคม,นนทบุรี,ไทรน้อย,อบต.หนองเพรางาย,80.0
1605,2567,มีนาคม,นนทบุรี,บางกรวย,เทศบาลเมืองบางกรวย,57.2
1606,2567,มีนาคม,นนทบุรี,บางกรวย,เทศบาลตำบลบางสีทอง,415.658
1607,2567,มีนาคม,นนทบุรี,บางกรวย,เทศบาลตำบลปลายบาง,0.0
1608,2567,มีนาคม,นนทบุรี,บางกรวย,เทศบาลตำบลศาลากลาง,2.5
1609,2567,มีนาคม,นนทบุรี,บางกรวย,อบต.บางขนุน,0.0
1610,2567,มีนาคม,นนทบุรี,บางกรวย,อบต.บางขุนกอง,0.0
1611,2567,มีนาคม,นนทบุรี,บางกรวย,อบต.มหาสวัสดิ์,3.6
1612,2567,มีนาคม,นนทบุรี,บางบัวทอง,เทศบาลนครบางบัวทอง,5.6
1613,2567,มีนาคม,นนทบุรี,บางบัวทอง,เทศบาลเมืองบางคูรัด,618.972
1614,2567,มีนาคม,นนทบุรี,บางบัวทอง,เทศบาลเมืองบางรักพัฒนา,0.0
1615,2567,มีนาคม,นนทบุรี,บางบัวทอง,เทศบาลเมืองพิมลราช,0.0
1616,2567,มีนาคม,นนทบุรี,บางบัวทอง,เทศบาลเมืองใหม่บางบัวทอง,120.0
1617,2567,มีนาคม,นนทบุรี,บางบัวทอง,อบต.บางรักใหญ่,0.0
1618,2567,มีนาคม,นนทบุรี,บางบัวทอง,อบต.ละหาร,8.5
1619,2567,มีนาคม,นนทบุรี,บางบัวทอง,อบต.ลำโพ,0.0
1620,2567,มีนาคม,นนทบุรี,บางใหญ่,เทศบาลเมืองบางแม่นาง,0.0
1621,2567,มีนาคม,นนทบุรี,บางใหญ่,เทศบาลเมืองเสาธงหิน,3.37
1622,2567,มีนาคม,นนทบุรี,บางใหญ่,เทศบาลตำบลบางม่วง,0.06
1623,2567,มีนาคม,นนทบุรี,บางใหญ่,เทศบาลตำบลบางเลน,1.62
1624,2567,มีนาคม,นนทบุรี,บางใหญ่,เทศบาลตำบลบางใหญ่,20.654
1625,2567,มีนาคม,นนทบุรี,บางใหญ่,อบต.บางใหญ่,3.0
1626,2567,มีนาคม,นนทบุรี,บางใหญ่,อบต.บ้านใหม่,1.0
1627,2567,มีนาคม,นนทบุรี,ปากเกร็ด,เทศบาลนครปากเกร็ด,0.8
1628,2567,มีนาคม,นนทบุรี,ปากเกร็ด,เทศบาลตำบลบางพลับ,0.15
1629,2567,มีนาคม,นนทบุรี,ปากเกร็ด,อบต.เกาะเกร็ด,15.52
1630,2567,มีนาคม,นนทบุรี,ปากเกร็ด,อบต.คลองข่อย,10.0
1631,2567,มีนาคม,นนทบุรี,ปากเกร็ด,อบต.คลองพระอุดม,1.0
1632,2567,มีนาคม,นนทบุรี,ปากเกร็ด,อบต.ท่าอิฐ,18.0
1633,2567,มีนาคม,นนทบุรี,ปากเกร็ด,อบต.บางตะไนย์,2.0
1634,2567,มีนาคม,นนทบุรี,ปากเกร็ด,อบต.อ้อมเกร็ด,0.0
1635,2567,มีนาคม,นนทบุรี,เมืองนนทบุรี,เทศบาลนครนนทบุรี,0.14
1636,2567,มีนาคม,นนทบุรี,เมืองนนทบุรี,เทศบาลเมืองไทรม้า,0.0
1637,2567,มีนาคม,นนทบุรี,เมืองนนทบุรี,เทศบาลเมืองบางกร่าง,94.33
1638,2567,มีนาคม,นนทบุรี,เมืองนนทบุรี,เทศบาลเมืองบางศรีเมือง,682.974
1639,2567,มีนาคม,นนทบุรี,เมืองนนทบุรี,อบต.บางไผ่,470.82
1640,2567,มีนาคม,นนทบุรี,เมืองนนทบุรี,อบต.บางรักน้อย,1.0
1641,2567,เมษายน,นนทบุรี,ไทรน้อย,เทศบาลตำบลไทรน้อย,0.0
1642,2567,เมษายน,นนทบุรี,ไทรน้อย,อบต.ขุนศรี,19.56
1643,2567,เมษายน,นนทบุรี,ไทรน้อย,อบต.คลองขวาง,0.0
1644,2567,เมษายน,นนทบุรี,ไทรน้อย,อบต.ทวีวัฒนา,0.0
1645,2567,เมษายน,นนทบุรี,ไทรน้อย,อบต.ไทรน้อย,0.0
1646,2567,เมษายน,นนทบุรี,ไทรน้อย,อบต.ไทรใหญ่,0.0
1647,2567,เมษายน,นนทบุรี,ไทรน้อย,อบต.ราษฎร์นิยม,0.0
1648,2567,เมษายน,นนทบุรี,ไทรน้อย,อบต.หนองเพรางาย,80.0
1649,2567,เมษายน,นนทบุรี,บางกรวย,เทศบาลเมืองบางกรวย,51.618
1650,2567,เมษายน,นนทบุรี,บางกรวย,เทศบาลตำบลบางสีทอง,419.579
1651,2567,เมษายน,นนทบุรี,บางกรวย,เทศบาลตำบลปลายบาง,0.0
1652,2567,เมษายน,นนทบุรี,บางกรวย,เทศบาลตำบลศาลากลาง,2.5
1653,2567,เมษายน,นนทบุรี,บางกรวย,อบต.บางขนุน,0.0
1654,2567,เมษายน,นนทบุรี,บางกรวย,อบต.บางขุนกอง,0.0
1655,2567,เมษายน,นนทบุรี,บางกรวย,อบต.มหาสวัสดิ์,3.8
1656,2567,เมษายน,นนทบุรี,บางบัวทอง,เทศบาลนครบางบัวทอง,6.3
1657,2567,เมษายน,นนทบุรี,บางบัวทอง,เทศบาลเมืองบางคูรัด,633.207
1658,2567,เมษายน,นนทบุรี,บางบัวทอง,เทศบาลเมืองบางรักพัฒนา,0.0
1659,2567,เมษายน,นนทบุรี,บางบัวทอง,เทศบาลเมืองพิมลราช,0.0
1660,2567,เมษายน,นนทบุรี,บางบัวทอง,เทศบาลเมืองใหม่บางบัวทอง,20.0
1661,2567,เมษายน,นนทบุรี,บางบัวทอง,อบต.บางรักใหญ่,0.0
1662,2567,เมษายน,นนทบุรี,บางบัวทอง,อบต.ละหาร,8.5
1663,2567,เมษายน,นนทบุรี,บางบัวทอง,อบต.ลำโพ,0.0
1664,2567,เมษายน,นนทบุรี,บางใหญ่,เทศบาลเมืองบางแม่นาง,0.0
1665,2567,เมษายน,นนทบุรี,บางใหญ่,เทศบาลเมืองเสาธงหิน,3.095
1666,2567,เมษายน,นนทบุรี,บางใหญ่,เทศบาลตำบลบางม่วง,0.062
1667,2567,เมษายน,นนทบุรี,บางใหญ่,เทศบาลตำบลบางเลน,3.15
1668,2567,เมษายน,นนทบุรี,บางใหญ่,เทศบาลตำบลบางใหญ่,31.521
1669,2567,เมษายน,นนทบุรี,บางใหญ่,อบต.บางใหญ่,3.3
1670,2567,เมษายน,นนทบุรี,บางใหญ่,อบต.บ้านใหม่,5.0
1671,2567,เมษายน,นนทบุรี,ปากเกร็ด,เทศบาลนครปากเกร็ด,0.7
1672,2567,เมษายน,นนทบุรี,ปากเกร็ด,เทศบาลตำบลบางพลับ,0.02
1673,2567,เมษายน,นนทบุรี,ปากเกร็ด,อบต.เกาะเกร็ด,4.295
1674,2567,เมษายน,นนทบุรี,ปากเกร็ด,อบต.คลองข่อย,10.0
1675,2567,เมษายน,นนทบุรี,ปากเกร็ด,อบต.คลองพระอุดม,1.0
1676,2567,เมษายน,นนทบุรี,ปากเกร็ด,อบต.ท่าอิฐ,12.0
1677,2567,เมษายน,นนทบุรี,ปากเกร็ด,อบต.บางตะไนย์,2.0
1678,2567,เมษายน,นนทบุรี,ปากเกร็ด,อบต.อ้อมเกร็ด,0.0
1679,2567,เมษายน,นนทบุรี,เมืองนนทบุรี,เทศบาลนครนนทบุรี,0.11
1680,2567,เมษายน,นนทบุรี,เมืองนนทบุรี,เทศบาลเมืองไทรม้า,0.0
1681,2567,เมษายน,นนทบุรี,เมืองนนทบุรี,เทศบาลเมืองบางกร่าง,75.17
1682,2567,เมษายน,นนทบุรี,เมืองนนทบุรี,เทศบาลเมืองบางศรีเมือง,673.397
1683,2567,เมษายน,นนทบุรี,เมืองนนทบุรี,อบต.บางไผ่,485.36
1684,2567,เมษายน,นนทบุรี,เมืองนนทบุรี,อบต.บางรักน้อย,1.0
1685,2567,พฤษภาคม,นนทบุรี,ไทรน้อย,เทศบาลตำบลไทรน้อย,0.0
1686,2567,พฤษภาคม,นนทบุรี,ไทรน้อย,อบต.ขุนศรี,20.212
1687,2567,พฤษภาคม,นนทบุรี,ไทรน้อย,อบต.คลองขวาง,0.0
1688,2567,พฤษภาคม,นนทบุรี,ไทรน้อย,อบต.ทวีวัฒนา,0.0
1689,2567,พฤษภาคม,นนทบุรี,ไทรน้อย,อบต.ไทรน้อย,0.0
1690,2567,พฤษภาคม,นนทบุรี,ไทรน้อย,อบต.ไทรใหญ่,0.0
1691,2567,พฤษภาคม,นนทบุรี,ไทรน้อย,อบต.ราษฎร์นิยม,0.0
1692,2567,พฤษภาคม,นนทบุรี,ไทรน้อย,อบต.หนองเพรางาย,80.0
1693,2567,พฤษภาคม,นนทบุรี,บางกรวย,เทศบาลเมืองบางกรวย,76.365
1694,2567,พฤษภาคม,นนทบุรี,บางกรวย,เทศบาลตำบลบางสีทอง,461.288
1695,2567,พฤษภาคม,นนทบุรี,บางกรวย,เทศบาลตำบลศาลากลาง,2.5
1696,2567,พฤษภาคม,นนทบุรี,บางกรวย,อบต.บางขนุน,0.0
1697,2567,พฤษภาคม,นนทบุรี,บางกรวย,อบต.บางขุนกอง,0.0
1698,2567,พฤษภาคม,นนทบุรี,บางกรวย,อบต.มหาสวัสดิ์,4.0
1699,2567,พฤษภาคม,นนทบุรี,บางบัวทอง,เทศบาลนครบางบัวทอง,7.1
1700,2567,พฤษภาคม,นนทบุรี,บางบัวทอง,เทศบาลเมืองบางคูรัด,633.207
1701,2567,พฤษภาคม,นนทบุรี,บางบัวทอง,เทศบาลเมืองบางรักพัฒนา,0.0
1702,2567,พฤษภาคม,นนทบุรี,บางบัวทอง,เทศบาลเมืองพิมลราช,0.0
1703,2567,พฤษภาคม,นนทบุรี,บางบัวทอง,เทศบาลเมืองใหม่บางบัวทอง,10.0
1704,2567,พฤษภาคม,นนทบุรี,บางบัวทอง,อบต.บางรักใหญ่,0.0
1705,2567,พฤษภาคม,นนทบุรี,บางบัวทอง,อบต.ละหาร,7.0
1706,2567,พฤษภาคม,นนทบุรี,บางใหญ่,เทศบาลเมืองบางแม่นาง,0.0
1707,2567,พฤษภาคม,นนทบุรี,บางใหญ่,เทศบาลเมืองเสาธงหิน,3.225
1708,2567,พฤษภาคม,นนทบุรี,บางใหญ่,เทศบาลตำบลบางม่วง,0.062
1709,2567,พฤษภาคม,นนทบุรี,บางใหญ่,เทศบาลตำบลบางเลน,3.2
1710,2567,พฤษภาคม,นนทบุรี,บางใหญ่,เทศบาลตำบลบางใหญ่,31.521
1711,2567,พฤษภาคม,นนทบุรี,บางใหญ่,อบต.บางใหญ่,3.2
1712,2567,พฤษภาคม,นนทบุรี,บางใหญ่,อบต.บ้านใหม่,8.0
1713,2567,พฤษภาคม,นนทบุรี,ปากเกร็ด,เทศบาลนครปากเกร็ด,0.7
1714,2567,พฤษภาคม,นนทบุรี,ปากเกร็ด,เทศบาลตำบลบางพลับ,0.013
1715,2567,พฤษภาคม,นนทบุรี,ปากเกร็ด,อบต.เกาะเกร็ด,13.845
1716,2567,พฤษภาคม,นนทบุรี,ปากเกร็ด,อบต.คลองข่อย,10.0
1717,2567,พฤษภาคม,นนทบุรี,ปากเกร็ด,อบต.คลองพระอุดม,1.0
1718,2567,พฤษภาคม,นนทบุรี,ปากเกร็ด,อบต.ท่าอิฐ,11.0
1719,2567,พฤษภาคม,นนทบุรี,ปากเกร็ด,อบต.บางตะไนย์,2.0
1720,2567,พฤษภาคม,นนทบุรี,ปากเกร็ด,อบต.อ้อมเกร็ด,0.0
1721,2567,พฤษภาคม,นนทบุรี,เมืองนนทบุรี,เทศบาลนครนนทบุรี,0.53
1722,2567,พฤษภาคม,นนทบุรี,เมืองนนทบุรี,เทศบาลเมืองไทรม้า,0.0
1723,2567,พฤษภาคม,นนทบุรี,เมืองนนทบุรี,เทศบาลเมืองบางศรีเมือง,720.049
1724,2567,พฤษภาคม,นนทบุรี,เมืองนนทบุรี,อบต.บางไผ่,489.395
1725,2567,พฤษภาคม,นนทบุรี,เมืองนนทบุรี,อบต.บางรักน้อย,1.0
1726,2567,มิถุนายน,นนทบุรี,ไทรน้อย,เทศบาลตำบลไทรน้อย,0.0
1727,2567,มิถุนายน,นนทบุรี,ไทรน้อย,อบต.ขุนศรี,20.212
1728,2567,มิถุนายน,นนทบุรี,ไทรน้อย,อบต.คลองขวาง,0.0
1729,2567,มิถุนายน,นนทบุรี,ไทรน้อย,อบต.ทวีวัฒนา,0.0
1730,2567,มิถุนายน,นนทบุรี,ไทรน้อย,อบต.ไทรน้อย,0.0
1731,2567,มิถุนายน,นนทบุรี,ไทรน้อย,อบต.ไทรใหญ่,0.0
1732,2567,มิถุนายน,นนทบุรี,ไทรน้อย,อบต.ราษฎร์นิยม,0.0
1733,2567,มิถุนายน,นนทบุรี,ไทรน้อย,อบต.หนองเพรางาย,80.0
1734,2567,มิถุนายน,นนทบุรี,บางกรวย,เทศบาลเมืองบางกรวย,175.478
1735,2567,มิถุนายน,นนทบุรี,บางกรวย,เทศบาลตำบลบางสีทอง,379.858
1736,2567,มิถุนายน,นนทบุรี,บางกรวย,เทศบาลตำบลศาลากลาง,2.5
1737,2567,มิถุนายน,นนทบุรี,บางกรวย,อบต.บางขนุน,0.0
1738,2567,มิถุนายน,นนทบุรี,บางกรวย,อบต.บางขุนกอง,0.0
1739,2567,มิถุนายน,นนทบุรี,บางกรวย,อบต.มหาสวัสดิ์,4.0
1740,2567,มิถุนายน,นนทบุรี,บางบัวทอง,เทศบาลนครบางบัวทอง,9.13
1741,2567,มิถุนายน,นนทบุรี,บางบัวทอง,เทศบาลเมืองบางคูรัด,675.178
1742,2567,มิถุนายน,นนทบุรี,บางบัวทอง,เทศบาลเมืองบางรักพัฒนา,0.0
1743,2567,มิถุนายน,นนทบุรี,บางบัวทอง,เทศบาลเมืองพิมลราช,0.0
1744,2567,มิถุนายน,นนทบุรี,บางบัวทอง,เทศบาลเมืองใหม่บางบัวทอง,10.0
1745,2567,มิถุนายน,นนทบุรี,บางบัวทอง,อบต.บางรักใหญ่,3.0
1746,2567,มิถุนายน,นนทบุรี,บางบัวทอง,อบต.ละหาร,5.0
1747,2567,มิถุนายน,นนทบุรี,บางใหญ่,เทศบาลเมืองบางแม่นาง,0.0
1748,2567,มิถุนายน,นนทบุรี,บางใหญ่,เทศบาลเมืองเสาธงหิน,3.275
1749,2567,มิถุนายน,นนทบุรี,บางใหญ่,เทศบาลตำบลบางม่วง,0.066
1750,2567,มิถุนายน,นนทบุรี,บางใหญ่,เทศบาลตำบลบางเลน,3.0
1751,2567,มิถุนายน,นนทบุรี,บางใหญ่,เทศบาลตำบลบางใหญ่,26.902
1752,2567,มิถุนายน,นนทบุรี,บางใหญ่,อบต.บางใหญ่,2.5
1753,2567,มิถุนายน,นนทบุรี,บางใหญ่,อบต.บ้านใหม่,8.0
1754,2567,มิถุนายน,นนทบุรี,ปากเกร็ด,เทศบาลนครปากเกร็ด,1.273
1755,2567,มิถุนายน,นนทบุรี,ปากเกร็ด,เทศบาลตำบลบางพลับ,0.001
1756,2567,มิถุนายน,นนทบุรี,ปากเกร็ด,อบต.เกาะเกร็ด,5.967
1757,2567,มิถุนายน,นนทบุรี,ปากเกร็ด,อบต.คลองข่อย,10.0
1758,2567,มิถุนายน,นนทบุรี,ปากเกร็ด,อบต.คลองพระอุดม,1.0
1759,2567,มิถุนายน,นนทบุรี,ปากเกร็ด,อบต.ท่าอิฐ,8.0
1760,2567,มิถุนายน,นนทบุรี,ปากเกร็ด,อบต.บางตะไนย์,2.0
1761,2567,มิถุนายน,นนทบุรี,ปากเกร็ด,อบต.อ้อมเกร็ด,0.0
1762,2567,มิถุนายน,นนทบุรี,เมืองนนทบุรี,เทศบาลนครนนทบุรี,0.47
1763,2567,มิถุนายน,นนทบุรี,เมืองนนทบุรี,เทศบาลเมืองไทรม้า,0.0
1764,2567,มิถุนายน,นนทบุรี,เมืองนนทบุรี,เทศบาลเมืองบางศรีเมือง,697.7
1765,2567,มิถุนายน,นนทบุรี,เมืองนนทบุรี,อบต.บางไผ่,409.545
1766,2567,มิถุนายน,นนทบุรี,เมืองนนทบุรี,อบต.บางรักน้อย,1.0
1767,2567,กรกฎาคม,นนทบุรี,ไทรน้อย,เทศบาลตำบลไทรน้อย,0.0
1768,2567,กรกฎาคม,นนทบุรี,ไทรน้อย,อบต.ขุนศรี,20.212
1769,2567,กรกฎาคม,นนทบุรี,ไทรน้อย,อบต.คลองขวาง,0.0
1770,2567,กรกฎาคม,นนทบุรี,ไทรน้อย,อบต.ทวีวัฒนา,0.0
1771,2567,กรกฎาคม,นนทบุรี,ไทรน้อย,อบต.ไทรน้อย,0.0
1772,2567,กรกฎาคม,นนทบุรี,ไทรน้อย,อบต.ไทรใหญ่,0.0
1773,2567,กรกฎาคม,นนทบุรี,ไทรน้อย,อบต.ราษฎร์นิยม,0.0
1774,2567,กรกฎาคม,นนทบุรี,ไทรน้อย,อบต.หนองเพรางาย,80.0
1775,2567,กรกฎาคม,นนทบุรี,บางกรวย,เทศบาลเมืองบางกรวย,32.45
1776,2567,กรกฎาคม,นนทบุรี,บางกรวย,เทศบาลตำบลบางสีทอง,451.195
1777,2567,กรกฎาคม,นนทบุรี,บางกรวย,เทศบาลตำบลศาลากลาง,2.5
1778,2567,กรกฎาคม,นนทบุรี,บางกรวย,อบต.บางขนุน,0.0
1779,2567,กรกฎาคม,นนทบุรี,บางกรวย,อบต.บางขุนกอง,0.0
1780,2567,กรกฎาคม,นนทบุรี,บางกรวย,อบต.มหาสวัสดิ์,4.0
1781,2567,กรกฎาคม,นนทบุรี,บางบัวทอง,เทศบาลนครบางบัวทอง,9.312
1782,2567,กรกฎาคม,นนทบุรี,บางบัวทอง,เทศบาลเมืองบางคูรัด,719.75
1783,2567,กรกฎาคม,นนทบุรี,บางบัวทอง,เทศบาลเมืองบางรักพัฒนา,0.0
1784,2567,กรกฎาคม,นนทบุรี,บางบัวทอง,เทศบาลเมืองพิมลราช,0.0
1785,2567,กรกฎาคม,นนทบุรี,บางบัวทอง,เทศบาลเมืองใหม่บางบัวทอง,10.0
1786,2567,กรกฎาคม,นนทบุรี,บางบัวทอง,อบต.บางรักใหญ่,0.0
1787,2567,กรกฎาคม,นนทบุรี,บางบัวทอง,อบต.ละหาร,5.0
1788,2567,กรกฎาคม,นนทบุรี,บางใหญ่,เทศบาลเมืองบางแม่นาง,0.0
1789,2567,กรกฎาคม,นนทบุรี,บางใหญ่,เทศบาลเมืองเสาธงหิน,3.42
1790,2567,กรกฎาคม,นนทบุรี,บางใหญ่,เทศบาลตำบลบางม่วง,0.06
1791,2567,กรกฎาคม,นนทบุรี,บางใหญ่,เทศบาลตำบลบางเลน,2.0
1792,2567,กรกฎาคม,นนทบุรี,บางใหญ่,เทศบาลตำบลบางใหญ่,25.654
1793,2567,กรกฎาคม,นนทบุรี,บางใหญ่,อบต.บางใหญ่,3.2
1794,2567,กรกฎาคม,นนทบุรี,บางใหญ่,อบต.บ้านใหม่,8.0
1795,2567,กรกฎาคม,นนทบุรี,ปากเกร็ด,เทศบาลนครปากเกร็ด,1.58
1796,2567,กรกฎาคม,นนทบุรี,ปากเกร็ด,เทศบาลตำบลบางพลับ,0.001
1797,2567,กรกฎาคม,นนทบุรี,ปากเกร็ด,อบต.เกาะเกร็ด,15.346
1798,2567,กรกฎาคม,นนทบุรี,ปากเกร็ด,อบต.คลองข่อย,10.0
1799,2567,กรกฎาคม,นนทบุรี,ปากเกร็ด,อบต.คลองพระอุดม,1.0
1800,2567,กรกฎาคม,นนทบุรี,ปากเกร็ด,อบต.ท่าอิฐ,14.0
1801,2567,กรกฎาคม,นนทบุรี,ปากเกร็ด,อบต.บางตะไนย์,2.0
1802,2567,กรกฎาคม,นนทบุรี,ปากเกร็ด,อบต.อ้อมเกร็ด,0.0
1803,2567,กรกฎาคม,นนทบุรี,เมืองนนทบุรี,เทศบาลนครนนทบุรี,0.21
1804,2567,กรกฎาคม,นนทบุรี,เมืองนนทบุรี,เทศบาลเมืองไทรม้า,0.0
1805,2567,กรกฎาคม,นนทบุรี,เมืองนนทบุรี,เทศบาลเมืองบางศรีเมือง,720.896
1806,2567,กรกฎาคม,นนทบุรี,เมืองนนทบุรี,อบต.บางไผ่,487.755
1807,2567,กรกฎาคม,นนทบุรี,เมืองนนทบุรี,อบต.บางรักน้อย,1.0
1808,2567,สิงหาคม,นนทบุรี,ไทรน้อย,เทศบาลตำบลไทรน้อย,0.0
1809,2567,สิงหาคม,นนทบุรี,ไทรน้อย,อบต.ขุนศรี,20.21
1810,2567,สิงหาคม,นนทบุรี,ไทรน้อย,อบต.คลองขวาง,0.0
1811,2567,สิงหาคม,นนทบุรี,ไทรน้อย,อบต.ทวีวัฒนา,0.0
1812,2567,สิงหาคม,นนทบุรี,ไทรน้อย,อบต.ไทรน้อย,0.0
1813,2567,สิงหาคม,นนทบุรี,ไทรน้อย,อบต.ไทรใหญ่,0.0
1814,2567,สิงหาคม,นนทบุรี,ไทรน้อย,อบต.ราษฎร์นิยม,0.0
1815,2567,สิงหาคม,นนทบุรี,ไทรน้อย,อบต.หนองเพรางาย,80.0
1816,2567,สิงหาคม,นนทบุรี,บางกรวย,เทศบาลเมืองบางกรวย,79.3
1817,2567,สิงหาคม,นนทบุรี,บางกรวย,เทศบาลตำบลบางสีทอง,425.443
1818,2567,สิงหาคม,นนทบุรี,บางกรวย,เทศบาลตำบลศาลากลาง,2.5
1819,2567,สิงหาคม,นนทบุรี,บางกรวย,อบต.บางขนุน,0.0
1820,2567,สิงหาคม,นนทบุรี,บางกรวย,อบต.บางขุนกอง,0.0
1821,2567,สิงหาคม,นนทบุรี,บางกรวย,อบต.มหาสวัสดิ์,3.8
1822,2567,สิงหาคม,นนทบุรี,บางบัวทอง,เทศบาลนครบางบัวทอง,8.3
1823,2567,สิงหาคม,นนทบุรี,บางบัวทอง,เทศบาลเมืองบางคูรัด,713.426
1824,2567,สิงหาคม,นนทบุรี,บางบัวทอง,เทศบาลเมืองบางรักพัฒนา,0.0
1825,2567,สิงหาคม,นนทบุรี,บางบัวทอง,เทศบาลเมืองพิมลราช,0.0
1826,2567,สิงหาคม,นนทบุรี,บางบัวทอง,เทศบาลเมืองใหม่บางบัวทอง,20.0
1827,2567,สิงหาคม,นนทบุรี,บางบัวทอง,อบต.บางรักใหญ่,0.0
1828,2567,สิงหาคม,นนทบุรี,บางบัวทอง,อบต.ละหาร,5.0
1829,2567,สิงหาคม,นนทบุรี,บางใหญ่,เทศบาลเมืองบางแม่นาง,0.0
1830,2567,สิงหาคม,นนทบุรี,บางใหญ่,เทศบาลเมืองเสาธงหิน,3.405
1831,2567,สิงหาคม,นนทบุรี,บางใหญ่,เทศบาลตำบลบางม่วง,0.062
1832,2567,สิงหาคม,นนทบุรี,บางใหญ่,เทศบาลตำบลบางเลน,2.0
1833,2567,สิงหาคม,นนทบุรี,บางใหญ่,เทศบาลตำบลบางใหญ่,31.521
1834,2567,สิงหาคม,นนทบุรี,บางใหญ่,อบต.บางใหญ่,3.2
1835,2567,สิงหาคม,นนทบุรี,บางใหญ่,อบต.บ้านใหม่,8.0
1836,2567,สิงหาคม,นนทบุรี,ปากเกร็ด,เทศบาลนครปากเกร็ด,1.0
1837,2567,สิงหาคม,นนทบุรี,ปากเกร็ด,เทศบาลตำบลบางพลับ,0.002
1838,2567,สิงหาคม,นนทบุรี,ปากเกร็ด,อบต.เกาะเกร็ด,10.245
1839,2567,สิงหาคม,นนทบุรี,ปากเกร็ด,อบต.คลองข่อย,10.0
1840,2567,สิงหาคม,นนทบุรี,ปากเกร็ด,อบต.คลองพระอุดม,1.0
1841,2567,สิงหาคม,นนทบุรี,ปากเกร็ด,อบต.ท่าอิฐ,16.0
1842,2567,สิงหาคม,นนทบุรี,ปากเกร็ด,อบต.บางตะไนย์,2.0
1843,2567,สิงหาคม,นนทบุรี,ปากเกร็ด,อบต.อ้อมเกร็ด,0.0
1844,2567,สิงหาคม,นนทบุรี,เมืองนนทบุรี,เทศบาลนครนนทบุรี,0.18
1845,2567,สิงหาคม,นนทบุรี,เมืองนนทบุรี,เทศบาลเมืองไทรม้า,0.0
1846,2567,สิงหาคม,นนทบุรี,เมืองนนทบุรี,เทศบาลเมืองบางศรีเมือง,721.64
1847,2567,สิงหาคม,นนทบุรี,เมืองนนทบุรี,อบต.บางไผ่,442.685
1848,2567,สิงหาคม,นนทบุรี,เมืองนนทบุรี,อบต.บางรักน้อย,1.0
1849,2567,กันยายน,นนทบุรี,ไทรน้อย,เทศบาลตำบลไทรน้อย,0.0
1850,2567,กันยายน,นนทบุรี,ไทรน้อย,อบต.ขุนศรี,19.56
1851,2567,กันยายน,นนทบุรี,ไทรน้อย,อบต.คลองขวาง,0.0
1852,2567,กันยายน,นนทบุรี,ไทรน้อย,อบต.ทวีวัฒนา,0.0
1853,2567,กันยายน,นนทบุรี,ไทรน้อย,อบต.ไทรน้อย,0.0
1854,2567,กันยายน,นนทบุรี,ไทรน้อย,อบต.ราษฎร์นิยม,0.0
1855,2567,กันยายน,นนทบุรี,ไทรน้อย,อบต.หนองเพรางาย,80.0
1856,2567,กันยายน,นนทบุรี,บางกรวย,เทศบาลเมืองบางกรวย,97.578
1857,2567,กันยายน,นนทบุรี,บางกรวย,เทศบาลตำบลบางสีทอง,421.855
1858,2567,กันยายน,นนทบุรี,บางกรวย,เทศบาลตำบลศาลากลาง,2.7
1859,2567,กันยายน,นนทบุรี,บางกรวย,อบต.บางขนุน,0.0
1860,2567,กันยายน,นนทบุรี,บางกรวย,อบต.บางขุนกอง,0.0
1861,2567,กันยายน,นนทบุรี,บางกรวย,อบต.มหาสวัสดิ์,3.95
1862,2567,กันยายน,นนทบุรี,บางบัวทอง,เทศบาลนครบางบัวทอง,9.13
1863,2567,กันยายน,นนทบุรี,บางบัวทอง,เทศบาลเมืองบางคูรัด,719.75
1864,2567,กันยายน,นนทบุรี,บางบัวทอง,เทศบาลเมืองบางรักพัฒนา,257.593
1865,2567,กันยายน,นนทบุรี,บางบัวทอง,เทศบาลเมืองพิมลราช,0.0
1866,2567,กันยายน,นนทบุรี,บางบัวทอง,เทศบาลเมืองใหม่บางบัวทอง,20.0
1867,2567,กันยายน,นนทบุรี,บางบัวทอง,อบต.บางรักใหญ่,0.0
1868,2567,กันยายน,นนทบุรี,บางบัวทอง,อบต.ละหาร,4.0
1869,2567,กันยายน,นนทบุรี,บางใหญ่,เทศบาลเมืองบางแม่นาง,0.0
1870,2567,กันยายน,นนทบุรี,บางใหญ่,เทศบาลเมืองเสาธงหิน,3.405
1871,2567,กันยายน,นนทบุรี,บางใหญ่,เทศบาลตำบลบางม่วง,0.064
1872,2567,กันยายน,นนทบุรี,บางใหญ่,เทศบาลตำบลบางเลน,1.2
1873,2567,กันยายน,นนทบุรี,บางใหญ่,อบต.บ้านใหม่,8.0
1874,2567,กันยายน,นนทบุรี,ปากเกร็ด,เทศบาลนครปากเกร็ด,1.0
1875,2567,กันยายน,นนทบุรี,ปากเกร็ด,เทศบาลตำบลบางพลับ,0.025
1876,2567,กันยายน,นนทบุรี,ปากเกร็ด,อบต.เกาะเกร็ด,5.246
1877,2567,กันยายน,นนทบุรี,ปากเกร็ด,อบต.คลองข่อย,10.0
1878,2567,กันยายน,นนทบุรี,ปากเกร็ด,อบต.คลองพระอุดม,1.0
1879,2567,กันยายน,นนทบุรี,ปากเกร็ด,อบต.ท่าอิฐ,17.0
1880,2567,กันยายน,นนทบุรี,ปากเกร็ด,อบต.บางตะไนย์,2.0
1881,2567,กันยายน,นนทบุรี,ปากเกร็ด,อบต.อ้อมเกร็ด,0.0
1882,2567,กันยายน,นนทบุรี,เมืองนนทบุรี,เทศบาลนครนนทบุรี,0.115
1883,2567,กันยายน,นนทบุรี,เมืองนนทบุรี,เทศบาลเมืองไทรม้า,0.0
1884,2567,กันยายน,นนทบุรี,เมืองนนทบุรี,เทศบาลเมืองบางศรีเมือง,698.76
1885,2567,กันยายน,นนทบุรี,เมืองนนทบุรี,อบต.บางไผ่,438.06
1886,2567,กันยายน,นนทบุรี,เมืองนนทบุรี,อบต.บางรักน้อย,1.0
1887,2567,ตุลาคม,นนทบุรี,ไทรน้อย,เทศบาลตำบลไทรน้อย,0.0
1888,2567,ตุลาคม,นนทบุรี,ไทรน้อย,อบต.ขุนศรี,15.546
1889,2567,ตุลาคม,นนทบุรี,ไทรน้อย,อบต.คลองขวาง,0.0
1890,2567,ตุลาคม,นนทบุรี,ไทรน้อย,อบต.ทวีวัฒนา,0.0
1891,2567,ตุลาคม,นนทบุรี,ไทรน้อย,อบต.ไทรน้อย,0.0
1892,2567,ตุลาคม,นนทบุรี,ไทรน้อย,อบต.ไทรใหญ่,0.0
1893,2567,ตุลาคม,นนทบุรี,ไทรน้อย,อบต.ราษฎร์นิยม,0.0
1894,2567,ตุลาคม,นนทบุรี,ไทรน้อย,อบต.หนองเพรางาย,80.0
1895,2567,ตุลาคม,นนทบุรี,บางกรวย,เทศบาลเมืองบางกรวย,42.0
1896,2567,ตุลาคม,นนทบุรี,บางกรวย,เทศบาลตำบลบางสีทอง,443.04
1897,2567,ตุลาคม,นนทบุรี,บางกรวย,เทศบาลตำบลปลายบาง,0.0
1898,2567,ตุลาคม,นนทบุรี,บางกรวย,เทศบาลตำบลศาลากลาง,2.5
1899,2567,ตุลาคม,นนทบุรี,บางกรวย,อบต.บางขนุน,0.0
1900,2567,ตุลาคม,นนทบุรี,บางกรวย,อบต.บางขุนกอง,0.0
1901,2567,ตุลาคม,นนทบุรี,บางกรวย,อบต.มหาสวัสดิ์,3.5
1902,2567,ตุลาคม,นนทบุรี,บางบัวทอง,เทศบาลนครบางบัวทอง,6.2
1903,2567,ตุลาคม,นนทบุรี,บางบัวทอง,เทศบาลเมืองบางคูรัด,605.0
1904,2567,ตุลาคม,นนทบุรี,บางบัวทอง,เทศบาลเมืองบางรักพัฒนา,0.0
1905,2567,ตุลาคม,นนทบุรี,บางบัวทอง,เทศบาลเมืองพิมลราช,0.0
1906,2567,ตุลาคม,นนทบุรี,บางบัวทอง,เทศบาลเมืองใหม่บางบัวทอง,150.0
1907,2567,ตุลาคม,นนทบุรี,บางบัวทอง,อบต.บางรักใหญ่,0.0
1908,2567,ตุลาคม,นนทบุรี,บางบัวทอง,อบต.ละหาร,5.0
1909,2567,ตุลาคม,นนทบุรี,บางบัวทอง,อบต.ลำโพ,0.0
1910,2567,ตุลาคม,นนทบุรี,บางใหญ่,เทศบาลเมืองบางแม่นาง,514.026
1911,2567,ตุลาคม,นนทบุรี,บางใหญ่,เทศบาลเมืองเสาธงหิน,3.255
1912,2567,ตุลาคม,นนทบุรี,บางใหญ่,เทศบาลตำบลบางม่วง,0.12
1913,2567,ตุลาคม,นนทบุรี,บางใหญ่,เทศบาลตำบลบางเลน,2.65
1914,2567,ตุลาคม,นนทบุรี,บางใหญ่,เทศบาลตำบลบางใหญ่,40.256
1915,2567,ตุลาคม,นนทบุรี,บางใหญ่,อบต.บางใหญ่,1.0
1916,2567,ตุลาคม,นนทบุรี,บางใหญ่,อบต.บ้านใหม่,2.5
1917,2567,ตุลาคม,นนทบุรี,ปากเกร็ด,เทศบาลนครปากเกร็ด,0.4
1918,2567,ตุลาคม,นนทบุรี,ปากเกร็ด,เทศบาลตำบลบางพลับ,0.025
1919,2567,ตุลาคม,นนทบุรี,ปากเกร็ด,อบต.เกาะเกร็ด,26.321
1920,2567,ตุลาคม,นนทบุรี,ปากเกร็ด,อบต.คลองข่อย,378.18
1921,2567,ตุลาคม,นนทบุรี,ปากเกร็ด,อบต.คลองพระอุดม,1.0
1922,2567,ตุลาคม,นนทบุรี,ปากเกร็ด,อบต.ท่าอิฐ,18.0
1923,2567,ตุลาคม,นนทบุรี,ปากเกร็ด,อบต.บางตะไนย์,2.0
1924,2567,ตุลาคม,นนทบุรี,ปากเกร็ด,อบต.อ้อมเกร็ด,0.0
1925,2567,ตุลาคม,นนทบุรี,เมืองนนทบุรี,เทศบาลนครนนทบุรี,0.25
1926,2567,ตุลาคม,นนทบุรี,เมืองนนทบุรี,เทศบาลเมืองไทรม้า,0.0
1927,2567,ตุลาคม,นนทบุรี,เมืองนนทบุรี,เทศบาลเมืองบางกร่าง,80.34
1928,2567,ตุลาคม,นนทบุรี,เมืองนนทบุรี,เทศบาลเมืองบางศรีเมือง,723.515
1929,2567,ตุลาคม,นนทบุรี,เมืองนนทบุรี,อบต.บางไผ่,496.22
1930,2567,ตุลาคม,นนทบุรี,เมืองนนทบุรี,อบต.บางรักน้อย,1.0
1931,2567,พฤศจิกายน,นนทบุรี,ไทรน้อย,เทศบาลตำบลไทรน้อย,0.0
1932,2567,พฤศจิกายน,นนทบุรี,ไทรน้อย,อบต.ขุนศรี,19.02
1933,2567,พฤศจิกายน,นนทบุรี,ไทรน้อย,อบต.คลองขวาง,0.0
1934,2567,พฤศจิกายน,นนทบุรี,ไทรน้อย,อบต.ทวีวัฒนา,0.0
1935,2567,พฤศจิกายน,นนทบุรี,ไทรน้อย,อบต.ไทรน้อย,0.0
1936,2567,พฤศจิกายน,นนทบุรี,ไทรน้อย,อบต.ไทรใหญ่,0.0
1937,2567,พฤศจิกายน,นนทบุรี,ไทรน้อย,อบต.ราษฎร์นิยม,0.0
1938,2567,พฤศจิกายน,นนทบุรี,ไทรน้อย,อบต.หนองเพรางาย,80.0
1939,2567,พฤศจิกายน,นนทบุรี,บางกรวย,เทศบาลเมืองบางกรวย,135.0
1940,2567,พฤศจิกายน,นนทบุรี,บางกรวย,เทศบาลตำบลบางสีทอง,421.685
1941,2567,พฤศจิกายน,นนทบุรี,บางกรวย,เทศบาลตำบลปลายบาง,0.0
1942,2567,พฤศจิกายน,นนทบุรี,บางกรวย,เทศบาลตำบลศาลากลาง,2.5
1943,2567,พฤศจิกายน,นนทบุรี,บางกรวย,อบต.บางขนุน,0.0
1944,2567,พฤศจิกายน,นนทบุรี,บางกรวย,อบต.บางขุนกอง,0.0
1945,2567,พฤศจิกายน,นนทบุรี,บางกรวย,อบต.มหาสวัสดิ์,3.5
1946,2567,พฤศจิกายน,นนทบุรี,บางบัวทอง,เทศบาลนครบางบัวทอง,5.31
1947,2567,พฤศจิกายน,นนทบุรี,บางบัวทอง,เทศบาลเมืองบางคูรัด,605.0
1948,2567,พฤศจิกายน,นนทบุรี,บางบัวทอง,เทศบาลเมืองบางรักพัฒนา,0.0
1949,2567,พฤศจิกายน,นนทบุรี,บางบัวทอง,เทศบาลเมืองพิมลราช,0.0
1950,2567,พฤศจิกายน,นนทบุรี,บางบัวทอง,เทศบาลเมืองใหม่บางบัวทอง,150.0
1951,2567,พฤศจิกายน,นนทบุรี,บางบัวทอง,อบต.บางรักใหญ่,0.0
1952,2567,พฤศจิกายน,นนทบุรี,บางบัวทอง,อบต.ละหาร,5.0
1953,2567,พฤศจิกายน,นนทบุรี,บางบัวทอง,อบต.ลำโพ,0.0
1954,2567,พฤศจิกายน,นนทบุรี,บางใหญ่,เทศบาลเมืองบางแม่นาง,213.01
1955,2567,พฤศจิกายน,นนทบุรี,บางใหญ่,เทศบาลเมืองเสาธงหิน,3.575
1956,2567,พฤศจิกายน,นนทบุรี,บางใหญ่,เทศบาลตำบลบางม่วง,0.12
1957,2567,พฤศจิกายน,นนทบุรี,บางใหญ่,เทศบาลตำบลบางเลน,2.65
1958,2567,พฤศจิกายน,นนทบุรี,บางใหญ่,เทศบาลตำบลบางใหญ่,20.654
1959,2567,พฤศจิกายน,นนทบุรี,บางใหญ่,อบต.บางใหญ่,0.3
1960,2567,พฤศจิกายน,นนทบุรี,บางใหญ่,อบต.บ้านใหม่,1.0
1961,2567,พฤศจิกายน,นนทบุรี,ปากเกร็ด,เทศบาลนครปากเกร็ด,0.45
1962,2567,พฤศจิกายน,นนทบุรี,ปากเกร็ด,เทศบาลตำบลบางพลับ,0.02
1963,2567,พฤศจิกายน,นนทบุรี,ปากเกร็ด,อบต.เกาะเกร็ด,11.254
1964,2567,พฤศจิกายน,นนทบุรี,ปากเกร็ด,อบต.คลองข่อย,487.185
1965,2567,พฤศจิกายน,นนทบุรี,ปากเกร็ด,อบต.คลองพระอุดม,1.0
1966,2567,พฤศจิกายน,นนทบุรี,ปากเกร็ด,อบต.ท่าอิฐ,20.0
1967,2567,พฤศจิกายน,นนทบุรี,ปากเกร็ด,อบต.บางตะไนย์,2.0
1968,2567,พฤศจิกายน,นนทบุรี,ปากเกร็ด,อบต.อ้อมเกร็ด,0.0
1969,2567,พฤศจิกายน,นนทบุรี,เมืองนนทบุรี,เทศบาลนครนนทบุรี,0.15
1970,2567,พฤศจิกายน,นนทบุรี,เมืองนนทบุรี,เทศบาลเมืองไทรม้า,0.0
1971,2567,พฤศจิกายน,นนทบุรี,เมืองนนทบุรี,เทศบาลเมืองบางกร่าง,84.87
1972,2567,พฤศจิกายน,นนทบุรี,เมืองนนทบุรี,เทศบาลเมืองบางศรีเมือง,672.579
1973,2567,พฤศจิกายน,นนทบุรี,เมืองนนทบุรี,อบต.บางไผ่,482.86
1974,2567,พฤศจิกายน,นนทบุรี,เมืองนนทบุรี,อบต.บางรักน้อย,1.0
1975,2567,ธันวาคม,นนทบุรี,ไทรน้อย,เทศบาลตำบลไทรน้อย,0.0
1976,2567,ธันวาคม,นนทบุรี,ไทรน้อย,อบต.ขุนศรี,20.21
1977,2567,ธันวาคม,นนทบุรี,ไทรน้อย,อบต.คลองขวาง,0.0
1978,2567,ธันวาคม,นนทบุรี,ไทรน้อย,อบต.ทวีวัฒนา,0.0
1979,2567,ธันวาคม,นนทบุรี,ไทรน้อย,อบต.ไทรน้อย,0.0
1980,2567,ธันวาคม,นนทบุรี,ไทรน้อย,อบต.ไทรใหญ่,0.0
1981,2567,ธันวาคม,นนทบุรี,ไทรน้อย,อบต.ราษฎร์นิยม,0.0
1982,2567,ธันวาคม,นนทบุรี,ไทรน้อย,อบต.หนองเพรางาย,80.0
1983,2567,ธันวาคม,นนทบุรี,บางกรวย,เทศบาลเมืองบางกรวย,48.63
1984,2567,ธันวาคม,นนทบุรี,บางกรวย,เทศบาลตำบลบางสีทอง,3892865.0
1985,2567,ธันวาคม,นนทบุรี,บางกรวย,เทศบาลตำบลปลายบาง,0.0
1986,2567,ธันวาคม,นนทบุรี,บางกรวย,เทศบาลตำบลศาลากลาง,2.5
1987,2567,ธันวาคม,นนทบุรี,บางกรวย,อบต.บางขนุน,0.0
1988,2567,ธันวาคม,นนทบุรี,บางกรวย,อบต.บางขุนกอง,0.0
1989,2567,ธันวาคม,นนทบุรี,บางกรวย,อบต.มหาสวัสดิ์,3.6
1990,2567,ธันวาคม,นนทบุรี,บางบัวทอง,เทศบาลนครบางบัวทอง,6.13
1991,2567,ธันวาคม,นนทบุรี,บางบัวทอง,เทศบาลเมืองบางคูรัด,605.0
1992,2567,ธันวาคม,นนทบุรี,บางบัวทอง,เทศบาลเมืองบางรักพัฒนา,0.0
1993,2567,ธันวาคม,นนทบุรี,บางบัวทอง,เทศบาลเมืองพิมลราช,0.0
1994,2567,ธันวาคม,นนทบุรี,บางบัวทอง,เทศบาลเมืองใหม่บางบัวทอง,150.0
1995,2567,ธันวาคม,นนทบุรี,บางบัวทอง,อบต.บางรักใหญ่,0.0
1996,2567,ธันวาคม,นนทบุรี,บางบัวทอง,อบต.ละหาร,10.0
1997,2567,ธันวาคม,นนทบุรี,บางบัวทอง,อบต.ลำโพ,0.0
1998,2567,ธันวาคม,นนทบุรี,บางใหญ่,เทศบาลเมืองบางแม่นาง,0.0
1999,2567,ธันวาคม,นนทบุรี,บางใหญ่,เทศบาลเมืองเสาธงหิน,3.08
2000,2567,ธันวาคม,นนทบุรี,บางใหญ่,เทศบาลตำบลบางม่วง,0.11
2001,2567,ธันวาคม,นนทบุรี,บางใหญ่,เทศบาลตำบลบางเลน,2.6
2002,2567,ธันวาคม,นนทบุรี,บางใหญ่,เทศบาลตำบลบางใหญ่,26.902
2003,2567,ธันวาคม,นนทบุรี,บางใหญ่,อบต.บางใหญ่,0.3
2004,2567,ธันวาคม,นนทบุรี,บางใหญ่,อบต.บ้านใหม่,1.0
2005,2567,ธันวาคม,นนทบุรี,ปากเกร็ด,เทศบาลนครปากเกร็ด,0.5
2006,2567,ธันวาคม,นนทบุรี,ปากเกร็ด,เทศบาลตำบลบางพลับ,0.028
2007,2567,ธันวาคม,นนทบุรี,ปากเกร็ด,อบต.เกาะเกร็ด,32.594
2008,2567,ธันวาคม,นนทบุรี,ปากเกร็ด,อบต.คลองข่อย,10.0
2009,2567,ธันวาคม,นนทบุรี,ปากเกร็ด,อบต.คลองพระอุดม,1.0
2010,2567,ธันวาคม,นนทบุรี,ปากเกร็ด,อบต.ท่าอิฐ,19.0
2011,2567,ธันวาคม,นนทบุรี,ปากเกร็ด,อบต.บางตะไนย์,2.0
2012,2567,ธันวาคม,นนทบุรี,ปากเกร็ด,อบต.อ้อมเกร็ด,0.0
2013,2567,ธันวาคม,นนทบุรี,เมืองนนทบุรี,เทศบาลนครนนทบุรี,0.13
2014,2567,ธันวาคม,นนทบุรี,เมืองนนทบุรี,เทศบาลเมืองไทรม้า,0.0
2015,2567,ธันวาคม,นนทบุรี,เมืองนนทบุรี,เทศบาลเมืองบางกร่าง,85.95
2016,2567,ธันวาคม,นนทบุรี,เมืองนนทบุรี,เทศบาลเมืองบางศรีเมือง,668.279
2017,2567,ธันวาคม,นนทบุรี,เมืองนนทบุรี,อบต.บางไผ่,441.42
2018,2567,ธันวาคม,นนทบุรี,เมืองนนทบุรี,อบต.บางรักน้อย,1.0
