,ปี,เดือน,จังหวัด,อำเภอ,อปท,ขยะติดเชื้อ (ตัน),ขยะกำจัดถูกต้อง(ตัน)
0,2563,มกราคม,นนทบุรี,ไทรน้อย,เทศบาลตำบลไทรน้อย,0.0,0.0
1,2563,มกราคม,นนทบุรี,ไทรน้อย,อบต.ขุนศรี,0.0,0.0
2,2563,มกราคม,นนทบุรี,ไทรน้อย,อบต.คลองขวาง,0.0,0.0
3,2563,มกราคม,นนทบุรี,ไทรน้อย,อบต.ทวีวัฒนา,0.02,0.02
4,2563,มกราคม,นนทบุรี,ไทรน้อย,อบต.ไทรน้อย,2151.0,2151.0
5,2563,มกราคม,นนทบุรี,ไทรน้อย,อบต.ไทรใหญ่,0.0,0.0
6,2563,มกราคม,นนทบุรี,ไทรน้อย,อบต.ราษฎร์นิยม,0.0,0.0
7,2563,มกราคม,นนทบุรี,ไทรน้อย,อบต.หนองเพรางาย,0.06,0.06
8,2563,มกราคม,นนทบุรี,บางกรวย,เทศบาลเมืองบางกรวย,0.0,0.0
9,2563,มกราคม,นนทบุรี,บางกรวย,เทศบาลตำบลบางสีทอง,0.03,0.03
10,2563,มกราคม,นนทบุรี,บางกรวย,เทศบาลตำบลปลายบาง,0.124,0.124
11,2563,มกราคม,นนทบุรี,บางกรวย,เทศบาลตำบลศาลากลาง,0.0,0.0
12,2563,มกราคม,นนทบุรี,บางกรวย,อบต.บางขนุน,0.0,0.0
13,2563,มกราคม,นนทบุรี,บางกรวย,อบต.บางขุนกอง,0.0,0.0
14,2563,มกราคม,นนทบุรี,บางกรวย,อบต.มหาสวัสดิ์,0.0,0.0
15,2563,มกราคม,นนทบุรี,บางบัวทอง,เทศบาลเมืองบางคูรัด,0.0,0.0
16,2563,มกราคม,นนทบุรี,บางบัวทอง,เทศบาลเมืองบางบัวทอง,3.23,3.23
17,2563,มกราคม,นนทบุรี,บางบัวทอง,เทศบาลเมืองบางรักพัฒนา,0.0,0.0
18,2563,มกราคม,นนทบุรี,บางบัวทอง,เทศบาลเมืองพิมลราช,1009.25,1009.25
19,2563,มกราคม,นนทบุรี,บางบัวทอง,เทศบาลเมืองใหม่บางบัวทอง,0.25,0.25
20,2563,มกราคม,นนทบุรี,บางบัวทอง,อบต.บางรักใหญ่,0.0,0.0
21,2563,มกราคม,นนทบุรี,บางบัวทอง,อบต.ละหาร,0.0,0.0
22,2563,มกราคม,นนทบุรี,บางบัวทอง,อบต.ลำโพ,0.0,0.0
23,2563,มกราคม,นนทบุรี,บางใหญ่,เทศบาลเมืองบางแม่นาง,0.0,0.0
24,2563,มกราคม,นนทบุรี,บางใหญ่,เทศบาลตำบลบางม่วง,0.0,0.0
25,2563,มกราคม,นนทบุรี,บางใหญ่,เทศบาลตำบลบางเลน,12.0,12.0
26,2563,มกราคม,นนทบุรี,บางใหญ่,เทศบาลตำบลบางใหญ่,0.0,0.0
27,2563,มกราคม,นนทบุรี,บางใหญ่,เทศบาลตำบลบ้านบางม่วง,0.0,0.0
28,2563,มกราคม,นนทบุรี,บางใหญ่,เทศบาลตำบลเสาธงหิน,0.0,0.0
29,2563,มกราคม,นนทบุรี,บางใหญ่,อบต.บางใหญ่,0.5,0.5
30,2563,มกราคม,นนทบุรี,บางใหญ่,อบต.บ้านใหม่,0.0,0.0
31,2563,มกราคม,นนทบุรี,ปากเกร็ด,เทศบาลนครปากเกร็ด,26.46,26.46
32,2563,มกราคม,นนทบุรี,ปากเกร็ด,เทศบาลตำบลบางพลับ,0.008,0.008
33,2563,มกราคม,นนทบุรี,ปากเกร็ด,อบต.เกาะเกร็ด,0.0,0.0
34,2563,มกราคม,นนทบุรี,ปากเกร็ด,อบต.คลองข่อย,0.0,0.0
35,2563,มกราคม,นนทบุรี,ปากเกร็ด,อบต.คลองพระอุดม,0.0,0.0
36,2563,มกราคม,นนทบุรี,ปากเกร็ด,อบต.ท่าอิฐ,0.09,0.09
37,2563,มกราคม,นนทบุรี,ปากเกร็ด,อบต.บางตะไนย์,0.001,0.001
38,2563,มกราคม,นนทบุรี,ปากเกร็ด,อบต.อ้อมเกร็ด,0.0,0.0
39,2563,มกราคม,นนทบุรี,เมืองนนทบุรี,เทศบาลนครนนทบุรี,74.236,74.236
40,2563,มกราคม,นนทบุรี,เมืองนนทบุรี,เทศบาลเมืองไทรม้า,0.0,0.0
41,2563,มกราคม,นนทบุรี,เมืองนนทบุรี,เทศบาลเมืองบางกร่าง,0.037,0.037
42,2563,มกราคม,นนทบุรี,เมืองนนทบุรี,เทศบาลเมืองบางศรีเมือง,0.0,0.0
43,2563,มกราคม,นนทบุรี,เมืองนนทบุรี,อบต.บางไผ่,0.0,0.0
44,2563,มกราคม,นนทบุรี,เมืองนนทบุรี,อบต.บางรักน้อย,0.0,0.0
45,2563,กุมภาพันธ์,นนทบุรี,ไทรน้อย,เทศบาลตำบลไทรน้อย,0.0,0.0
46,2563,กุมภาพันธ์,นนทบุรี,ไทรน้อย,อบต.ขุนศรี,0.0,0.0
47,2563,กุมภาพันธ์,นนทบุรี,ไทรน้อย,อบต.คลองขวาง,0.0,0.0
48,2563,กุมภาพันธ์,นนทบุรี,ไทรน้อย,อบต.ทวีวัฒนา,0.02,0.02
49,2563,กุมภาพันธ์,นนทบุรี,ไทรน้อย,อบต.ไทรน้อย,0.0,0.0
50,2563,กุมภาพันธ์,นนทบุรี,ไทรน้อย,อบต.ไทรใหญ่,0.0,0.0
51,2563,กุมภาพันธ์,นนทบุรี,ไทรน้อย,อบต.ราษฎร์นิยม,0.0,0.0
52,2563,กุมภาพันธ์,นนทบุรี,ไทรน้อย,อบต.หนองเพรางาย,0.06,0.06
53,2563,กุมภาพันธ์,นนทบุรี,บางกรวย,เทศบาลเมืองบางกรวย,0.0,0.0
54,2563,กุมภาพันธ์,นนทบุรี,บางกรวย,เทศบาลตำบลบางสีทอง,0.03,0.03
55,2563,กุมภาพันธ์,นนทบุรี,บางกรวย,เทศบาลตำบลปลายบาง,0.113,0.113
56,2563,กุมภาพันธ์,นนทบุรี,บางกรวย,เทศบาลตำบลศาลากลาง,0.0,0.0
57,2563,กุมภาพันธ์,นนทบุรี,บางกรวย,อบต.บางขนุน,0.0,0.0
58,2563,กุมภาพันธ์,นนทบุรี,บางกรวย,อบต.บางขุนกอง,0.0,0.0
59,2563,กุมภาพันธ์,นนทบุรี,บางกรวย,อบต.มหาสวัสดิ์,0.0,0.0
60,2563,กุมภาพันธ์,นนทบุรี,บางบัวทอง,เทศบาลเมืองบางคูรัด,0.0,0.0
61,2563,กุมภาพันธ์,นนทบุรี,บางบัวทอง,เทศบาลเมืองบางบัวทอง,2.35,2.35
62,2563,กุมภาพันธ์,นนทบุรี,บางบัวทอง,เทศบาลเมืองบางรักพัฒนา,0.0,0.0
63,2563,กุมภาพันธ์,นนทบุรี,บางบัวทอง,เทศบาลเมืองพิมลราช,1009.25,1009.25
64,2563,กุมภาพันธ์,นนทบุรี,บางบัวทอง,เทศบาลเมืองใหม่บางบัวทอง,0.25,0.25
65,2563,กุมภาพันธ์,นนทบุรี,บางบัวทอง,อบต.บางรักใหญ่,0.0,0.0
66,2563,กุมภาพันธ์,นนทบุรี,บางบัวทอง,อบต.ละหาร,0.0,0.0
67,2563,กุมภาพันธ์,นนทบุรี,บางบัวทอง,อบต.ลำโพ,0.0,0.0
68,2563,กุมภาพันธ์,นนทบุรี,บางใหญ่,เทศบาลเมืองบางแม่นาง,0.0,0.0
69,2563,กุมภาพันธ์,นนทบุรี,บางใหญ่,เทศบาลตำบลบางม่วง,0.0,0.0
70,2563,กุมภาพันธ์,นนทบุรี,บางใหญ่,เทศบาลตำบลบางเลน,15.0,15.0
71,2563,กุมภาพันธ์,นนทบุรี,บางใหญ่,เทศบาลตำบลบางใหญ่,0.0,0.0
72,2563,กุมภาพันธ์,นนทบุรี,บางใหญ่,เทศบาลตำบลบ้านบางม่วง,0.0,0.0
73,2563,กุมภาพันธ์,นนทบุรี,บางใหญ่,เทศบาลตำบลเสาธงหิน,0.0,0.0
74,2563,กุมภาพันธ์,นนทบุรี,บางใหญ่,อบต.บางใหญ่,0.3,0.3
75,2563,กุมภาพันธ์,นนทบุรี,บางใหญ่,อบต.บ้านใหม่,0.0,0.0
76,2563,กุมภาพันธ์,นนทบุรี,ปากเกร็ด,เทศบาลนครปากเกร็ด,24.822,24.822
77,2563,กุมภาพันธ์,นนทบุรี,ปากเกร็ด,เทศบาลตำบลบางพลับ,0.009,0.009
78,2563,กุมภาพันธ์,นนทบุรี,ปากเกร็ด,อบต.เกาะเกร็ด,0.0,0.0
79,2563,กุมภาพันธ์,นนทบุรี,ปากเกร็ด,อบต.คลองข่อย,0.0,0.0
80,2563,กุมภาพันธ์,นนทบุรี,ปากเกร็ด,อบต.คลองพระอุดม,0.0,0.0
81,2563,กุมภาพันธ์,นนทบุรี,ปากเกร็ด,อบต.ท่าอิฐ,0.09,0.09
82,2563,กุมภาพันธ์,นนทบุรี,ปากเกร็ด,อบต.บางตะไนย์,0.01,0.01
83,2563,กุมภาพันธ์,นนทบุรี,ปากเกร็ด,อบต.อ้อมเกร็ด,0.0,0.0
84,2563,กุมภาพันธ์,นนทบุรี,เมืองนนทบุรี,เทศบาลนครนนทบุรี,74.044,74.044
85,2563,กุมภาพันธ์,นนทบุรี,เมืองนนทบุรี,เทศบาลเมืองไทรม้า,0.0,0.0
86,2563,กุมภาพันธ์,นนทบุรี,เมืองนนทบุรี,เทศบาลเมืองบางกร่าง,0.035,0.035
87,2563,กุมภาพันธ์,นนทบุรี,เมืองนนทบุรี,เทศบาลเมืองบางศรีเมือง,0.0,0.0
88,2563,กุมภาพันธ์,นนทบุรี,เมืองนนทบุรี,อบต.บางไผ่,0.0,0.0
89,2563,กุมภาพันธ์,นนทบุรี,เมืองนนทบุรี,อบต.บางรักน้อย,0.0,0.0
90,2563,มีนาคม,นนทบุรี,ไทรน้อย,เทศบาลตำบลไทรน้อย,0.0,0.0
91,2563,มีนาคม,นนทบุรี,ไทรน้อย,อบต.ขุนศรี,0.0,0.0
92,2563,มีนาคม,นนทบุรี,ไทรน้อย,อบต.คลองขวาง,0.0,0.0
93,2563,มีนาคม,นนทบุรี,ไทรน้อย,อบต.ทวีวัฒนา,0.02,0.02
94,2563,มีนาคม,นนทบุรี,ไทรน้อย,อบต.ไทรน้อย,0.0,0.0
95,2563,มีนาคม,นนทบุรี,ไทรน้อย,อบต.ไทรใหญ่,0.0,0.0
96,2563,มีนาคม,นนทบุรี,ไทรน้อย,อบต.ราษฎร์นิยม,0.0,0.0
97,2563,มีนาคม,นนทบุรี,ไทรน้อย,อบต.หนองเพรางาย,0.06,0.06
98,2563,มีนาคม,นนทบุรี,บางกรวย,เทศบาลเมืองบางกรวย,0.0,0.0
99,2563,มีนาคม,นนทบุรี,บางกรวย,เทศบาลตำบลบางสีทอง,0.03,0.03
100,2563,มีนาคม,นนทบุรี,บางกรวย,เทศบาลตำบลปลายบาง,0.124,0.124
101,2563,มีนาคม,นนทบุรี,บางกรวย,เทศบาลตำบลศาลากลาง,0.0,0.0
102,2563,มีนาคม,นนทบุรี,บางกรวย,อบต.บางขนุน,0.0,0.0
103,2563,มีนาคม,นนทบุรี,บางกรวย,อบต.บางขุนกอง,0.0,0.0
104,2563,มีนาคม,นนทบุรี,บางกรวย,อบต.มหาสวัสดิ์,0.0,0.0
105,2563,มีนาคม,นนทบุรี,บางบัวทอง,เทศบาลเมืองบางคูรัด,0.0,0.0
106,2563,มีนาคม,นนทบุรี,บางบัวทอง,เทศบาลเมืองบางบัวทอง,2.35,2.35
107,2563,มีนาคม,นนทบุรี,บางบัวทอง,เทศบาลเมืองบางรักพัฒนา,0.0,0.0
108,2563,มีนาคม,นนทบุรี,บางบัวทอง,เทศบาลเมืองพิมลราช,0.0,0.0
109,2563,มีนาคม,นนทบุรี,บางบัวทอง,เทศบาลเมืองใหม่บางบัวทอง,0.25,0.25
110,2563,มีนาคม,นนทบุรี,บางบัวทอง,อบต.บางรักใหญ่,0.0,0.0
111,2563,มีนาคม,นนทบุรี,บางบัวทอง,อบต.ละหาร,0.0,0.0
112,2563,มีนาคม,นนทบุรี,บางบัวทอง,อบต.ลำโพ,0.0,0.0
113,2563,มีนาคม,นนทบุรี,บางใหญ่,เทศบาลเมืองบางแม่นาง,0.0,0.0
114,2563,มีนาคม,นนทบุรี,บางใหญ่,เทศบาลตำบลบางม่วง,0.0,0.0
115,2563,มีนาคม,นนทบุรี,บางใหญ่,เทศบาลตำบลบางเลน,15.0,15.0
116,2563,มีนาคม,นนทบุรี,บางใหญ่,เทศบาลตำบลบางใหญ่,0.0,0.0
117,2563,มีนาคม,นนทบุรี,บางใหญ่,เทศบาลตำบลบ้านบางม่วง,0.0,0.0
118,2563,มีนาคม,นนทบุรี,บางใหญ่,เทศบาลตำบลเสาธงหิน,0.0,0.0
119,2563,มีนาคม,นนทบุรี,บางใหญ่,อบต.บางใหญ่,0.0,0.0
120,2563,มีนาคม,นนทบุรี,บางใหญ่,อบต.บ้านใหม่,0.0,0.0
121,2563,มีนาคม,นนทบุรี,ปากเกร็ด,เทศบาลนครปากเกร็ด,24.707,24.707
122,2563,มีนาคม,นนทบุรี,ปากเกร็ด,เทศบาลตำบลบางพลับ,0.016,0.016
123,2563,มีนาคม,นนทบุรี,ปากเกร็ด,อบต.เกาะเกร็ด,0.0,0.0
124,2563,มีนาคม,นนทบุรี,ปากเกร็ด,อบต.คลองข่อย,0.0,0.0
125,2563,มีนาคม,นนทบุรี,ปากเกร็ด,อบต.คลองพระอุดม,0.0,0.0
126,2563,มีนาคม,นนทบุรี,ปากเกร็ด,อบต.ท่าอิฐ,0.09,0.09
127,2563,มีนาคม,นนทบุรี,ปากเกร็ด,อบต.บางตะไนย์,0.002,0.002
128,2563,มีนาคม,นนทบุรี,ปากเกร็ด,อบต.อ้อมเกร็ด,0.0,0.0
129,2563,มีนาคม,นนทบุรี,เมืองนนทบุรี,เทศบาลนครนนทบุรี,74.646,74.646
130,2563,มีนาคม,นนทบุรี,เมืองนนทบุรี,เทศบาลเมืองไทรม้า,0.0,0.0
131,2563,มีนาคม,นนทบุรี,เมืองนนทบุรี,เทศบาลเมืองบางกร่าง,0.039,0.039
132,2563,มีนาคม,นนทบุรี,เมืองนนทบุรี,เทศบาลเมืองบางศรีเมือง,0.0,0.0
133,2563,มีนาคม,นนทบุรี,เมืองนนทบุรี,อบต.บางไผ่,0.0,0.0
134,2563,มีนาคม,นนทบุรี,เมืองนนทบุรี,อบต.บางรักน้อย,0.0,0.0
135,2563,เมษายน,นนทบุรี,ไทรน้อย,เทศบาลตำบลไทรน้อย,0.0,0.0
136,2563,เมษายน,นนทบุรี,ไทรน้อย,อบต.ขุนศรี,0.0,0.0
137,2563,เมษายน,นนทบุรี,ไทรน้อย,อบต.คลองขวาง,0.0,0.0
138,2563,เมษายน,นนทบุรี,ไทรน้อย,อบต.ทวีวัฒนา,0.02,0.02
139,2563,เมษายน,นนทบุรี,ไทรน้อย,อบต.ไทรน้อย,0.0,0.0
140,2563,เมษายน,นนทบุรี,ไทรน้อย,อบต.ไทรใหญ่,0.0,0.0
141,2563,เมษายน,นนทบุรี,ไทรน้อย,อบต.ราษฎร์นิยม,0.0,0.0
142,2563,เมษายน,นนทบุรี,ไทรน้อย,อบต.หนองเพรางาย,0.06,0.06
143,2563,เมษายน,นนทบุรี,บางกรวย,เทศบาลเมืองบางกรวย,0.0,0.0
144,2563,เมษายน,นนทบุรี,บางกรวย,เทศบาลตำบลบางสีทอง,0.03,0.03
145,2563,เมษายน,นนทบุรี,บางกรวย,เทศบาลตำบลปลายบาง,0.183,0.183
146,2563,เมษายน,นนทบุรี,บางกรวย,เทศบาลตำบลศาลากลาง,0.0,0.0
147,2563,เมษายน,นนทบุรี,บางกรวย,อบต.บางขนุน,0.0,0.0
148,2563,เมษายน,นนทบุรี,บางกรวย,อบต.บางขุนกอง,0.0,0.0
149,2563,เมษายน,นนทบุรี,บางกรวย,อบต.มหาสวัสดิ์,0.0,0.0
150,2563,เมษายน,นนทบุรี,บางบัวทอง,เทศบาลเมืองบางคูรัด,0.0,0.0
151,2563,เมษายน,นนทบุรี,บางบัวทอง,เทศบาลเมืองบางบัวทอง,2.14,2.14
152,2563,เมษายน,นนทบุรี,บางบัวทอง,เทศบาลเมืองบางรักพัฒนา,0.0,0.0
153,2563,เมษายน,นนทบุรี,บางบัวทอง,เทศบาลเมืองพิมลราช,0.0,0.0
154,2563,เมษายน,นนทบุรี,บางบัวทอง,เทศบาลเมืองใหม่บางบัวทอง,0.25,0.5
155,2563,เมษายน,นนทบุรี,บางบัวทอง,อบต.บางรักใหญ่,0.0,0.0
156,2563,เมษายน,นนทบุรี,บางบัวทอง,อบต.ละหาร,0.0,0.0
157,2563,เมษายน,นนทบุรี,บางบัวทอง,อบต.ลำโพ,0.0,0.0
158,2563,เมษายน,นนทบุรี,บางใหญ่,เทศบาลเมืองบางแม่นาง,0.0,0.0
159,2563,เมษายน,นนทบุรี,บางใหญ่,เทศบาลตำบลบางม่วง,0.0,0.0
160,2563,เมษายน,นนทบุรี,บางใหญ่,เทศบาลตำบลบางเลน,15.0,15.0
161,2563,เมษายน,นนทบุรี,บางใหญ่,เทศบาลตำบลบางใหญ่,10.174,10.174
162,2563,เมษายน,นนทบุรี,บางใหญ่,เทศบาลตำบลบ้านบางม่วง,0.0,0.0
163,2563,เมษายน,นนทบุรี,บางใหญ่,เทศบาลตำบลเสาธงหิน,0.0,0.0
164,2563,เมษายน,นนทบุรี,บางใหญ่,อบต.บางใหญ่,0.0,0.0
165,2563,เมษายน,นนทบุรี,บางใหญ่,อบต.บ้านใหม่,0.0,0.0
166,2563,เมษายน,นนทบุรี,ปากเกร็ด,เทศบาลนครปากเกร็ด,20.876,20.876
167,2563,เมษายน,นนทบุรี,ปากเกร็ด,เทศบาลตำบลบางพลับ,0.028,0.028
168,2563,เมษายน,นนทบุรี,ปากเกร็ด,อบต.เกาะเกร็ด,0.0,0.0
169,2563,เมษายน,นนทบุรี,ปากเกร็ด,อบต.คลองข่อย,0.0,0.0
170,2563,เมษายน,นนทบุรี,ปากเกร็ด,อบต.คลองพระอุดม,0.0,0.0
171,2563,เมษายน,นนทบุรี,ปากเกร็ด,อบต.ท่าอิฐ,0.09,0.09
172,2563,เมษายน,นนทบุรี,ปากเกร็ด,อบต.บางตะไนย์,0.005,0.0
173,2563,เมษายน,นนทบุรี,ปากเกร็ด,อบต.อ้อมเกร็ด,0.0,0.0
174,2563,เมษายน,นนทบุรี,เมืองนนทบุรี,เทศบาลนครนนทบุรี,49.341,49.641
175,2563,เมษายน,นนทบุรี,เมืองนนทบุรี,เทศบาลเมืองไทรม้า,0.0,0.0
176,2563,เมษายน,นนทบุรี,เมืองนนทบุรี,เทศบาลเมืองบางกร่าง,0.04,0.04
177,2563,เมษายน,นนทบุรี,เมืองนนทบุรี,เทศบาลเมืองบางศรีเมือง,0.0,0.0
178,2563,เมษายน,นนทบุรี,เมืองนนทบุรี,อบต.บางไผ่,0.0,0.0
179,2563,เมษายน,นนทบุรี,เมืองนนทบุรี,อบต.บางรักน้อย,0.0,0.0
180,2563,พฤษภาคม,นนทบุรี,ไทรน้อย,เทศบาลตำบลไทรน้อย,0.0,0.0
181,2563,พฤษภาคม,นนทบุรี,ไทรน้อย,อบต.ขุนศรี,0.0,0.0
182,2563,พฤษภาคม,นนทบุรี,ไทรน้อย,อบต.คลองขวาง,0.0,0.0
183,2563,พฤษภาคม,นนทบุรี,ไทรน้อย,อบต.ทวีวัฒนา,0.02,0.02
184,2563,พฤษภาคม,นนทบุรี,ไทรน้อย,อบต.ไทรน้อย,0.0,0.0
185,2563,พฤษภาคม,นนทบุรี,ไทรน้อย,อบต.ไทรใหญ่,0.0,0.0
186,2563,พฤษภาคม,นนทบุรี,ไทรน้อย,อบต.ราษฎร์นิยม,0.0,0.0
187,2563,พฤษภาคม,นนทบุรี,ไทรน้อย,อบต.หนองเพรางาย,0.06,0.06
188,2563,พฤษภาคม,นนทบุรี,บางกรวย,เทศบาลเมืองบางกรวย,0.0,0.0
189,2563,พฤษภาคม,นนทบุรี,บางกรวย,เทศบาลตำบลบางสีทอง,0.03,0.03
190,2563,พฤษภาคม,นนทบุรี,บางกรวย,เทศบาลตำบลปลายบาง,0.178,0.178
191,2563,พฤษภาคม,นนทบุรี,บางกรวย,เทศบาลตำบลศาลากลาง,0.0,0.0
192,2563,พฤษภาคม,นนทบุรี,บางกรวย,อบต.บางขนุน,0.0,0.0
193,2563,พฤษภาคม,นนทบุรี,บางกรวย,อบต.บางขุนกอง,0.0,0.0
194,2563,พฤษภาคม,นนทบุรี,บางกรวย,อบต.มหาสวัสดิ์,0.0,0.0
195,2563,พฤษภาคม,นนทบุรี,บางบัวทอง,เทศบาลเมืองบางคูรัด,0.0,0.0
196,2563,พฤษภาคม,นนทบุรี,บางบัวทอง,เทศบาลเมืองบางบัวทอง,2.25,2.25
197,2563,พฤษภาคม,นนทบุรี,บางบัวทอง,เทศบาลเมืองบางรักพัฒนา,0.0,0.0
198,2563,พฤษภาคม,นนทบุรี,บางบัวทอง,เทศบาลเมืองพิมลราช,0.0,0.0
199,2563,พฤษภาคม,นนทบุรี,บางบัวทอง,เทศบาลเมืองใหม่บางบัวทอง,0.25,0.25
200,2563,พฤษภาคม,นนทบุรี,บางบัวทอง,อบต.บางรักใหญ่,0.0,0.0
201,2563,พฤษภาคม,นนทบุรี,บางบัวทอง,อบต.ละหาร,0.0,0.0
202,2563,พฤษภาคม,นนทบุรี,บางบัวทอง,อบต.ลำโพ,0.0,0.0
203,2563,พฤษภาคม,นนทบุรี,บางใหญ่,เทศบาลเมืองบางแม่นาง,0.0,0.0
204,2563,พฤษภาคม,นนทบุรี,บางใหญ่,เทศบาลตำบลบางม่วง,0.0,0.0
205,2563,พฤษภาคม,นนทบุรี,บางใหญ่,เทศบาลตำบลบางเลน,15.0,15.0
206,2563,พฤษภาคม,นนทบุรี,บางใหญ่,เทศบาลตำบลบางใหญ่,9.174,9.174
207,2563,พฤษภาคม,นนทบุรี,บางใหญ่,เทศบาลตำบลบ้านบางม่วง,0.0,0.0
208,2563,พฤษภาคม,นนทบุรี,บางใหญ่,เทศบาลตำบลเสาธงหิน,0.0,0.0
209,2563,พฤษภาคม,นนทบุรี,บางใหญ่,อบต.บางใหญ่,0.0,0.0
210,2563,พฤษภาคม,นนทบุรี,บางใหญ่,อบต.บ้านใหม่,0.0,0.0
211,2563,พฤษภาคม,นนทบุรี,ปากเกร็ด,เทศบาลนครปากเกร็ด,23.234,23.234
212,2563,พฤษภาคม,นนทบุรี,ปากเกร็ด,เทศบาลตำบลบางพลับ,0.025,0.025
213,2563,พฤษภาคม,นนทบุรี,ปากเกร็ด,อบต.เกาะเกร็ด,0.0,0.0
214,2563,พฤษภาคม,นนทบุรี,ปากเกร็ด,อบต.คลองข่อย,0.0,0.0
215,2563,พฤษภาคม,นนทบุรี,ปากเกร็ด,อบต.คลองพระอุดม,0.0,0.0
216,2563,พฤษภาคม,นนทบุรี,ปากเกร็ด,อบต.ท่าอิฐ,0.09,0.09
217,2563,พฤษภาคม,นนทบุรี,ปากเกร็ด,อบต.บางตะไนย์,0.003,0.0
218,2563,พฤษภาคม,นนทบุรี,ปากเกร็ด,อบต.อ้อมเกร็ด,0.0,0.0
219,2563,พฤษภาคม,นนทบุรี,เมืองนนทบุรี,เทศบาลนครนนทบุรี,57.26,57.26
220,2563,พฤษภาคม,นนทบุรี,เมืองนนทบุรี,เทศบาลเมืองไทรม้า,0.0,0.0
221,2563,พฤษภาคม,นนทบุรี,เมืองนนทบุรี,เทศบาลเมืองบางกร่าง,0.03,0.03
222,2563,พฤษภาคม,นนทบุรี,เมืองนนทบุรี,เทศบาลเมืองบางศรีเมือง,0.0,0.0
223,2563,พฤษภาคม,นนทบุรี,เมืองนนทบุรี,อบต.บางไผ่,0.0,0.0
224,2563,พฤษภาคม,นนทบุรี,เมืองนนทบุรี,อบต.บางรักน้อย,0.0,0.0
225,2563,มิถุนายน,นนทบุรี,ไทรน้อย,เทศบาลตำบลไทรน้อย,0.0,0.0
226,2563,มิถุนายน,นนทบุรี,ไทรน้อย,อบต.ขุนศรี,0.0,0.0
227,2563,มิถุนายน,นนทบุรี,ไทรน้อย,อบต.คลองขวาง,0.0,0.0
228,2563,มิถุนายน,นนทบุรี,ไทรน้อย,อบต.ทวีวัฒนา,0.02,0.02
229,2563,มิถุนายน,นนทบุรี,ไทรน้อย,อบต.ไทรน้อย,0.0,0.0
230,2563,มิถุนายน,นนทบุรี,ไทรน้อย,อบต.ไทรใหญ่,0.0,0.0
231,2563,มิถุนายน,นนทบุรี,ไทรน้อย,อบต.ราษฎร์นิยม,0.0,0.0
232,2563,มิถุนายน,นนทบุรี,ไทรน้อย,อบต.หนองเพรางาย,0.06,0.06
233,2563,มิถุนายน,นนทบุรี,บางกรวย,เทศบาลเมืองบางกรวย,0.0,0.0
234,2563,มิถุนายน,นนทบุรี,บางกรวย,เทศบาลตำบลบางสีทอง,0.03,0.03
235,2563,มิถุนายน,นนทบุรี,บางกรวย,เทศบาลตำบลปลายบาง,0.162,0.162
236,2563,มิถุนายน,นนทบุรี,บางกรวย,เทศบาลตำบลศาลากลาง,0.0,0.0
237,2563,มิถุนายน,นนทบุรี,บางกรวย,อบต.บางขนุน,0.0,0.0
238,2563,มิถุนายน,นนทบุรี,บางกรวย,อบต.บางขุนกอง,0.0,0.0
239,2563,มิถุนายน,นนทบุรี,บางกรวย,อบต.มหาสวัสดิ์,0.0,0.0
240,2563,มิถุนายน,นนทบุรี,บางบัวทอง,เทศบาลเมืองบางคูรัด,0.0,0.0
241,2563,มิถุนายน,นนทบุรี,บางบัวทอง,เทศบาลเมืองบางบัวทอง,2.39,2.39
242,2563,มิถุนายน,นนทบุรี,บางบัวทอง,เทศบาลเมืองบางรักพัฒนา,0.0,0.0
243,2563,มิถุนายน,นนทบุรี,บางบัวทอง,เทศบาลเมืองพิมลราช,0.0,0.0
244,2563,มิถุนายน,นนทบุรี,บางบัวทอง,เทศบาลเมืองใหม่บางบัวทอง,0.25,0.25
245,2563,มิถุนายน,นนทบุรี,บางบัวทอง,อบต.บางรักใหญ่,0.0,0.0
246,2563,มิถุนายน,นนทบุรี,บางบัวทอง,อบต.ละหาร,0.0,0.0
247,2563,มิถุนายน,นนทบุรี,บางบัวทอง,อบต.ลำโพ,0.0,0.0
248,2563,มิถุนายน,นนทบุรี,บางใหญ่,เทศบาลเมืองบางแม่นาง,0.0,0.0
249,2563,มิถุนายน,นนทบุรี,บางใหญ่,เทศบาลตำบลบางม่วง,0.0,0.0
250,2563,มิถุนายน,นนทบุรี,บางใหญ่,เทศบาลตำบลบางเลน,20.0,20.0
251,2563,มิถุนายน,นนทบุรี,บางใหญ่,เทศบาลตำบลบางใหญ่,8.174,8.174
252,2563,มิถุนายน,นนทบุรี,บางใหญ่,เทศบาลตำบลบ้านบางม่วง,0.0,0.0
253,2563,มิถุนายน,นนทบุรี,บางใหญ่,เทศบาลตำบลเสาธงหิน,0.0,0.0
254,2563,มิถุนายน,นนทบุรี,บางใหญ่,อบต.บางใหญ่,0.0,0.0
255,2563,มิถุนายน,นนทบุรี,บางใหญ่,อบต.บ้านใหม่,0.0,0.0
256,2563,มิถุนายน,นนทบุรี,ปากเกร็ด,เทศบาลนครปากเกร็ด,21.458,21.458
257,2563,มิถุนายน,นนทบุรี,ปากเกร็ด,เทศบาลตำบลบางพลับ,0.018,0.018
258,2563,มิถุนายน,นนทบุรี,ปากเกร็ด,อบต.เกาะเกร็ด,0.0,0.0
259,2563,มิถุนายน,นนทบุรี,ปากเกร็ด,อบต.คลองข่อย,0.0,0.0
260,2563,มิถุนายน,นนทบุรี,ปากเกร็ด,อบต.คลองพระอุดม,0.0,0.0
261,2563,มิถุนายน,นนทบุรี,ปากเกร็ด,อบต.ท่าอิฐ,0.09,0.09
262,2563,มิถุนายน,นนทบุรี,ปากเกร็ด,อบต.บางตะไนย์,0.002,0.0
263,2563,มิถุนายน,นนทบุรี,ปากเกร็ด,อบต.อ้อมเกร็ด,0.0,0.0
264,2563,มิถุนายน,นนทบุรี,เมืองนนทบุรี,เทศบาลนครนนทบุรี,66.2,66.2
265,2563,มิถุนายน,นนทบุรี,เมืองนนทบุรี,เทศบาลเมืองไทรม้า,0.0,0.0
266,2563,มิถุนายน,นนทบุรี,เมืองนนทบุรี,เทศบาลเมืองบางกร่าง,0.036,0.036
267,2563,มิถุนายน,นนทบุรี,เมืองนนทบุรี,เทศบาลเมืองบางศรีเมือง,0.0,0.0
268,2563,มิถุนายน,นนทบุรี,เมืองนนทบุรี,อบต.บางไผ่,0.0,0.0
269,2563,มิถุนายน,นนทบุรี,เมืองนนทบุรี,อบต.บางรักน้อย,0.0,0.0
270,2563,กรกฎาคม,นนทบุรี,ไทรน้อย,เทศบาลตำบลไทรน้อย,0.0,0.0
271,2563,กรกฎาคม,นนทบุรี,ไทรน้อย,อบต.ขุนศรี,0.0,0.0
272,2563,กรกฎาคม,นนทบุรี,ไทรน้อย,อบต.คลองขวาง,0.0,0.0
273,2563,กรกฎาคม,นนทบุรี,ไทรน้อย,อบต.ทวีวัฒนา,0.02,0.02
274,2563,กรกฎาคม,นนทบุรี,ไทรน้อย,อบต.ไทรน้อย,0.0,0.0
275,2563,กรกฎาคม,นนทบุรี,ไทรน้อย,อบต.ไทรใหญ่,0.0,0.0
276,2563,กรกฎาคม,นนทบุรี,ไทรน้อย,อบต.ราษฎร์นิยม,0.0,0.0
277,2563,กรกฎาคม,นนทบุรี,ไทรน้อย,อบต.หนองเพรางาย,0.06,0.06
278,2563,กรกฎาคม,นนทบุรี,บางกรวย,เทศบาลเมืองบางกรวย,0.0,0.0
279,2563,กรกฎาคม,นนทบุรี,บางกรวย,เทศบาลตำบลบางสีทอง,0.03,0.03
280,2563,กรกฎาคม,นนทบุรี,บางกรวย,เทศบาลตำบลปลายบาง,0.169,0.169
281,2563,กรกฎาคม,นนทบุรี,บางกรวย,เทศบาลตำบลศาลากลาง,0.0,0.0
282,2563,กรกฎาคม,นนทบุรี,บางกรวย,อบต.บางขนุน,0.0,0.0
283,2563,กรกฎาคม,นนทบุรี,บางกรวย,อบต.บางขุนกอง,0.0,0.0
284,2563,กรกฎาคม,นนทบุรี,บางกรวย,อบต.มหาสวัสดิ์,0.0,0.0
285,2563,กรกฎาคม,นนทบุรี,บางบัวทอง,เทศบาลเมืองบางคูรัด,0.0,0.0
286,2563,กรกฎาคม,นนทบุรี,บางบัวทอง,เทศบาลเมืองบางบัวทอง,2.25,2.25
287,2563,กรกฎาคม,นนทบุรี,บางบัวทอง,เทศบาลเมืองบางรักพัฒนา,0.0,0.0
288,2563,กรกฎาคม,นนทบุรี,บางบัวทอง,เทศบาลเมืองพิมลราช,0.0,0.0
289,2563,กรกฎาคม,นนทบุรี,บางบัวทอง,เทศบาลเมืองใหม่บางบัวทอง,0.25,0.25
290,2563,กรกฎาคม,นนทบุรี,บางบัวทอง,อบต.บางรักใหญ่,0.0,0.0
291,2563,กรกฎาคม,นนทบุรี,บางบัวทอง,อบต.ละหาร,0.0,0.0
292,2563,กรกฎาคม,นนทบุรี,บางบัวทอง,อบต.ลำโพ,0.0,604.585
293,2563,กรกฎาคม,นนทบุรี,บางใหญ่,เทศบาลเมืองบางแม่นาง,0.0,0.0
294,2563,กรกฎาคม,นนทบุรี,บางใหญ่,เทศบาลตำบลบางม่วง,0.0,0.0
295,2563,กรกฎาคม,นนทบุรี,บางใหญ่,เทศบาลตำบลบางเลน,15.0,15.0
296,2563,กรกฎาคม,นนทบุรี,บางใหญ่,เทศบาลตำบลบางใหญ่,0.0,0.0
297,2563,กรกฎาคม,นนทบุรี,บางใหญ่,เทศบาลตำบลบ้านบางม่วง,0.0,0.0
298,2563,กรกฎาคม,นนทบุรี,บางใหญ่,เทศบาลตำบลเสาธงหิน,0.0,0.0
299,2563,กรกฎาคม,นนทบุรี,บางใหญ่,อบต.บางใหญ่,0.0,0.0
300,2563,กรกฎาคม,นนทบุรี,บางใหญ่,อบต.บ้านใหม่,0.0,0.0
301,2563,กรกฎาคม,นนทบุรี,ปากเกร็ด,เทศบาลนครปากเกร็ด,24.163,24.163
302,2563,กรกฎาคม,นนทบุรี,ปากเกร็ด,เทศบาลตำบลบางพลับ,0.015,0.015
303,2563,กรกฎาคม,นนทบุรี,ปากเกร็ด,อบต.เกาะเกร็ด,0.0,0.0
304,2563,กรกฎาคม,นนทบุรี,ปากเกร็ด,อบต.คลองข่อย,0.0,0.0
305,2563,กรกฎาคม,นนทบุรี,ปากเกร็ด,อบต.คลองพระอุดม,0.0,0.0
306,2563,กรกฎาคม,นนทบุรี,ปากเกร็ด,อบต.ท่าอิฐ,0.09,0.09
307,2563,กรกฎาคม,นนทบุรี,ปากเกร็ด,อบต.บางตะไนย์,0.005,0.0
308,2563,กรกฎาคม,นนทบุรี,ปากเกร็ด,อบต.อ้อมเกร็ด,0.0,0.0
309,2563,กรกฎาคม,นนทบุรี,เมืองนนทบุรี,เทศบาลนครนนทบุรี,62.763,62.763
310,2563,กรกฎาคม,นนทบุรี,เมืองนนทบุรี,เทศบาลเมืองไทรม้า,0.0,0.0
311,2563,กรกฎาคม,นนทบุรี,เมืองนนทบุรี,เทศบาลเมืองบางกร่าง,0.038,0.038
312,2563,กรกฎาคม,นนทบุรี,เมืองนนทบุรี,เทศบาลเมืองบางศรีเมือง,0.0,0.0
313,2563,กรกฎาคม,นนทบุรี,เมืองนนทบุรี,อบต.บางไผ่,0.0,0.0
314,2563,กรกฎาคม,นนทบุรี,เมืองนนทบุรี,อบต.บางรักน้อย,0.0,0.0
315,2563,สิงหาคม,นนทบุรี,ไทรน้อย,เทศบาลตำบลไทรน้อย,0.0,0.0
316,2563,สิงหาคม,นนทบุรี,ไทรน้อย,อบต.ขุนศรี,0.0,0.0
317,2563,สิงหาคม,นนทบุรี,ไทรน้อย,อบต.คลองขวาง,0.0,0.0
318,2563,สิงหาคม,นนทบุรี,ไทรน้อย,อบต.ทวีวัฒนา,0.02,0.02
319,2563,สิงหาคม,นนทบุรี,ไทรน้อย,อบต.ไทรน้อย,0.0,0.0
320,2563,สิงหาคม,นนทบุรี,ไทรน้อย,อบต.ไทรใหญ่,0.0,0.0
321,2563,สิงหาคม,นนทบุรี,ไทรน้อย,อบต.ราษฎร์นิยม,0.0,0.0
322,2563,สิงหาคม,นนทบุรี,ไทรน้อย,อบต.หนองเพรางาย,0.06,0.6
323,2563,สิงหาคม,นนทบุรี,บางกรวย,เทศบาลเมืองบางกรวย,0.0,0.0
324,2563,สิงหาคม,นนทบุรี,บางกรวย,เทศบาลตำบลบางสีทอง,0.03,0.03
325,2563,สิงหาคม,นนทบุรี,บางกรวย,เทศบาลตำบลปลายบาง,0.017,0.172
326,2563,สิงหาคม,นนทบุรี,บางกรวย,เทศบาลตำบลศาลากลาง,0.0,0.0
327,2563,สิงหาคม,นนทบุรี,บางกรวย,อบต.บางขนุน,0.0,0.0
328,2563,สิงหาคม,นนทบุรี,บางกรวย,อบต.บางขุนกอง,0.0,0.0
329,2563,สิงหาคม,นนทบุรี,บางกรวย,อบต.มหาสวัสดิ์,0.0,0.0
330,2563,สิงหาคม,นนทบุรี,บางบัวทอง,เทศบาลเมืองบางคูรัด,0.0,0.0
331,2563,สิงหาคม,นนทบุรี,บางบัวทอง,เทศบาลเมืองบางบัวทอง,2.5,2.5
332,2563,สิงหาคม,นนทบุรี,บางบัวทอง,เทศบาลเมืองบางรักพัฒนา,0.0,0.0
333,2563,สิงหาคม,นนทบุรี,บางบัวทอง,เทศบาลเมืองพิมลราช,0.0,0.0
334,2563,สิงหาคม,นนทบุรี,บางบัวทอง,เทศบาลเมืองใหม่บางบัวทอง,0.25,0.25
335,2563,สิงหาคม,นนทบุรี,บางบัวทอง,อบต.บางรักใหญ่,0.0,0.0
336,2563,สิงหาคม,นนทบุรี,บางบัวทอง,อบต.ละหาร,0.0,0.0
337,2563,สิงหาคม,นนทบุรี,บางบัวทอง,อบต.ลำโพ,0.0,604.585
338,2563,สิงหาคม,นนทบุรี,บางใหญ่,เทศบาลเมืองบางแม่นาง,0.0,0.0
339,2563,สิงหาคม,นนทบุรี,บางใหญ่,เทศบาลตำบลบางม่วง,0.0,0.0
340,2563,สิงหาคม,นนทบุรี,บางใหญ่,เทศบาลตำบลบางเลน,15.0,15.0
341,2563,สิงหาคม,นนทบุรี,บางใหญ่,เทศบาลตำบลบางใหญ่,0.0,0.0
342,2563,สิงหาคม,นนทบุรี,บางใหญ่,เทศบาลตำบลบ้านบางม่วง,0.0,0.0
343,2563,สิงหาคม,นนทบุรี,บางใหญ่,เทศบาลตำบลเสาธงหิน,0.0,0.0
344,2563,สิงหาคม,นนทบุรี,บางใหญ่,อบต.บางใหญ่,0.0,0.0
345,2563,สิงหาคม,นนทบุรี,บางใหญ่,อบต.บ้านใหม่,0.0,0.0
346,2563,สิงหาคม,นนทบุรี,ปากเกร็ด,เทศบาลนครปากเกร็ด,27.364,27.364
347,2563,สิงหาคม,นนทบุรี,ปากเกร็ด,เทศบาลตำบลบางพลับ,0.008,0.008
348,2563,สิงหาคม,นนทบุรี,ปากเกร็ด,อบต.เกาะเกร็ด,0.0,0.0
349,2563,สิงหาคม,นนทบุรี,ปากเกร็ด,อบต.คลองข่อย,0.0,0.0
350,2563,สิงหาคม,นนทบุรี,ปากเกร็ด,อบต.คลองพระอุดม,0.0,0.0
351,2563,สิงหาคม,นนทบุรี,ปากเกร็ด,อบต.ท่าอิฐ,0.09,0.09
352,2563,สิงหาคม,นนทบุรี,ปากเกร็ด,อบต.บางตะไนย์,0.003,0.0
353,2563,สิงหาคม,นนทบุรี,ปากเกร็ด,อบต.อ้อมเกร็ด,0.0,0.0
354,2563,สิงหาคม,นนทบุรี,เมืองนนทบุรี,เทศบาลนครนนทบุรี,69.719,69.719
355,2563,สิงหาคม,นนทบุรี,เมืองนนทบุรี,เทศบาลเมืองไทรม้า,0.0,0.0
356,2563,สิงหาคม,นนทบุรี,เมืองนนทบุรี,เทศบาลเมืองบางกร่าง,0.037,0.037
357,2563,สิงหาคม,นนทบุรี,เมืองนนทบุรี,เทศบาลเมืองบางศรีเมือง,0.0,0.0
358,2563,สิงหาคม,นนทบุรี,เมืองนนทบุรี,อบต.บางไผ่,0.0,0.0
359,2563,สิงหาคม,นนทบุรี,เมืองนนทบุรี,อบต.บางรักน้อย,0.0,0.0
360,2563,กันยายน,นนทบุรี,ไทรน้อย,เทศบาลตำบลไทรน้อย,0.0,0.0
361,2563,กันยายน,นนทบุรี,ไทรน้อย,อบต.ขุนศรี,0.0,0.0
362,2563,กันยายน,นนทบุรี,ไทรน้อย,อบต.คลองขวาง,0.0,0.0
363,2563,กันยายน,นนทบุรี,ไทรน้อย,อบต.ทวีวัฒนา,0.02,0.02
364,2563,กันยายน,นนทบุรี,ไทรน้อย,อบต.ไทรน้อย,0.0,0.0
365,2563,กันยายน,นนทบุรี,ไทรน้อย,อบต.ไทรใหญ่,0.0,0.0
366,2563,กันยายน,นนทบุรี,ไทรน้อย,อบต.ราษฎร์นิยม,0.0,0.0
367,2563,กันยายน,นนทบุรี,ไทรน้อย,อบต.หนองเพรางาย,0.06,0.06
368,2563,กันยายน,นนทบุรี,บางกรวย,เทศบาลเมืองบางกรวย,0.0,0.0
369,2563,กันยายน,นนทบุรี,บางกรวย,เทศบาลตำบลบางสีทอง,0.03,0.03
370,2563,กันยายน,นนทบุรี,บางกรวย,เทศบาลตำบลปลายบาง,0.168,0.168
371,2563,กันยายน,นนทบุรี,บางกรวย,เทศบาลตำบลศาลากลาง,0.0,0.0
372,2563,กันยายน,นนทบุรี,บางกรวย,อบต.บางขนุน,0.0,0.0
373,2563,กันยายน,นนทบุรี,บางกรวย,อบต.บางขุนกอง,0.0,0.0
374,2563,กันยายน,นนทบุรี,บางกรวย,อบต.มหาสวัสดิ์,0.0,0.0
375,2563,กันยายน,นนทบุรี,บางบัวทอง,เทศบาลเมืองบางคูรัด,0.0,0.0
376,2563,กันยายน,นนทบุรี,บางบัวทอง,เทศบาลเมืองบางบัวทอง,2.15,2.15
377,2563,กันยายน,นนทบุรี,บางบัวทอง,เทศบาลเมืองบางรักพัฒนา,0.0,0.0
378,2563,กันยายน,นนทบุรี,บางบัวทอง,เทศบาลเมืองพิมลราช,0.0,0.0
379,2563,กันยายน,นนทบุรี,บางบัวทอง,เทศบาลเมืองใหม่บางบัวทอง,0.25,0.25
380,2563,กันยายน,นนทบุรี,บางบัวทอง,อบต.บางรักใหญ่,0.0,0.0
381,2563,กันยายน,นนทบุรี,บางบัวทอง,อบต.ละหาร,0.0,0.0
382,2563,กันยายน,นนทบุรี,บางบัวทอง,อบต.ลำโพ,0.0,0.0
383,2563,กันยายน,นนทบุรี,บางใหญ่,เทศบาลเมืองบางแม่นาง,0.0,0.0
384,2563,กันยายน,นนทบุรี,บางใหญ่,เทศบาลตำบลบางม่วง,0.0,0.0
385,2563,กันยายน,นนทบุรี,บางใหญ่,เทศบาลตำบลบางเลน,15.0,15.0
386,2563,กันยายน,นนทบุรี,บางใหญ่,เทศบาลตำบลบางใหญ่,0.0,0.0
387,2563,กันยายน,นนทบุรี,บางใหญ่,เทศบาลตำบลบ้านบางม่วง,0.0,0.0
388,2563,กันยายน,นนทบุรี,บางใหญ่,เทศบาลตำบลเสาธงหิน,0.0,0.0
389,2563,กันยายน,นนทบุรี,บางใหญ่,อบต.บางใหญ่,0.0,0.0
390,2563,กันยายน,นนทบุรี,บางใหญ่,อบต.บ้านใหม่,0.0,0.0
391,2563,กันยายน,นนทบุรี,ปากเกร็ด,เทศบาลนครปากเกร็ด,27.48,27.48
392,2563,กันยายน,นนทบุรี,ปากเกร็ด,เทศบาลตำบลบางพลับ,0.02,0.02
393,2563,กันยายน,นนทบุรี,ปากเกร็ด,อบต.เกาะเกร็ด,0.0,0.0
394,2563,กันยายน,นนทบุรี,ปากเกร็ด,อบต.คลองข่อย,0.0,0.0
395,2563,กันยายน,นนทบุรี,ปากเกร็ด,อบต.คลองพระอุดม,0.0,0.0
396,2563,กันยายน,นนทบุรี,ปากเกร็ด,อบต.ท่าอิฐ,0.009,0.009
397,2563,กันยายน,นนทบุรี,ปากเกร็ด,อบต.บางตะไนย์,0.003,0.0
398,2563,กันยายน,นนทบุรี,ปากเกร็ด,อบต.อ้อมเกร็ด,0.0,0.0
399,2563,กันยายน,นนทบุรี,เมืองนนทบุรี,เทศบาลนครนนทบุรี,71.875,71.875
400,2563,กันยายน,นนทบุรี,เมืองนนทบุรี,เทศบาลเมืองไทรม้า,0.0,0.0
401,2563,กันยายน,นนทบุรี,เมืองนนทบุรี,เทศบาลเมืองบางกร่าง,0.038,0.038
402,2563,กันยายน,นนทบุรี,เมืองนนทบุรี,เทศบาลเมืองบางศรีเมือง,0.0,0.0
403,2563,กันยายน,นนทบุรี,เมืองนนทบุรี,อบต.บางไผ่,0.0,0.0
404,2563,กันยายน,นนทบุรี,เมืองนนทบุรี,อบต.บางรักน้อย,0.0,0.0
405,2563,ตุลาคม,นนทบุรี,ไทรน้อย,เทศบาลตำบลไทรน้อย,0.09,0.09
406,2563,ตุลาคม,นนทบุรี,ไทรน้อย,อบต.ขุนศรี,0.0,0.0
407,2563,ตุลาคม,นนทบุรี,ไทรน้อย,อบต.คลองขวาง,0.0,0.0
408,2563,ตุลาคม,นนทบุรี,ไทรน้อย,อบต.ทวีวัฒนา,0.02,0.02
409,2563,ตุลาคม,นนทบุรี,ไทรน้อย,อบต.ไทรน้อย,0.0,0.0
410,2563,ตุลาคม,นนทบุรี,ไทรน้อย,อบต.ไทรใหญ่,0.0,0.0
411,2563,ตุลาคม,นนทบุรี,ไทรน้อย,อบต.ราษฎร์นิยม,0.0,0.0
412,2563,ตุลาคม,นนทบุรี,ไทรน้อย,อบต.หนองเพรางาย,0.06,0.06
413,2563,ตุลาคม,นนทบุรี,บางกรวย,เทศบาลเมืองบางกรวย,0.0,0.0
414,2563,ตุลาคม,นนทบุรี,บางกรวย,เทศบาลตำบลบางสีทอง,0.03,0.03
415,2563,ตุลาคม,นนทบุรี,บางกรวย,เทศบาลตำบลปลายบาง,0.8,0.8
416,2563,ตุลาคม,นนทบุรี,บางกรวย,เทศบาลตำบลศาลากลาง,0.0,0.0
417,2563,ตุลาคม,นนทบุรี,บางกรวย,อบต.บางขนุน,0.0,0.0
418,2563,ตุลาคม,นนทบุรี,บางกรวย,อบต.บางขุนกอง,0.0,0.0
419,2563,ตุลาคม,นนทบุรี,บางกรวย,อบต.มหาสวัสดิ์,0.0,0.0
420,2563,ตุลาคม,นนทบุรี,บางบัวทอง,เทศบาลเมืองบางคูรัด,0.0,0.0
421,2563,ตุลาคม,นนทบุรี,บางบัวทอง,เทศบาลเมืองบางบัวทอง,2416.0,2416.0
422,2563,ตุลาคม,นนทบุรี,บางบัวทอง,เทศบาลเมืองบางรักพัฒนา,0.0,0.0
423,2563,ตุลาคม,นนทบุรี,บางบัวทอง,เทศบาลเมืองพิมลราช,0.0,0.0
424,2563,ตุลาคม,นนทบุรี,บางบัวทอง,เทศบาลเมืองใหม่บางบัวทอง,0.5,0.5
425,2563,ตุลาคม,นนทบุรี,บางบัวทอง,อบต.บางรักใหญ่,0.0,0.0
426,2563,ตุลาคม,นนทบุรี,บางบัวทอง,อบต.ละหาร,0.0,0.0
427,2563,ตุลาคม,นนทบุรี,บางบัวทอง,อบต.ลำโพ,0.0,0.0
428,2563,ตุลาคม,นนทบุรี,บางใหญ่,เทศบาลเมืองบางแม่นาง,0.0,0.0
429,2563,ตุลาคม,นนทบุรี,บางใหญ่,เทศบาลตำบลบางม่วง,0.0,0.0
430,2563,ตุลาคม,นนทบุรี,บางใหญ่,เทศบาลตำบลบางเลน,13.0,13.0
431,2563,ตุลาคม,นนทบุรี,บางใหญ่,เทศบาลตำบลบางใหญ่,0.0,0.0
432,2563,ตุลาคม,นนทบุรี,บางใหญ่,เทศบาลตำบลบ้านบางม่วง,0.0,0.0
433,2563,ตุลาคม,นนทบุรี,บางใหญ่,เทศบาลตำบลเสาธงหิน,0.0,0.0
434,2563,ตุลาคม,นนทบุรี,บางใหญ่,อบต.บางใหญ่,0.0,0.0
435,2563,ตุลาคม,นนทบุรี,บางใหญ่,อบต.บ้านใหม่,0.0,0.0
436,2563,ตุลาคม,นนทบุรี,ปากเกร็ด,เทศบาลนครปากเกร็ด,30.438,30.438
437,2563,ตุลาคม,นนทบุรี,ปากเกร็ด,เทศบาลตำบลบางพลับ,0.005,0.005
438,2563,ตุลาคม,นนทบุรี,ปากเกร็ด,อบต.เกาะเกร็ด,0.0,0.0
439,2563,ตุลาคม,นนทบุรี,ปากเกร็ด,อบต.คลองข่อย,0.0,0.0
440,2563,ตุลาคม,นนทบุรี,ปากเกร็ด,อบต.คลองพระอุดม,0.0,0.0
441,2563,ตุลาคม,นนทบุรี,ปากเกร็ด,อบต.ท่าอิฐ,0.03,0.03
442,2563,ตุลาคม,นนทบุรี,ปากเกร็ด,อบต.บางตะไนย์,0.004,0.004
443,2563,ตุลาคม,นนทบุรี,ปากเกร็ด,อบต.อ้อมเกร็ด,237.78,0.0
444,2563,ตุลาคม,นนทบุรี,เมืองนนทบุรี,เทศบาลนครนนทบุรี,74.856,74.856
445,2563,ตุลาคม,นนทบุรี,เมืองนนทบุรี,เทศบาลเมืองไทรม้า,0.0,0.0
446,2563,ตุลาคม,นนทบุรี,เมืองนนทบุรี,เทศบาลเมืองบางกร่าง,0.035,0.035
447,2563,ตุลาคม,นนทบุรี,เมืองนนทบุรี,เทศบาลเมืองบางศรีเมือง,0.0,0.0
448,2563,ตุลาคม,นนทบุรี,เมืองนนทบุรี,อบต.บางไผ่,0.0,0.0
449,2563,ตุลาคม,นนทบุรี,เมืองนนทบุรี,อบต.บางรักน้อย,0.0,0.0
450,2563,พฤศจิกายน,นนทบุรี,ไทรน้อย,เทศบาลตำบลไทรน้อย,0.0,0.0
451,2563,พฤศจิกายน,นนทบุรี,ไทรน้อย,อบต.ขุนศรี,0.1,0.1
452,2563,พฤศจิกายน,นนทบุรี,ไทรน้อย,อบต.คลองขวาง,0.0,0.0
453,2563,พฤศจิกายน,นนทบุรี,ไทรน้อย,อบต.ทวีวัฒนา,0.02,0.02
454,2563,พฤศจิกายน,นนทบุรี,ไทรน้อย,อบต.ไทรน้อย,0.0,0.0
455,2563,พฤศจิกายน,นนทบุรี,ไทรน้อย,อบต.ไทรใหญ่,0.0,0.0
456,2563,พฤศจิกายน,นนทบุรี,ไทรน้อย,อบต.ราษฎร์นิยม,0.0,0.0
457,2563,พฤศจิกายน,นนทบุรี,ไทรน้อย,อบต.หนองเพรางาย,0.06,0.06
458,2563,พฤศจิกายน,นนทบุรี,บางกรวย,เทศบาลเมืองบางกรวย,3.25,3.25
459,2563,พฤศจิกายน,นนทบุรี,บางกรวย,เทศบาลตำบลบางสีทอง,0.03,0.03
460,2563,พฤศจิกายน,นนทบุรี,บางกรวย,เทศบาลตำบลปลายบาง,0.9,0.9
461,2563,พฤศจิกายน,นนทบุรี,บางกรวย,เทศบาลตำบลศาลากลาง,0.0,0.0
462,2563,พฤศจิกายน,นนทบุรี,บางกรวย,อบต.บางขนุน,0.0,0.0
463,2563,พฤศจิกายน,นนทบุรี,บางกรวย,อบต.บางขุนกอง,0.0,0.0
464,2563,พฤศจิกายน,นนทบุรี,บางกรวย,อบต.มหาสวัสดิ์,0.0,0.0
465,2563,พฤศจิกายน,นนทบุรี,บางบัวทอง,เทศบาลเมืองบางคูรัด,0.0,0.0
466,2563,พฤศจิกายน,นนทบุรี,บางบัวทอง,เทศบาลเมืองบางบัวทอง,3.543,3.543
467,2563,พฤศจิกายน,นนทบุรี,บางบัวทอง,เทศบาลเมืองบางรักพัฒนา,0.0,0.0
468,2563,พฤศจิกายน,นนทบุรี,บางบัวทอง,เทศบาลเมืองพิมลราช,0.0,0.0
469,2563,พฤศจิกายน,นนทบุรี,บางบัวทอง,เทศบาลเมืองใหม่บางบัวทอง,0.5,0.5
470,2563,พฤศจิกายน,นนทบุรี,บางบัวทอง,อบต.บางรักใหญ่,0.0,0.0
471,2563,พฤศจิกายน,นนทบุรี,บางบัวทอง,อบต.ละหาร,0.0,0.0
472,2563,พฤศจิกายน,นนทบุรี,บางบัวทอง,อบต.ลำโพ,0.0,0.0
473,2563,พฤศจิกายน,นนทบุรี,บางใหญ่,เทศบาลเมืองบางแม่นาง,0.0,0.0
474,2563,พฤศจิกายน,นนทบุรี,บางใหญ่,เทศบาลตำบลบางม่วง,0.0,0.0
475,2563,พฤศจิกายน,นนทบุรี,บางใหญ่,เทศบาลตำบลบางเลน,13.0,13.0
476,2563,พฤศจิกายน,นนทบุรี,บางใหญ่,เทศบาลตำบลบางใหญ่,0.0,0.0
477,2563,พฤศจิกายน,นนทบุรี,บางใหญ่,เทศบาลตำบลบ้านบางม่วง,0.0,0.0
478,2563,พฤศจิกายน,นนทบุรี,บางใหญ่,เทศบาลตำบลเสาธงหิน,0.769,0.0
479,2563,พฤศจิกายน,นนทบุรี,บางใหญ่,อบต.บางใหญ่,0.0,0.0
480,2563,พฤศจิกายน,นนทบุรี,บางใหญ่,อบต.บ้านใหม่,0.03,0.03
481,2563,พฤศจิกายน,นนทบุรี,ปากเกร็ด,เทศบาลนครปากเกร็ด,26.72,26.72
482,2563,พฤศจิกายน,นนทบุรี,ปากเกร็ด,เทศบาลตำบลบางพลับ,0.004,0.004
483,2563,พฤศจิกายน,นนทบุรี,ปากเกร็ด,อบต.เกาะเกร็ด,0.0,0.0
484,2563,พฤศจิกายน,นนทบุรี,ปากเกร็ด,อบต.คลองข่อย,0.0,0.0
485,2563,พฤศจิกายน,นนทบุรี,ปากเกร็ด,อบต.คลองพระอุดม,0.0,0.0
486,2563,พฤศจิกายน,นนทบุรี,ปากเกร็ด,อบต.ท่าอิฐ,0.09,0.09
487,2563,พฤศจิกายน,นนทบุรี,ปากเกร็ด,อบต.บางตะไนย์,0.002,0.002
488,2563,พฤศจิกายน,นนทบุรี,ปากเกร็ด,อบต.อ้อมเกร็ด,0.0,0.0
489,2563,พฤศจิกายน,นนทบุรี,เมืองนนทบุรี,เทศบาลนครนนทบุรี,74.639,74.639
490,2563,พฤศจิกายน,นนทบุรี,เมืองนนทบุรี,เทศบาลเมืองไทรม้า,0.0,0.0
491,2563,พฤศจิกายน,นนทบุรี,เมืองนนทบุรี,เทศบาลเมืองบางกร่าง,0.036,0.036
492,2563,พฤศจิกายน,นนทบุรี,เมืองนนทบุรี,เทศบาลเมืองบางศรีเมือง,0.0,0.0
493,2563,พฤศจิกายน,นนทบุรี,เมืองนนทบุรี,อบต.บางไผ่,0.0,0.0
494,2563,พฤศจิกายน,นนทบุรี,เมืองนนทบุรี,อบต.บางรักน้อย,0.0,0.0
495,2563,ธันวาคม,นนทบุรี,ไทรน้อย,เทศบาลตำบลไทรน้อย,0.0,0.0
496,2563,ธันวาคม,นนทบุรี,ไทรน้อย,อบต.ขุนศรี,0.0,0.0
497,2563,ธันวาคม,นนทบุรี,ไทรน้อย,อบต.คลองขวาง,0.0,0.0
498,2563,ธันวาคม,นนทบุรี,ไทรน้อย,อบต.ทวีวัฒนา,0.02,0.02
499,2563,ธันวาคม,นนทบุรี,ไทรน้อย,อบต.ไทรน้อย,0.0,0.0
500,2563,ธันวาคม,นนทบุรี,ไทรน้อย,อบต.ไทรใหญ่,0.0,0.0
501,2563,ธันวาคม,นนทบุรี,ไทรน้อย,อบต.ราษฎร์นิยม,0.0,0.0
502,2563,ธันวาคม,นนทบุรี,ไทรน้อย,อบต.หนองเพรางาย,0.06,0.06
503,2563,ธันวาคม,นนทบุรี,บางกรวย,เทศบาลเมืองบางกรวย,0.0,0.0
504,2563,ธันวาคม,นนทบุรี,บางกรวย,เทศบาลตำบลบางสีทอง,0.03,0.03
505,2563,ธันวาคม,นนทบุรี,บางกรวย,เทศบาลตำบลปลายบาง,0.9,0.9
506,2563,ธันวาคม,นนทบุรี,บางกรวย,เทศบาลตำบลศาลากลาง,0.0,0.0
507,2563,ธันวาคม,นนทบุรี,บางกรวย,อบต.บางขนุน,0.0,0.0
508,2563,ธันวาคม,นนทบุรี,บางกรวย,อบต.บางขุนกอง,0.0,0.0
509,2563,ธันวาคม,นนทบุรี,บางกรวย,อบต.มหาสวัสดิ์,0.0,0.0
510,2563,ธันวาคม,นนทบุรี,บางบัวทอง,เทศบาลเมืองบางคูรัด,0.0,0.0
511,2563,ธันวาคม,นนทบุรี,บางบัวทอง,เทศบาลเมืองบางบัวทอง,2.315,2.315
512,2563,ธันวาคม,นนทบุรี,บางบัวทอง,เทศบาลเมืองบางรักพัฒนา,0.0,0.0
513,2563,ธันวาคม,นนทบุรี,บางบัวทอง,เทศบาลเมืองพิมลราช,0.0,0.0
514,2563,ธันวาคม,นนทบุรี,บางบัวทอง,เทศบาลเมืองใหม่บางบัวทอง,0.3,0.3
515,2563,ธันวาคม,นนทบุรี,บางบัวทอง,อบต.บางรักใหญ่,0.0,0.0
516,2563,ธันวาคม,นนทบุรี,บางบัวทอง,อบต.ละหาร,0.0,0.0
517,2563,ธันวาคม,นนทบุรี,บางบัวทอง,อบต.ลำโพ,0.0,0.0
518,2563,ธันวาคม,นนทบุรี,บางใหญ่,เทศบาลเมืองบางแม่นาง,0.0,0.0
519,2563,ธันวาคม,นนทบุรี,บางใหญ่,เทศบาลตำบลบางม่วง,0.0,0.0
520,2563,ธันวาคม,นนทบุรี,บางใหญ่,เทศบาลตำบลบางเลน,13.0,13.0
521,2563,ธันวาคม,นนทบุรี,บางใหญ่,เทศบาลตำบลบางใหญ่,0.0,0.0
522,2563,ธันวาคม,นนทบุรี,บางใหญ่,เทศบาลตำบลบ้านบางม่วง,0.0,0.0
523,2563,ธันวาคม,นนทบุรี,บางใหญ่,เทศบาลตำบลเสาธงหิน,0.0,0.0
524,2563,ธันวาคม,นนทบุรี,บางใหญ่,อบต.บางใหญ่,0.3,0.3
525,2563,ธันวาคม,นนทบุรี,บางใหญ่,อบต.บ้านใหม่,0.0,0.0
526,2563,ธันวาคม,นนทบุรี,ปากเกร็ด,เทศบาลนครปากเกร็ด,25.331,25.331
527,2563,ธันวาคม,นนทบุรี,ปากเกร็ด,เทศบาลตำบลบางพลับ,0.005,0.005
528,2563,ธันวาคม,นนทบุรี,ปากเกร็ด,อบต.เกาะเกร็ด,0.0,0.0
529,2563,ธันวาคม,นนทบุรี,ปากเกร็ด,อบต.คลองข่อย,0.0,0.0
530,2563,ธันวาคม,นนทบุรี,ปากเกร็ด,อบต.คลองพระอุดม,0.0,0.0
531,2563,ธันวาคม,นนทบุรี,ปากเกร็ด,อบต.ท่าอิฐ,0.09,0.09
532,2563,ธันวาคม,นนทบุรี,ปากเกร็ด,อบต.บางตะไนย์,0.001,0.001
533,2563,ธันวาคม,นนทบุรี,ปากเกร็ด,อบต.อ้อมเกร็ด,0.0,0.0
534,2563,ธันวาคม,นนทบุรี,เมืองนนทบุรี,เทศบาลนครนนทบุรี,65.822,65.822
535,2563,ธันวาคม,นนทบุรี,เมืองนนทบุรี,เทศบาลเมืองไทรม้า,0.0,0.0
536,2563,ธันวาคม,นนทบุรี,เมืองนนทบุรี,เทศบาลเมืองบางกร่าง,0.035,0.035
537,2563,ธันวาคม,นนทบุรี,เมืองนนทบุรี,เทศบาลเมืองบางศรีเมือง,0.0,0.0
538,2563,ธันวาคม,นนทบุรี,เมืองนนทบุรี,อบต.บางไผ่,0.0,0.0
539,2563,ธันวาคม,นนทบุรี,เมืองนนทบุรี,อบต.บางรักน้อย,0.0,0.0
540,2564,มกราคม,นนทบุรี,ไทรน้อย,เทศบาลตำบลไทรน้อย,0.0,0.0
541,2564,มกราคม,นนทบุรี,ไทรน้อย,อบต.ขุนศรี,0.0,0.0
542,2564,มกราคม,นนทบุรี,ไทรน้อย,อบต.คลองขวาง,0.0,0.0
543,2564,มกราคม,นนทบุรี,ไทรน้อย,อบต.ทวีวัฒนา,0.02,0.02
544,2564,มกราคม,นนทบุรี,ไทรน้อย,อบต.ไทรน้อย,0.0,0.0
545,2564,มกราคม,นนทบุรี,ไทรน้อย,อบต.ไทรใหญ่,0.0,0.0
546,2564,มกราคม,นนทบุรี,ไทรน้อย,อบต.ราษฎร์นิยม,0.0,0.0
547,2564,มกราคม,นนทบุรี,ไทรน้อย,อบต.หนองเพรางาย,0.06,0.06
548,2564,มกราคม,นนทบุรี,บางกรวย,เทศบาลเมืองบางกรวย,0.0,0.0
549,2564,มกราคม,นนทบุรี,บางกรวย,เทศบาลตำบลบางสีทอง,0.094,0.094
550,2564,มกราคม,นนทบุรี,บางกรวย,เทศบาลตำบลปลายบาง,0.173,0.173
551,2564,มกราคม,นนทบุรี,บางกรวย,เทศบาลตำบลศาลากลาง,0.0,0.0
552,2564,มกราคม,นนทบุรี,บางกรวย,อบต.บางขนุน,0.0,0.0
553,2564,มกราคม,นนทบุรี,บางกรวย,อบต.บางขุนกอง,0.0,0.0
554,2564,มกราคม,นนทบุรี,บางกรวย,อบต.มหาสวัสดิ์,0.0,0.0
555,2564,มกราคม,นนทบุรี,บางบัวทอง,เทศบาลเมืองบางคูรัด,0.0,0.0
556,2564,มกราคม,นนทบุรี,บางบัวทอง,เทศบาลเมืองบางบัวทอง,2.42,2.42
557,2564,มกราคม,นนทบุรี,บางบัวทอง,เทศบาลเมืองบางรักพัฒนา,0.0,0.0
558,2564,มกราคม,นนทบุรี,บางบัวทอง,เทศบาลเมืองพิมลราช,0.0,0.0
559,2564,มกราคม,นนทบุรี,บางบัวทอง,เทศบาลเมืองใหม่บางบัวทอง,0.25,0.25
560,2564,มกราคม,นนทบุรี,บางบัวทอง,อบต.บางรักใหญ่,0.0,0.0
561,2564,มกราคม,นนทบุรี,บางบัวทอง,อบต.ละหาร,0.0,0.0
562,2564,มกราคม,นนทบุรี,บางบัวทอง,อบต.ลำโพ,0.0,0.0
563,2564,มกราคม,นนทบุรี,บางใหญ่,เทศบาลเมืองบางแม่นาง,0.0,0.0
564,2564,มกราคม,นนทบุรี,บางใหญ่,เทศบาลตำบลบางม่วง,0.0,0.0
565,2564,มกราคม,นนทบุรี,บางใหญ่,เทศบาลตำบลบางเลน,20.0,20.0
566,2564,มกราคม,นนทบุรี,บางใหญ่,เทศบาลตำบลบางใหญ่,0.0,0.0
567,2564,มกราคม,นนทบุรี,บางใหญ่,เทศบาลตำบลบ้านบางม่วง,0.0,0.0
568,2564,มกราคม,นนทบุรี,บางใหญ่,เทศบาลตำบลเสาธงหิน,0.0,0.0
569,2564,มกราคม,นนทบุรี,บางใหญ่,อบต.บางใหญ่,0.0,0.0
570,2564,มกราคม,นนทบุรี,บางใหญ่,อบต.บ้านใหม่,0.0,0.0
571,2564,มกราคม,นนทบุรี,ปากเกร็ด,เทศบาลนครปากเกร็ด,25.159,25.159
572,2564,มกราคม,นนทบุรี,ปากเกร็ด,เทศบาลตำบลบางพลับ,0.01,0.01
573,2564,มกราคม,นนทบุรี,ปากเกร็ด,อบต.เกาะเกร็ด,0.0,0.0
574,2564,มกราคม,นนทบุรี,ปากเกร็ด,อบต.คลองข่อย,0.0,0.0
575,2564,มกราคม,นนทบุรี,ปากเกร็ด,อบต.คลองพระอุดม,0.0,0.0
576,2564,มกราคม,นนทบุรี,ปากเกร็ด,อบต.ท่าอิฐ,0.09,0.09
577,2564,มกราคม,นนทบุรี,ปากเกร็ด,อบต.บางตะไนย์,0.003,0.0
578,2564,มกราคม,นนทบุรี,ปากเกร็ด,อบต.อ้อมเกร็ด,0.0,0.0
579,2564,มกราคม,นนทบุรี,เมืองนนทบุรี,เทศบาลนครนนทบุรี,0.0,0.0
580,2564,มกราคม,นนทบุรี,เมืองนนทบุรี,เทศบาลเมืองไทรม้า,0.0,0.0
581,2564,มกราคม,นนทบุรี,เมืองนนทบุรี,เทศบาลเมืองบางกร่าง,0.08,0.08
582,2564,มกราคม,นนทบุรี,เมืองนนทบุรี,เทศบาลเมืองบางศรีเมือง,0.0,0.0
583,2564,มกราคม,นนทบุรี,เมืองนนทบุรี,อบต.บางไผ่,0.0,0.0
584,2564,มกราคม,นนทบุรี,เมืองนนทบุรี,อบต.บางรักน้อย,0.0,0.0
585,2564,กุมภาพันธ์,นนทบุรี,ไทรน้อย,เทศบาลตำบลไทรน้อย,0.0,0.0
586,2564,กุมภาพันธ์,นนทบุรี,ไทรน้อย,อบต.ขุนศรี,0.0,0.0
587,2564,กุมภาพันธ์,นนทบุรี,ไทรน้อย,อบต.คลองขวาง,0.0,0.0
588,2564,กุมภาพันธ์,นนทบุรี,ไทรน้อย,อบต.ทวีวัฒนา,0.02,0.02
589,2564,กุมภาพันธ์,นนทบุรี,ไทรน้อย,อบต.ไทรน้อย,0.0,0.0
590,2564,กุมภาพันธ์,นนทบุรี,ไทรน้อย,อบต.ไทรใหญ่,0.0,0.0
591,2564,กุมภาพันธ์,นนทบุรี,ไทรน้อย,อบต.ราษฎร์นิยม,0.0,0.0
592,2564,กุมภาพันธ์,นนทบุรี,ไทรน้อย,อบต.หนองเพรางาย,0.06,0.06
593,2564,กุมภาพันธ์,นนทบุรี,บางกรวย,เทศบาลเมืองบางกรวย,0.0,0.0
594,2564,กุมภาพันธ์,นนทบุรี,บางกรวย,เทศบาลตำบลบางสีทอง,0.094,0.094
595,2564,กุมภาพันธ์,นนทบุรี,บางกรวย,เทศบาลตำบลปลายบาง,0.0,0.0
596,2564,กุมภาพันธ์,นนทบุรี,บางกรวย,เทศบาลตำบลศาลากลาง,0.0,0.0
597,2564,กุมภาพันธ์,นนทบุรี,บางกรวย,อบต.บางขนุน,0.0,0.0
598,2564,กุมภาพันธ์,นนทบุรี,บางกรวย,อบต.บางขุนกอง,0.0,0.0
599,2564,กุมภาพันธ์,นนทบุรี,บางกรวย,อบต.มหาสวัสดิ์,0.0,0.0
600,2564,กุมภาพันธ์,นนทบุรี,บางบัวทอง,เทศบาลเมืองบางคูรัด,0.0,0.0
601,2564,กุมภาพันธ์,นนทบุรี,บางบัวทอง,เทศบาลเมืองบางบัวทอง,0.0,0.0
602,2564,กุมภาพันธ์,นนทบุรี,บางบัวทอง,เทศบาลเมืองบางรักพัฒนา,0.0,0.0
603,2564,กุมภาพันธ์,นนทบุรี,บางบัวทอง,เทศบาลเมืองพิมลราช,0.0,0.0
604,2564,กุมภาพันธ์,นนทบุรี,บางบัวทอง,เทศบาลเมืองใหม่บางบัวทอง,0.25,0.25
605,2564,กุมภาพันธ์,นนทบุรี,บางบัวทอง,อบต.บางรักใหญ่,0.0,0.0
606,2564,กุมภาพันธ์,นนทบุรี,บางบัวทอง,อบต.ละหาร,0.0,0.0
607,2564,กุมภาพันธ์,นนทบุรี,บางบัวทอง,อบต.ลำโพ,0.0,0.0
608,2564,กุมภาพันธ์,นนทบุรี,บางใหญ่,เทศบาลเมืองบางแม่นาง,0.0,0.0
609,2564,กุมภาพันธ์,นนทบุรี,บางใหญ่,เทศบาลตำบลบางม่วง,0.0,0.0
610,2564,กุมภาพันธ์,นนทบุรี,บางใหญ่,เทศบาลตำบลบางเลน,20.0,20.0
611,2564,กุมภาพันธ์,นนทบุรี,บางใหญ่,เทศบาลตำบลบางใหญ่,0.0,0.0
612,2564,กุมภาพันธ์,นนทบุรี,บางใหญ่,เทศบาลตำบลบ้านบางม่วง,0.0,0.0
613,2564,กุมภาพันธ์,นนทบุรี,บางใหญ่,เทศบาลตำบลเสาธงหิน,0.0,0.0
614,2564,กุมภาพันธ์,นนทบุรี,บางใหญ่,อบต.บางใหญ่,0.0,0.0
615,2564,กุมภาพันธ์,นนทบุรี,บางใหญ่,อบต.บ้านใหม่,0.0,0.0
616,2564,กุมภาพันธ์,นนทบุรี,ปากเกร็ด,เทศบาลนครปากเกร็ด,22.357,22.357
617,2564,กุมภาพันธ์,นนทบุรี,ปากเกร็ด,เทศบาลตำบลบางพลับ,0.013,0.013
618,2564,กุมภาพันธ์,นนทบุรี,ปากเกร็ด,อบต.เกาะเกร็ด,0.0,0.0
619,2564,กุมภาพันธ์,นนทบุรี,ปากเกร็ด,อบต.คลองข่อย,0.0,0.0
620,2564,กุมภาพันธ์,นนทบุรี,ปากเกร็ด,อบต.คลองพระอุดม,0.0,0.0
621,2564,กุมภาพันธ์,นนทบุรี,ปากเกร็ด,อบต.ท่าอิฐ,0.009,0.009
622,2564,กุมภาพันธ์,นนทบุรี,ปากเกร็ด,อบต.บางตะไนย์,0.003,0.0
623,2564,กุมภาพันธ์,นนทบุรี,ปากเกร็ด,อบต.อ้อมเกร็ด,0.0,0.0
624,2564,กุมภาพันธ์,นนทบุรี,เมืองนนทบุรี,เทศบาลนครนนทบุรี,0.0,0.0
625,2564,กุมภาพันธ์,นนทบุรี,เมืองนนทบุรี,เทศบาลเมืองไทรม้า,0.0,0.0
626,2564,กุมภาพันธ์,นนทบุรี,เมืองนนทบุรี,เทศบาลเมืองบางกร่าง,0.06,0.06
627,2564,กุมภาพันธ์,นนทบุรี,เมืองนนทบุรี,เทศบาลเมืองบางศรีเมือง,0.0,0.0
628,2564,กุมภาพันธ์,นนทบุรี,เมืองนนทบุรี,อบต.บางไผ่,0.0,0.0
629,2564,กุมภาพันธ์,นนทบุรี,เมืองนนทบุรี,อบต.บางรักน้อย,0.0,0.0
630,2564,มีนาคม,นนทบุรี,ไทรน้อย,เทศบาลตำบลไทรน้อย,0.0,0.0
631,2564,มีนาคม,นนทบุรี,ไทรน้อย,อบต.ขุนศรี,0.0,0.0
632,2564,มีนาคม,นนทบุรี,ไทรน้อย,อบต.คลองขวาง,0.0,0.0
633,2564,มีนาคม,นนทบุรี,ไทรน้อย,อบต.ทวีวัฒนา,0.02,0.02
634,2564,มีนาคม,นนทบุรี,ไทรน้อย,อบต.ไทรน้อย,0.0,0.0
635,2564,มีนาคม,นนทบุรี,ไทรน้อย,อบต.ไทรใหญ่,0.0,0.0
636,2564,มีนาคม,นนทบุรี,ไทรน้อย,อบต.ราษฎร์นิยม,0.0,0.0
637,2564,มีนาคม,นนทบุรี,ไทรน้อย,อบต.หนองเพรางาย,0.06,0.06
638,2564,มีนาคม,นนทบุรี,บางกรวย,เทศบาลเมืองบางกรวย,0.0,0.0
639,2564,มีนาคม,นนทบุรี,บางกรวย,เทศบาลตำบลบางสีทอง,0.094,0.094
640,2564,มีนาคม,นนทบุรี,บางกรวย,เทศบาลตำบลปลายบาง,0.192,0.192
641,2564,มีนาคม,นนทบุรี,บางกรวย,เทศบาลตำบลศาลากลาง,0.0,0.0
642,2564,มีนาคม,นนทบุรี,บางกรวย,อบต.บางขนุน,0.1,0.1
643,2564,มีนาคม,นนทบุรี,บางกรวย,อบต.บางขุนกอง,0.0,0.0
644,2564,มีนาคม,นนทบุรี,บางกรวย,อบต.มหาสวัสดิ์,0.0,0.0
645,2564,มีนาคม,นนทบุรี,บางบัวทอง,เทศบาลเมืองบางคูรัด,0.0,0.0
646,2564,มีนาคม,นนทบุรี,บางบัวทอง,เทศบาลเมืองบางบัวทอง,2.46,2.46
647,2564,มีนาคม,นนทบุรี,บางบัวทอง,เทศบาลเมืองบางรักพัฒนา,0.0,0.0
648,2564,มีนาคม,นนทบุรี,บางบัวทอง,เทศบาลเมืองพิมลราช,0.0,0.0
649,2564,มีนาคม,นนทบุรี,บางบัวทอง,เทศบาลเมืองใหม่บางบัวทอง,0.25,0.25
650,2564,มีนาคม,นนทบุรี,บางบัวทอง,อบต.บางรักใหญ่,0.0,0.0
651,2564,มีนาคม,นนทบุรี,บางบัวทอง,อบต.ละหาร,0.0,0.0
652,2564,มีนาคม,นนทบุรี,บางบัวทอง,อบต.ลำโพ,0.0,0.0
653,2564,มีนาคม,นนทบุรี,บางใหญ่,เทศบาลเมืองบางแม่นาง,0.0,0.0
654,2564,มีนาคม,นนทบุรี,บางใหญ่,เทศบาลตำบลบางม่วง,0.0,0.0
655,2564,มีนาคม,นนทบุรี,บางใหญ่,เทศบาลตำบลบางเลน,20.0,20.0
656,2564,มีนาคม,นนทบุรี,บางใหญ่,เทศบาลตำบลบางใหญ่,0.0,0.0
657,2564,มีนาคม,นนทบุรี,บางใหญ่,เทศบาลตำบลบ้านบางม่วง,0.0,0.0
658,2564,มีนาคม,นนทบุรี,บางใหญ่,เทศบาลตำบลเสาธงหิน,0.0,0.0
659,2564,มีนาคม,นนทบุรี,บางใหญ่,อบต.บางใหญ่,0.0,0.0
660,2564,มีนาคม,นนทบุรี,บางใหญ่,อบต.บ้านใหม่,0.0,0.0
661,2564,มีนาคม,นนทบุรี,ปากเกร็ด,เทศบาลนครปากเกร็ด,25.093,25.093
662,2564,มีนาคม,นนทบุรี,ปากเกร็ด,เทศบาลตำบลบางพลับ,0.02,0.02
663,2564,มีนาคม,นนทบุรี,ปากเกร็ด,อบต.เกาะเกร็ด,0.0,0.0
664,2564,มีนาคม,นนทบุรี,ปากเกร็ด,อบต.คลองข่อย,0.0,0.0
665,2564,มีนาคม,นนทบุรี,ปากเกร็ด,อบต.คลองพระอุดม,0.0,0.0
666,2564,มีนาคม,นนทบุรี,ปากเกร็ด,อบต.ท่าอิฐ,0.012,0.012
667,2564,มีนาคม,นนทบุรี,ปากเกร็ด,อบต.บางตะไนย์,0.001,0.001
668,2564,มีนาคม,นนทบุรี,ปากเกร็ด,อบต.อ้อมเกร็ด,0.0,0.0
669,2564,มีนาคม,นนทบุรี,เมืองนนทบุรี,เทศบาลนครนนทบุรี,79145.7,79145.7
670,2564,มีนาคม,นนทบุรี,เมืองนนทบุรี,เทศบาลเมืองไทรม้า,0.0,0.0
671,2564,มีนาคม,นนทบุรี,เมืองนนทบุรี,เทศบาลเมืองบางกร่าง,0.08,0.08
672,2564,มีนาคม,นนทบุรี,เมืองนนทบุรี,เทศบาลเมืองบางศรีเมือง,0.0,0.0
673,2564,มีนาคม,นนทบุรี,เมืองนนทบุรี,อบต.บางไผ่,0.0,0.0
674,2564,มีนาคม,นนทบุรี,เมืองนนทบุรี,อบต.บางรักน้อย,0.0,0.0
675,2564,เมษายน,นนทบุรี,ไทรน้อย,เทศบาลตำบลไทรน้อย,0.0,0.0
676,2564,เมษายน,นนทบุรี,ไทรน้อย,อบต.ขุนศรี,0.0,0.0
677,2564,เมษายน,นนทบุรี,ไทรน้อย,อบต.คลองขวาง,0.0,0.0
678,2564,เมษายน,นนทบุรี,ไทรน้อย,อบต.ทวีวัฒนา,0.02,0.02
679,2564,เมษายน,นนทบุรี,ไทรน้อย,อบต.ไทรน้อย,0.0,0.0
680,2564,เมษายน,นนทบุรี,ไทรน้อย,อบต.ไทรใหญ่,0.0,0.0
681,2564,เมษายน,นนทบุรี,ไทรน้อย,อบต.ราษฎร์นิยม,0.0,0.0
682,2564,เมษายน,นนทบุรี,ไทรน้อย,อบต.หนองเพรางาย,0.06,0.06
683,2564,เมษายน,นนทบุรี,บางกรวย,เทศบาลเมืองบางกรวย,0.0,0.0
684,2564,เมษายน,นนทบุรี,บางกรวย,เทศบาลตำบลบางสีทอง,0.094,0.094
685,2564,เมษายน,นนทบุรี,บางกรวย,เทศบาลตำบลปลายบาง,0.167,0.167
686,2564,เมษายน,นนทบุรี,บางกรวย,เทศบาลตำบลศาลากลาง,0.0,0.0
687,2564,เมษายน,นนทบุรี,บางกรวย,อบต.บางขนุน,0.1,0.1
688,2564,เมษายน,นนทบุรี,บางกรวย,อบต.บางขุนกอง,0.0,0.0
689,2564,เมษายน,นนทบุรี,บางกรวย,อบต.มหาสวัสดิ์,0.0,0.0
690,2564,เมษายน,นนทบุรี,บางบัวทอง,เทศบาลเมืองบางคูรัด,0.0,0.0
691,2564,เมษายน,นนทบุรี,บางบัวทอง,เทศบาลเมืองบางบัวทอง,2.41,2.41
692,2564,เมษายน,นนทบุรี,บางบัวทอง,เทศบาลเมืองบางรักพัฒนา,0.0,0.0
693,2564,เมษายน,นนทบุรี,บางบัวทอง,เทศบาลเมืองพิมลราช,0.0,0.0
694,2564,เมษายน,นนทบุรี,บางบัวทอง,เทศบาลเมืองใหม่บางบัวทอง,0.25,0.25
695,2564,เมษายน,นนทบุรี,บางบัวทอง,อบต.บางรักใหญ่,0.0,0.0
696,2564,เมษายน,นนทบุรี,บางบัวทอง,อบต.ละหาร,0.0,0.0
697,2564,เมษายน,นนทบุรี,บางบัวทอง,อบต.ลำโพ,0.0,0.0
698,2564,เมษายน,นนทบุรี,บางใหญ่,เทศบาลเมืองบางแม่นาง,0.0,0.0
699,2564,เมษายน,นนทบุรี,บางใหญ่,เทศบาลตำบลบางม่วง,0.0,0.0
700,2564,เมษายน,นนทบุรี,บางใหญ่,เทศบาลตำบลบางเลน,20.0,20.0
701,2564,เมษายน,นนทบุรี,บางใหญ่,เทศบาลตำบลบางใหญ่,0.0,0.0
702,2564,เมษายน,นนทบุรี,บางใหญ่,เทศบาลตำบลบ้านบางม่วง,0.0,0.0
703,2564,เมษายน,นนทบุรี,บางใหญ่,เทศบาลตำบลเสาธงหิน,0.0,0.0
704,2564,เมษายน,นนทบุรี,บางใหญ่,อบต.บางใหญ่,0.0,0.0
705,2564,เมษายน,นนทบุรี,บางใหญ่,อบต.บ้านใหม่,0.0,0.0
706,2564,เมษายน,นนทบุรี,ปากเกร็ด,เทศบาลนครปากเกร็ด,28.567,28.567
707,2564,เมษายน,นนทบุรี,ปากเกร็ด,เทศบาลตำบลบางพลับ,0.015,0.015
708,2564,เมษายน,นนทบุรี,ปากเกร็ด,อบต.เกาะเกร็ด,0.0,0.0
709,2564,เมษายน,นนทบุรี,ปากเกร็ด,อบต.คลองข่อย,0.0,0.0
710,2564,เมษายน,นนทบุรี,ปากเกร็ด,อบต.คลองพระอุดม,0.0,0.0
711,2564,เมษายน,นนทบุรี,ปากเกร็ด,อบต.ท่าอิฐ,0.6,0.6
712,2564,เมษายน,นนทบุรี,ปากเกร็ด,อบต.บางตะไนย์,0.005,0.005
713,2564,เมษายน,นนทบุรี,ปากเกร็ด,อบต.อ้อมเกร็ด,0.0,0.0
714,2564,เมษายน,นนทบุรี,เมืองนนทบุรี,เทศบาลนครนนทบุรี,0.0,0.0
715,2564,เมษายน,นนทบุรี,เมืองนนทบุรี,เทศบาลเมืองไทรม้า,0.0,0.0
716,2564,เมษายน,นนทบุรี,เมืองนนทบุรี,เทศบาลเมืองบางกร่าง,0.09,0.09
717,2564,เมษายน,นนทบุรี,เมืองนนทบุรี,เทศบาลเมืองบางศรีเมือง,0.0,0.0
718,2564,เมษายน,นนทบุรี,เมืองนนทบุรี,อบต.บางไผ่,0.0,0.0
719,2564,เมษายน,นนทบุรี,เมืองนนทบุรี,อบต.บางรักน้อย,0.0,0.0
720,2564,พฤษภาคม,นนทบุรี,ไทรน้อย,เทศบาลตำบลไทรน้อย,0.0,0.0
721,2564,พฤษภาคม,นนทบุรี,ไทรน้อย,อบต.ขุนศรี,0.0,0.0
722,2564,พฤษภาคม,นนทบุรี,ไทรน้อย,อบต.คลองขวาง,0.0,0.0
723,2564,พฤษภาคม,นนทบุรี,ไทรน้อย,อบต.ทวีวัฒนา,0.04,0.04
724,2564,พฤษภาคม,นนทบุรี,ไทรน้อย,อบต.ไทรน้อย,0.0,0.0
725,2564,พฤษภาคม,นนทบุรี,ไทรน้อย,อบต.ไทรใหญ่,0.0,0.0
726,2564,พฤษภาคม,นนทบุรี,ไทรน้อย,อบต.ราษฎร์นิยม,0.0,0.0
727,2564,พฤษภาคม,นนทบุรี,ไทรน้อย,อบต.หนองเพรางาย,0.06,0.06
728,2564,พฤษภาคม,นนทบุรี,บางกรวย,เทศบาลเมืองบางกรวย,0.0,0.0
729,2564,พฤษภาคม,นนทบุรี,บางกรวย,เทศบาลตำบลบางสีทอง,0.094,0.094
730,2564,พฤษภาคม,นนทบุรี,บางกรวย,เทศบาลตำบลปลายบาง,0.192,0.192
731,2564,พฤษภาคม,นนทบุรี,บางกรวย,เทศบาลตำบลศาลากลาง,0.0,0.0
732,2564,พฤษภาคม,นนทบุรี,บางกรวย,อบต.บางขนุน,0.1,0.1
733,2564,พฤษภาคม,นนทบุรี,บางกรวย,อบต.บางขุนกอง,98598.75,0.0
734,2564,พฤษภาคม,นนทบุรี,บางกรวย,อบต.มหาสวัสดิ์,0.0,0.0
735,2564,พฤษภาคม,นนทบุรี,บางบัวทอง,เทศบาลเมืองบางคูรัด,0.0,0.0
736,2564,พฤษภาคม,นนทบุรี,บางบัวทอง,เทศบาลเมืองบางบัวทอง,2.38,2.38
737,2564,พฤษภาคม,นนทบุรี,บางบัวทอง,เทศบาลเมืองบางรักพัฒนา,0.0,0.0
738,2564,พฤษภาคม,นนทบุรี,บางบัวทอง,เทศบาลเมืองพิมลราช,0.0,0.0
739,2564,พฤษภาคม,นนทบุรี,บางบัวทอง,เทศบาลเมืองใหม่บางบัวทอง,0.5,0.5
740,2564,พฤษภาคม,นนทบุรี,บางบัวทอง,อบต.บางรักใหญ่,0.0,0.0
741,2564,พฤษภาคม,นนทบุรี,บางบัวทอง,อบต.ละหาร,0.0,0.0
742,2564,พฤษภาคม,นนทบุรี,บางบัวทอง,อบต.ลำโพ,0.0,0.0
743,2564,พฤษภาคม,นนทบุรี,บางใหญ่,เทศบาลเมืองบางแม่นาง,0.0,0.0
744,2564,พฤษภาคม,นนทบุรี,บางใหญ่,เทศบาลตำบลบางม่วง,0.0,0.0
745,2564,พฤษภาคม,นนทบุรี,บางใหญ่,เทศบาลตำบลบางเลน,15.0,15.0
746,2564,พฤษภาคม,นนทบุรี,บางใหญ่,เทศบาลตำบลบางใหญ่,0.0,0.0
747,2564,พฤษภาคม,นนทบุรี,บางใหญ่,เทศบาลตำบลบ้านบางม่วง,0.0,0.0
748,2564,พฤษภาคม,นนทบุรี,บางใหญ่,เทศบาลตำบลเสาธงหิน,0.0,0.0
749,2564,พฤษภาคม,นนทบุรี,บางใหญ่,อบต.บางใหญ่,0.0,0.0
750,2564,พฤษภาคม,นนทบุรี,บางใหญ่,อบต.บ้านใหม่,0.0,0.0
751,2564,พฤษภาคม,นนทบุรี,ปากเกร็ด,เทศบาลนครปากเกร็ด,33.429,33.429
752,2564,พฤษภาคม,นนทบุรี,ปากเกร็ด,เทศบาลตำบลบางพลับ,0.033,0.033
753,2564,พฤษภาคม,นนทบุรี,ปากเกร็ด,อบต.เกาะเกร็ด,0.0,0.0
754,2564,พฤษภาคม,นนทบุรี,ปากเกร็ด,อบต.คลองข่อย,0.0,0.0
755,2564,พฤษภาคม,นนทบุรี,ปากเกร็ด,อบต.คลองพระอุดม,0.0,0.0
756,2564,พฤษภาคม,นนทบุรี,ปากเกร็ด,อบต.ท่าอิฐ,0.09,0.09
757,2564,พฤษภาคม,นนทบุรี,ปากเกร็ด,อบต.บางตะไนย์,0.005,0.005
758,2564,พฤษภาคม,นนทบุรี,ปากเกร็ด,อบต.อ้อมเกร็ด,0.0,0.0
759,2564,พฤษภาคม,นนทบุรี,เมืองนนทบุรี,เทศบาลนครนนทบุรี,0.0,0.0
760,2564,พฤษภาคม,นนทบุรี,เมืองนนทบุรี,เทศบาลเมืองไทรม้า,0.0,0.0
761,2564,พฤษภาคม,นนทบุรี,เมืองนนทบุรี,เทศบาลเมืองบางกร่าง,0.08,0.08
762,2564,พฤษภาคม,นนทบุรี,เมืองนนทบุรี,เทศบาลเมืองบางศรีเมือง,0.0,0.0
763,2564,พฤษภาคม,นนทบุรี,เมืองนนทบุรี,อบต.บางไผ่,0.0,0.0
764,2564,พฤษภาคม,นนทบุรี,เมืองนนทบุรี,อบต.บางรักน้อย,0.0,0.0
765,2564,มิถุนายน,นนทบุรี,ไทรน้อย,เทศบาลตำบลไทรน้อย,0.0,0.0
766,2564,มิถุนายน,นนทบุรี,ไทรน้อย,อบต.ขุนศรี,0.0,0.0
767,2564,มิถุนายน,นนทบุรี,ไทรน้อย,อบต.คลองขวาง,0.0,0.0
768,2564,มิถุนายน,นนทบุรี,ไทรน้อย,อบต.ทวีวัฒนา,0.04,0.04
769,2564,มิถุนายน,นนทบุรี,ไทรน้อย,อบต.ไทรน้อย,0.0,0.0
770,2564,มิถุนายน,นนทบุรี,ไทรน้อย,อบต.ไทรใหญ่,0.0,0.0
771,2564,มิถุนายน,นนทบุรี,ไทรน้อย,อบต.ราษฎร์นิยม,0.0,0.0
772,2564,มิถุนายน,นนทบุรี,ไทรน้อย,อบต.หนองเพรางาย,0.06,0.06
773,2564,มิถุนายน,นนทบุรี,บางกรวย,เทศบาลเมืองบางกรวย,0.0,0.0
774,2564,มิถุนายน,นนทบุรี,บางกรวย,เทศบาลตำบลบางสีทอง,0.094,0.094
775,2564,มิถุนายน,นนทบุรี,บางกรวย,เทศบาลตำบลปลายบาง,0.178,0.178
776,2564,มิถุนายน,นนทบุรี,บางกรวย,เทศบาลตำบลศาลากลาง,0.0,0.0
777,2564,มิถุนายน,นนทบุรี,บางกรวย,อบต.บางขนุน,0.1,0.1
778,2564,มิถุนายน,นนทบุรี,บางกรวย,อบต.บางขุนกอง,623.98,0.0
779,2564,มิถุนายน,นนทบุรี,บางกรวย,อบต.มหาสวัสดิ์,0.0,0.0
780,2564,มิถุนายน,นนทบุรี,บางบัวทอง,เทศบาลเมืองบางคูรัด,0.0,0.0
781,2564,มิถุนายน,นนทบุรี,บางบัวทอง,เทศบาลเมืองบางบัวทอง,2.58,2.58
782,2564,มิถุนายน,นนทบุรี,บางบัวทอง,เทศบาลเมืองบางรักพัฒนา,0.0,0.0
783,2564,มิถุนายน,นนทบุรี,บางบัวทอง,เทศบาลเมืองพิมลราช,0.0,0.0
784,2564,มิถุนายน,นนทบุรี,บางบัวทอง,เทศบาลเมืองใหม่บางบัวทอง,0.25,0.25
785,2564,มิถุนายน,นนทบุรี,บางบัวทอง,อบต.บางรักใหญ่,0.0,0.0
786,2564,มิถุนายน,นนทบุรี,บางบัวทอง,อบต.ละหาร,0.0,0.0
787,2564,มิถุนายน,นนทบุรี,บางบัวทอง,อบต.ลำโพ,0.0,0.0
788,2564,มิถุนายน,นนทบุรี,บางใหญ่,เทศบาลเมืองบางแม่นาง,0.0,0.0
789,2564,มิถุนายน,นนทบุรี,บางใหญ่,เทศบาลตำบลบางม่วง,0.0,0.0
790,2564,มิถุนายน,นนทบุรี,บางใหญ่,เทศบาลตำบลบางเลน,20.0,20.0
791,2564,มิถุนายน,นนทบุรี,บางใหญ่,เทศบาลตำบลบางใหญ่,0.0,0.0
792,2564,มิถุนายน,นนทบุรี,บางใหญ่,เทศบาลตำบลบ้านบางม่วง,0.0,0.0
793,2564,มิถุนายน,นนทบุรี,บางใหญ่,เทศบาลตำบลเสาธงหิน,0.0,0.0
794,2564,มิถุนายน,นนทบุรี,บางใหญ่,อบต.บางใหญ่,0.0,0.0
795,2564,มิถุนายน,นนทบุรี,บางใหญ่,อบต.บ้านใหม่,0.0,0.0
796,2564,มิถุนายน,นนทบุรี,ปากเกร็ด,เทศบาลนครปากเกร็ด,32.578,32.578
797,2564,มิถุนายน,นนทบุรี,ปากเกร็ด,เทศบาลตำบลบางพลับ,0.016,0.016
798,2564,มิถุนายน,นนทบุรี,ปากเกร็ด,อบต.เกาะเกร็ด,0.0,0.0
799,2564,มิถุนายน,นนทบุรี,ปากเกร็ด,อบต.คลองข่อย,0.0,0.0
800,2564,มิถุนายน,นนทบุรี,ปากเกร็ด,อบต.คลองพระอุดม,0.0,0.0
801,2564,มิถุนายน,นนทบุรี,ปากเกร็ด,อบต.ท่าอิฐ,0.6,0.6
802,2564,มิถุนายน,นนทบุรี,ปากเกร็ด,อบต.บางตะไนย์,0.005,0.005
803,2564,มิถุนายน,นนทบุรี,ปากเกร็ด,อบต.อ้อมเกร็ด,0.0,0.0
804,2564,มิถุนายน,นนทบุรี,เมืองนนทบุรี,เทศบาลนครนนทบุรี,0.0,0.0
805,2564,มิถุนายน,นนทบุรี,เมืองนนทบุรี,เทศบาลเมืองไทรม้า,0.0,0.0
806,2564,มิถุนายน,นนทบุรี,เมืองนนทบุรี,เทศบาลเมืองบางกร่าง,0.09,0.09
807,2564,มิถุนายน,นนทบุรี,เมืองนนทบุรี,เทศบาลเมืองบางศรีเมือง,0.0,0.0
808,2564,มิถุนายน,นนทบุรี,เมืองนนทบุรี,อบต.บางไผ่,0.0,0.0
809,2564,มิถุนายน,นนทบุรี,เมืองนนทบุรี,อบต.บางรักน้อย,0.0,0.0
810,2564,กรกฎาคม,นนทบุรี,ไทรน้อย,เทศบาลตำบลไทรน้อย,0.0,0.0
811,2564,กรกฎาคม,นนทบุรี,ไทรน้อย,อบต.ขุนศรี,0.0,0.0
812,2564,กรกฎาคม,นนทบุรี,ไทรน้อย,อบต.คลองขวาง,0.0,0.0
813,2564,กรกฎาคม,นนทบุรี,ไทรน้อย,อบต.ทวีวัฒนา,0.04,0.04
814,2564,กรกฎาคม,นนทบุรี,ไทรน้อย,อบต.ไทรน้อย,0.0,0.0
815,2564,กรกฎาคม,นนทบุรี,ไทรน้อย,อบต.ไทรใหญ่,0.0,0.0
816,2564,กรกฎาคม,นนทบุรี,ไทรน้อย,อบต.ราษฎร์นิยม,0.0,0.0
817,2564,กรกฎาคม,นนทบุรี,ไทรน้อย,อบต.หนองเพรางาย,0.06,0.06
818,2564,กรกฎาคม,นนทบุรี,บางกรวย,เทศบาลเมืองบางกรวย,0.0,0.0
819,2564,กรกฎาคม,นนทบุรี,บางกรวย,เทศบาลตำบลบางสีทอง,0.094,0.094
820,2564,กรกฎาคม,นนทบุรี,บางกรวย,เทศบาลตำบลปลายบาง,0.178,0.178
821,2564,กรกฎาคม,นนทบุรี,บางกรวย,เทศบาลตำบลศาลากลาง,0.0,0.0
822,2564,กรกฎาคม,นนทบุรี,บางกรวย,อบต.บางขนุน,0.0,0.0
823,2564,กรกฎาคม,นนทบุรี,บางกรวย,อบต.บางขุนกอง,623.98,0.0
824,2564,กรกฎาคม,นนทบุรี,บางกรวย,อบต.มหาสวัสดิ์,0.0,0.0
825,2564,กรกฎาคม,นนทบุรี,บางบัวทอง,เทศบาลเมืองบางคูรัด,0.0,0.0
826,2564,กรกฎาคม,นนทบุรี,บางบัวทอง,เทศบาลเมืองบางบัวทอง,2.53,2.53
827,2564,กรกฎาคม,นนทบุรี,บางบัวทอง,เทศบาลเมืองบางรักพัฒนา,0.0,0.0
828,2564,กรกฎาคม,นนทบุรี,บางบัวทอง,เทศบาลเมืองพิมลราช,0.0,0.0
829,2564,กรกฎาคม,นนทบุรี,บางบัวทอง,เทศบาลเมืองใหม่บางบัวทอง,10.0,10.0
830,2564,กรกฎาคม,นนทบุรี,บางบัวทอง,อบต.บางรักใหญ่,0.0,0.0
831,2564,กรกฎาคม,นนทบุรี,บางบัวทอง,อบต.ละหาร,0.0,0.0
832,2564,กรกฎาคม,นนทบุรี,บางบัวทอง,อบต.ลำโพ,0.0,0.0
833,2564,กรกฎาคม,นนทบุรี,บางใหญ่,เทศบาลเมืองบางแม่นาง,0.0,0.0
834,2564,กรกฎาคม,นนทบุรี,บางใหญ่,เทศบาลตำบลบางม่วง,0.0,0.0
835,2564,กรกฎาคม,นนทบุรี,บางใหญ่,เทศบาลตำบลบางเลน,20.0,20.0
836,2564,กรกฎาคม,นนทบุรี,บางใหญ่,เทศบาลตำบลบางใหญ่,0.0,0.0
837,2564,กรกฎาคม,นนทบุรี,บางใหญ่,เทศบาลตำบลบ้านบางม่วง,0.0,0.0
838,2564,กรกฎาคม,นนทบุรี,บางใหญ่,เทศบาลตำบลเสาธงหิน,0.0,0.0
839,2564,กรกฎาคม,นนทบุรี,บางใหญ่,อบต.บางใหญ่,0.0,0.0
840,2564,กรกฎาคม,นนทบุรี,บางใหญ่,อบต.บ้านใหม่,0.0,0.0
841,2564,กรกฎาคม,นนทบุรี,ปากเกร็ด,เทศบาลนครปากเกร็ด,45.669,45.669
842,2564,กรกฎาคม,นนทบุรี,ปากเกร็ด,เทศบาลตำบลบางพลับ,0.01,0.01
843,2564,กรกฎาคม,นนทบุรี,ปากเกร็ด,อบต.เกาะเกร็ด,0.0,0.0
844,2564,กรกฎาคม,นนทบุรี,ปากเกร็ด,อบต.คลองข่อย,0.0,0.0
845,2564,กรกฎาคม,นนทบุรี,ปากเกร็ด,อบต.คลองพระอุดม,0.0,0.0
846,2564,กรกฎาคม,นนทบุรี,ปากเกร็ด,อบต.ท่าอิฐ,1.0,1.0
847,2564,กรกฎาคม,นนทบุรี,ปากเกร็ด,อบต.บางตะไนย์,0.012,0.012
848,2564,กรกฎาคม,นนทบุรี,ปากเกร็ด,อบต.อ้อมเกร็ด,0.0,0.0
849,2564,กรกฎาคม,นนทบุรี,เมืองนนทบุรี,เทศบาลนครนนทบุรี,0.0,0.0
850,2564,กรกฎาคม,นนทบุรี,เมืองนนทบุรี,เทศบาลเมืองไทรม้า,0.0,0.0
851,2564,กรกฎาคม,นนทบุรี,เมืองนนทบุรี,เทศบาลเมืองบางกร่าง,0.07,0.07
852,2564,กรกฎาคม,นนทบุรี,เมืองนนทบุรี,เทศบาลเมืองบางศรีเมือง,0.0,0.0
853,2564,กรกฎาคม,นนทบุรี,เมืองนนทบุรี,อบต.บางไผ่,0.0,0.0
854,2564,กรกฎาคม,นนทบุรี,เมืองนนทบุรี,อบต.บางรักน้อย,0.0,0.0
855,2564,สิงหาคม,นนทบุรี,ไทรน้อย,เทศบาลตำบลไทรน้อย,0.0,0.0
856,2564,สิงหาคม,นนทบุรี,ไทรน้อย,อบต.ขุนศรี,0.2,0.2
857,2564,สิงหาคม,นนทบุรี,ไทรน้อย,อบต.คลองขวาง,0.0,0.0
858,2564,สิงหาคม,นนทบุรี,ไทรน้อย,อบต.ทวีวัฒนา,0.02,0.02
859,2564,สิงหาคม,นนทบุรี,ไทรน้อย,อบต.ไทรน้อย,0.0,0.0
860,2564,สิงหาคม,นนทบุรี,ไทรน้อย,อบต.ไทรใหญ่,0.0,0.0
861,2564,สิงหาคม,นนทบุรี,ไทรน้อย,อบต.ราษฎร์นิยม,0.0,0.0
862,2564,สิงหาคม,นนทบุรี,ไทรน้อย,อบต.หนองเพรางาย,0.06,0.06
863,2564,สิงหาคม,นนทบุรี,บางกรวย,เทศบาลเมืองบางกรวย,0.0,0.0
864,2564,สิงหาคม,นนทบุรี,บางกรวย,เทศบาลตำบลบางสีทอง,0.43,0.43
865,2564,สิงหาคม,นนทบุรี,บางกรวย,เทศบาลตำบลปลายบาง,0.178,0.178
866,2564,สิงหาคม,นนทบุรี,บางกรวย,เทศบาลตำบลศาลากลาง,0.0,0.0
867,2564,สิงหาคม,นนทบุรี,บางกรวย,อบต.บางขนุน,0.0,0.0
868,2564,สิงหาคม,นนทบุรี,บางกรวย,อบต.บางขุนกอง,623.98,0.0
869,2564,สิงหาคม,นนทบุรี,บางกรวย,อบต.มหาสวัสดิ์,0.0,0.0
870,2564,สิงหาคม,นนทบุรี,บางบัวทอง,เทศบาลเมืองบางคูรัด,0.0,0.0
871,2564,สิงหาคม,นนทบุรี,บางบัวทอง,เทศบาลเมืองบางบัวทอง,2.65,2.65
872,2564,สิงหาคม,นนทบุรี,บางบัวทอง,เทศบาลเมืองบางรักพัฒนา,0.0,0.0
873,2564,สิงหาคม,นนทบุรี,บางบัวทอง,เทศบาลเมืองพิมลราช,0.0,0.0
874,2564,สิงหาคม,นนทบุรี,บางบัวทอง,เทศบาลเมืองใหม่บางบัวทอง,0.25,0.25
875,2564,สิงหาคม,นนทบุรี,บางบัวทอง,อบต.บางรักใหญ่,0.0,0.0
876,2564,สิงหาคม,นนทบุรี,บางบัวทอง,อบต.ละหาร,0.0,0.0
877,2564,สิงหาคม,นนทบุรี,บางบัวทอง,อบต.ลำโพ,0.0,0.0
878,2564,สิงหาคม,นนทบุรี,บางใหญ่,เทศบาลเมืองบางแม่นาง,0.0,0.0
879,2564,สิงหาคม,นนทบุรี,บางใหญ่,เทศบาลตำบลบางม่วง,0.049,0.049
880,2564,สิงหาคม,นนทบุรี,บางใหญ่,เทศบาลตำบลบางเลน,20.0,20.0
881,2564,สิงหาคม,นนทบุรี,บางใหญ่,เทศบาลตำบลบางใหญ่,0.0,0.0
882,2564,สิงหาคม,นนทบุรี,บางใหญ่,เทศบาลตำบลบ้านบางม่วง,0.0,0.0
883,2564,สิงหาคม,นนทบุรี,บางใหญ่,เทศบาลตำบลเสาธงหิน,0.0,0.0
884,2564,สิงหาคม,นนทบุรี,บางใหญ่,อบต.บางใหญ่,0.0,0.0
885,2564,สิงหาคม,นนทบุรี,บางใหญ่,อบต.บ้านใหม่,0.0,0.0
886,2564,สิงหาคม,นนทบุรี,ปากเกร็ด,เทศบาลนครปากเกร็ด,47.489,47.489
887,2564,สิงหาคม,นนทบุรี,ปากเกร็ด,เทศบาลตำบลบางพลับ,0.01,0.01
888,2564,สิงหาคม,นนทบุรี,ปากเกร็ด,อบต.เกาะเกร็ด,0.0,0.0
889,2564,สิงหาคม,นนทบุรี,ปากเกร็ด,อบต.คลองข่อย,0.0,0.0
890,2564,สิงหาคม,นนทบุรี,ปากเกร็ด,อบต.คลองพระอุดม,0.0,0.0
891,2564,สิงหาคม,นนทบุรี,ปากเกร็ด,อบต.ท่าอิฐ,713.375,81.8
892,2564,สิงหาคม,นนทบุรี,ปากเกร็ด,อบต.บางตะไนย์,0.008,0.008
893,2564,สิงหาคม,นนทบุรี,ปากเกร็ด,อบต.อ้อมเกร็ด,0.0,0.0
894,2564,สิงหาคม,นนทบุรี,เมืองนนทบุรี,เทศบาลนครนนทบุรี,0.0,0.0
895,2564,สิงหาคม,นนทบุรี,เมืองนนทบุรี,เทศบาลเมืองไทรม้า,0.0,0.0
896,2564,สิงหาคม,นนทบุรี,เมืองนนทบุรี,เทศบาลเมืองบางกร่าง,0.07,0.07
897,2564,สิงหาคม,นนทบุรี,เมืองนนทบุรี,เทศบาลเมืองบางศรีเมือง,0.0,0.0
898,2564,สิงหาคม,นนทบุรี,เมืองนนทบุรี,อบต.บางไผ่,0.0,0.0
899,2564,สิงหาคม,นนทบุรี,เมืองนนทบุรี,อบต.บางรักน้อย,0.0,0.0
900,2564,กันยายน,นนทบุรี,ไทรน้อย,เทศบาลตำบลไทรน้อย,8.9,8.9
901,2564,กันยายน,นนทบุรี,ไทรน้อย,อบต.ขุนศรี,1.345,1.345
902,2564,กันยายน,นนทบุรี,ไทรน้อย,อบต.คลองขวาง,0.0,0.0
903,2564,กันยายน,นนทบุรี,ไทรน้อย,อบต.ทวีวัฒนา,0.04,0.04
904,2564,กันยายน,นนทบุรี,ไทรน้อย,อบต.ไทรน้อย,0.0,0.0
905,2564,กันยายน,นนทบุรี,ไทรน้อย,อบต.ไทรใหญ่,0.0,0.0
906,2564,กันยายน,นนทบุรี,ไทรน้อย,อบต.ราษฎร์นิยม,0.0,0.0
907,2564,กันยายน,นนทบุรี,ไทรน้อย,อบต.หนองเพรางาย,0.06,0.06
908,2564,กันยายน,นนทบุรี,บางกรวย,เทศบาลเมืองบางกรวย,0.0,0.0
909,2564,กันยายน,นนทบุรี,บางกรวย,เทศบาลตำบลบางสีทอง,0.094,0.094
910,2564,กันยายน,นนทบุรี,บางกรวย,เทศบาลตำบลปลายบาง,0.0,0.0
911,2564,กันยายน,นนทบุรี,บางกรวย,เทศบาลตำบลศาลากลาง,0.0,0.0
912,2564,กันยายน,นนทบุรี,บางกรวย,อบต.บางขนุน,25.7,25.7
913,2564,กันยายน,นนทบุรี,บางกรวย,อบต.บางขุนกอง,0.0,0.0
914,2564,กันยายน,นนทบุรี,บางกรวย,อบต.มหาสวัสดิ์,0.0,0.0
915,2564,กันยายน,นนทบุรี,บางบัวทอง,เทศบาลเมืองบางคูรัด,0.0,0.0
916,2564,กันยายน,นนทบุรี,บางบัวทอง,เทศบาลเมืองบางบัวทอง,2.63,2.63
917,2564,กันยายน,นนทบุรี,บางบัวทอง,เทศบาลเมืองบางรักพัฒนา,0.0,0.0
918,2564,กันยายน,นนทบุรี,บางบัวทอง,เทศบาลเมืองพิมลราช,0.0,0.0
919,2564,กันยายน,นนทบุรี,บางบัวทอง,เทศบาลเมืองใหม่บางบัวทอง,30.0,30.0
920,2564,กันยายน,นนทบุรี,บางบัวทอง,อบต.บางรักใหญ่,0.0,0.0
921,2564,กันยายน,นนทบุรี,บางบัวทอง,อบต.ละหาร,1.874,0.0
922,2564,กันยายน,นนทบุรี,บางบัวทอง,อบต.ลำโพ,0.0,0.0
923,2564,กันยายน,นนทบุรี,บางใหญ่,เทศบาลเมืองบางแม่นาง,0.0,0.0
924,2564,กันยายน,นนทบุรี,บางใหญ่,เทศบาลตำบลบางม่วง,0.03,0.03
925,2564,กันยายน,นนทบุรี,บางใหญ่,เทศบาลตำบลบางเลน,1.5,1.5
926,2564,กันยายน,นนทบุรี,บางใหญ่,เทศบาลตำบลบางใหญ่,0.0,0.0
927,2564,กันยายน,นนทบุรี,บางใหญ่,เทศบาลตำบลบ้านบางม่วง,0.0,0.0
928,2564,กันยายน,นนทบุรี,บางใหญ่,เทศบาลตำบลเสาธงหิน,0.0,0.0
929,2564,กันยายน,นนทบุรี,บางใหญ่,อบต.บางใหญ่,0.5,0.5
930,2564,กันยายน,นนทบุรี,บางใหญ่,อบต.บ้านใหม่,0.0,0.0
931,2564,กันยายน,นนทบุรี,ปากเกร็ด,เทศบาลนครปากเกร็ด,38.597,38.597
932,2564,กันยายน,นนทบุรี,ปากเกร็ด,เทศบาลตำบลบางพลับ,0.015,0.015
933,2564,กันยายน,นนทบุรี,ปากเกร็ด,อบต.เกาะเกร็ด,0.0,0.0
934,2564,กันยายน,นนทบุรี,ปากเกร็ด,อบต.คลองข่อย,0.0,0.0
935,2564,กันยายน,นนทบุรี,ปากเกร็ด,อบต.คลองพระอุดม,0.0,0.0
936,2564,กันยายน,นนทบุรี,ปากเกร็ด,อบต.ท่าอิฐ,218.4,218.4
937,2564,กันยายน,นนทบุรี,ปากเกร็ด,อบต.บางตะไนย์,0.002,0.002
938,2564,กันยายน,นนทบุรี,ปากเกร็ด,อบต.อ้อมเกร็ด,0.0,0.0
939,2564,กันยายน,นนทบุรี,เมืองนนทบุรี,เทศบาลนครนนทบุรี,0.0,0.0
940,2564,กันยายน,นนทบุรี,เมืองนนทบุรี,เทศบาลเมืองไทรม้า,0.0,0.0
941,2564,กันยายน,นนทบุรี,เมืองนนทบุรี,เทศบาลเมืองบางกร่าง,0.08,0.08
942,2564,กันยายน,นนทบุรี,เมืองนนทบุรี,เทศบาลเมืองบางศรีเมือง,0.0,0.0
943,2564,กันยายน,นนทบุรี,เมืองนนทบุรี,อบต.บางไผ่,0.0,0.0
944,2564,กันยายน,นนทบุรี,เมืองนนทบุรี,อบต.บางรักน้อย,0.0,0.0
945,2564,ตุลาคม,นนทบุรี,ไทรน้อย,เทศบาลตำบลไทรน้อย,0.0,0.0
946,2564,ตุลาคม,นนทบุรี,ไทรน้อย,อบต.ขุนศรี,0.0,0.0
947,2564,ตุลาคม,นนทบุรี,ไทรน้อย,อบต.คลองขวาง,0.0,0.0
948,2564,ตุลาคม,นนทบุรี,ไทรน้อย,อบต.ทวีวัฒนา,0.02,0.02
949,2564,ตุลาคม,นนทบุรี,ไทรน้อย,อบต.ไทรน้อย,0.0,0.0
950,2564,ตุลาคม,นนทบุรี,ไทรน้อย,อบต.ไทรใหญ่,0.0,0.0
951,2564,ตุลาคม,นนทบุรี,ไทรน้อย,อบต.ราษฎร์นิยม,0.0,0.0
952,2564,ตุลาคม,นนทบุรี,ไทรน้อย,อบต.หนองเพรางาย,0.06,0.06
953,2564,ตุลาคม,นนทบุรี,บางกรวย,เทศบาลเมืองบางกรวย,0.0,0.0
954,2564,ตุลาคม,นนทบุรี,บางกรวย,เทศบาลตำบลบางสีทอง,0.094,0.094
955,2564,ตุลาคม,นนทบุรี,บางกรวย,เทศบาลตำบลปลายบาง,7.845,7.845
956,2564,ตุลาคม,นนทบุรี,บางกรวย,เทศบาลตำบลศาลากลาง,0.0,0.0
957,2564,ตุลาคม,นนทบุรี,บางกรวย,อบต.บางขนุน,0.0,0.0
958,2564,ตุลาคม,นนทบุรี,บางกรวย,อบต.บางขุนกอง,0.0,0.0
959,2564,ตุลาคม,นนทบุรี,บางกรวย,อบต.มหาสวัสดิ์,0.0,0.0
960,2564,ตุลาคม,นนทบุรี,บางบัวทอง,เทศบาลเมืองบางคูรัด,0.0,0.0
961,2564,ตุลาคม,นนทบุรี,บางบัวทอง,เทศบาลเมืองบางบัวทอง,2.31,2.31
962,2564,ตุลาคม,นนทบุรี,บางบัวทอง,เทศบาลเมืองบางรักพัฒนา,0.0,0.0
963,2564,ตุลาคม,นนทบุรี,บางบัวทอง,เทศบาลเมืองพิมลราช,0.0,0.0
964,2564,ตุลาคม,นนทบุรี,บางบัวทอง,เทศบาลเมืองใหม่บางบัวทอง,0.25,0.25
965,2564,ตุลาคม,นนทบุรี,บางบัวทอง,อบต.บางรักใหญ่,0.0,0.0
966,2564,ตุลาคม,นนทบุรี,บางบัวทอง,อบต.ละหาร,0.0,0.0
967,2564,ตุลาคม,นนทบุรี,บางบัวทอง,อบต.ลำโพ,0.0,0.0
968,2564,ตุลาคม,นนทบุรี,บางใหญ่,เทศบาลเมืองบางแม่นาง,0.0,0.0
969,2564,ตุลาคม,นนทบุรี,บางใหญ่,เทศบาลตำบลบางม่วง,0.0,0.0
970,2564,ตุลาคม,นนทบุรี,บางใหญ่,เทศบาลตำบลบางเลน,20.0,20.0
971,2564,ตุลาคม,นนทบุรี,บางใหญ่,เทศบาลตำบลบางใหญ่,0.0,0.0
972,2564,ตุลาคม,นนทบุรี,บางใหญ่,เทศบาลตำบลบ้านบางม่วง,0.0,0.0
973,2564,ตุลาคม,นนทบุรี,บางใหญ่,เทศบาลตำบลเสาธงหิน,0.0,0.0
974,2564,ตุลาคม,นนทบุรี,บางใหญ่,อบต.บางใหญ่,0.0,0.0
975,2564,ตุลาคม,นนทบุรี,บางใหญ่,อบต.บ้านใหม่,0.0,0.0
976,2564,ตุลาคม,นนทบุรี,ปากเกร็ด,เทศบาลนครปากเกร็ด,31.466,31.466
977,2564,ตุลาคม,นนทบุรี,ปากเกร็ด,เทศบาลตำบลบางพลับ,0.02,0.02
978,2564,ตุลาคม,นนทบุรี,ปากเกร็ด,อบต.เกาะเกร็ด,0.0,0.0
979,2564,ตุลาคม,นนทบุรี,ปากเกร็ด,อบต.คลองข่อย,0.0,0.0
980,2564,ตุลาคม,นนทบุรี,ปากเกร็ด,อบต.คลองพระอุดม,0.0,0.0
981,2564,ตุลาคม,นนทบุรี,ปากเกร็ด,อบต.ท่าอิฐ,0.009,0.009
982,2564,ตุลาคม,นนทบุรี,ปากเกร็ด,อบต.บางตะไนย์,0.003,0.0
983,2564,ตุลาคม,นนทบุรี,ปากเกร็ด,อบต.อ้อมเกร็ด,0.0,0.0
984,2564,ตุลาคม,นนทบุรี,เมืองนนทบุรี,เทศบาลนครนนทบุรี,0.0,0.0
985,2564,ตุลาคม,นนทบุรี,เมืองนนทบุรี,เทศบาลเมืองไทรม้า,0.0,0.0
986,2564,ตุลาคม,นนทบุรี,เมืองนนทบุรี,เทศบาลเมืองบางกร่าง,0.045,0.045
987,2564,ตุลาคม,นนทบุรี,เมืองนนทบุรี,เทศบาลเมืองบางศรีเมือง,0.0,0.0
988,2564,ตุลาคม,นนทบุรี,เมืองนนทบุรี,อบต.บางไผ่,0.0,0.0
989,2564,ตุลาคม,นนทบุรี,เมืองนนทบุรี,อบต.บางรักน้อย,0.0,0.0
990,2564,พฤศจิกายน,นนทบุรี,ไทรน้อย,เทศบาลตำบลไทรน้อย,0.0,0.0
991,2564,พฤศจิกายน,นนทบุรี,ไทรน้อย,อบต.ขุนศรี,0.0,0.0
992,2564,พฤศจิกายน,นนทบุรี,ไทรน้อย,อบต.คลองขวาง,0.0,0.0
993,2564,พฤศจิกายน,นนทบุรี,ไทรน้อย,อบต.ทวีวัฒนา,0.02,0.02
994,2564,พฤศจิกายน,นนทบุรี,ไทรน้อย,อบต.ไทรน้อย,0.0,0.0
995,2564,พฤศจิกายน,นนทบุรี,ไทรน้อย,อบต.ไทรใหญ่,0.0,0.0
996,2564,พฤศจิกายน,นนทบุรี,ไทรน้อย,อบต.ราษฎร์นิยม,0.0,0.0
997,2564,พฤศจิกายน,นนทบุรี,ไทรน้อย,อบต.หนองเพรางาย,0.06,0.06
998,2564,พฤศจิกายน,นนทบุรี,บางกรวย,เทศบาลเมืองบางกรวย,0.0,0.0
999,2564,พฤศจิกายน,นนทบุรี,บางกรวย,เทศบาลตำบลบางสีทอง,0.03,0.03
1000,2564,พฤศจิกายน,นนทบุรี,บางกรวย,เทศบาลตำบลปลายบาง,0.172,0.172
1001,2564,พฤศจิกายน,นนทบุรี,บางกรวย,เทศบาลตำบลศาลากลาง,0.0,0.0
1002,2564,พฤศจิกายน,นนทบุรี,บางกรวย,อบต.บางขนุน,0.0,0.0
1003,2564,พฤศจิกายน,นนทบุรี,บางกรวย,อบต.บางขุนกอง,0.0,0.0
1004,2564,พฤศจิกายน,นนทบุรี,บางกรวย,อบต.มหาสวัสดิ์,0.0,0.0
1005,2564,พฤศจิกายน,นนทบุรี,บางบัวทอง,เทศบาลเมืองบางคูรัด,0.0,0.0
1006,2564,พฤศจิกายน,นนทบุรี,บางบัวทอง,เทศบาลเมืองบางบัวทอง,2.42,2.42
1007,2564,พฤศจิกายน,นนทบุรี,บางบัวทอง,เทศบาลเมืองบางรักพัฒนา,0.0,0.0
1008,2564,พฤศจิกายน,นนทบุรี,บางบัวทอง,เทศบาลเมืองพิมลราช,0.0,0.0
1009,2564,พฤศจิกายน,นนทบุรี,บางบัวทอง,เทศบาลเมืองใหม่บางบัวทอง,0.25,0.25
1010,2564,พฤศจิกายน,นนทบุรี,บางบัวทอง,อบต.บางรักใหญ่,0.0,0.0
1011,2564,พฤศจิกายน,นนทบุรี,บางบัวทอง,อบต.ละหาร,0.0,0.0
1012,2564,พฤศจิกายน,นนทบุรี,บางบัวทอง,อบต.ลำโพ,0.0,0.0
1013,2564,พฤศจิกายน,นนทบุรี,บางใหญ่,เทศบาลเมืองบางแม่นาง,0.0,0.0
1014,2564,พฤศจิกายน,นนทบุรี,บางใหญ่,เทศบาลตำบลบางม่วง,0.0,0.0
1015,2564,พฤศจิกายน,นนทบุรี,บางใหญ่,เทศบาลตำบลบางเลน,20.0,20.0
1016,2564,พฤศจิกายน,นนทบุรี,บางใหญ่,เทศบาลตำบลบางใหญ่,0.0,0.0
1017,2564,พฤศจิกายน,นนทบุรี,บางใหญ่,เทศบาลตำบลบ้านบางม่วง,0.0,0.0
1018,2564,พฤศจิกายน,นนทบุรี,บางใหญ่,เทศบาลตำบลเสาธงหิน,0.0,0.0
1019,2564,พฤศจิกายน,นนทบุรี,บางใหญ่,อบต.บางใหญ่,0.0,0.0
1020,2564,พฤศจิกายน,นนทบุรี,บางใหญ่,อบต.บ้านใหม่,0.0,0.0
1021,2564,พฤศจิกายน,นนทบุรี,ปากเกร็ด,เทศบาลนครปากเกร็ด,30.285,30.285
1022,2564,พฤศจิกายน,นนทบุรี,ปากเกร็ด,เทศบาลตำบลบางพลับ,0.015,0.015
1023,2564,พฤศจิกายน,นนทบุรี,ปากเกร็ด,อบต.เกาะเกร็ด,0.0,0.0
1024,2564,พฤศจิกายน,นนทบุรี,ปากเกร็ด,อบต.คลองข่อย,0.0,0.0
1025,2564,พฤศจิกายน,นนทบุรี,ปากเกร็ด,อบต.คลองพระอุดม,0.0,0.0
1026,2564,พฤศจิกายน,นนทบุรี,ปากเกร็ด,อบต.ท่าอิฐ,0.009,0.009
1027,2564,พฤศจิกายน,นนทบุรี,ปากเกร็ด,อบต.บางตะไนย์,0.003,0.0
1028,2564,พฤศจิกายน,นนทบุรี,ปากเกร็ด,อบต.อ้อมเกร็ด,0.0,0.0
1029,2564,พฤศจิกายน,นนทบุรี,เมืองนนทบุรี,เทศบาลนครนนทบุรี,0.0,0.0
1030,2564,พฤศจิกายน,นนทบุรี,เมืองนนทบุรี,เทศบาลเมืองไทรม้า,0.0,0.0
1031,2564,พฤศจิกายน,นนทบุรี,เมืองนนทบุรี,เทศบาลเมืองบางกร่าง,0.05,0.05
1032,2564,พฤศจิกายน,นนทบุรี,เมืองนนทบุรี,เทศบาลเมืองบางศรีเมือง,0.0,0.0
1033,2564,พฤศจิกายน,นนทบุรี,เมืองนนทบุรี,อบต.บางไผ่,0.0,0.0
1034,2564,พฤศจิกายน,นนทบุรี,เมืองนนทบุรี,อบต.บางรักน้อย,0.0,0.0
1035,2564,ธันวาคม,นนทบุรี,ไทรน้อย,เทศบาลตำบลไทรน้อย,0.0,0.0
1036,2564,ธันวาคม,นนทบุรี,ไทรน้อย,อบต.ขุนศรี,0.0,0.0
1037,2564,ธันวาคม,นนทบุรี,ไทรน้อย,อบต.คลองขวาง,0.0,0.0
1038,2564,ธันวาคม,นนทบุรี,ไทรน้อย,อบต.ทวีวัฒนา,0.02,0.02
1039,2564,ธันวาคม,นนทบุรี,ไทรน้อย,อบต.ไทรน้อย,0.0,0.0
1040,2564,ธันวาคม,นนทบุรี,ไทรน้อย,อบต.ไทรใหญ่,0.0,0.0
1041,2564,ธันวาคม,นนทบุรี,ไทรน้อย,อบต.ราษฎร์นิยม,0.0,0.0
1042,2564,ธันวาคม,นนทบุรี,ไทรน้อย,อบต.หนองเพรางาย,0.06,0.06
1043,2564,ธันวาคม,นนทบุรี,บางกรวย,เทศบาลเมืองบางกรวย,0.0,0.0
1044,2564,ธันวาคม,นนทบุรี,บางกรวย,เทศบาลตำบลบางสีทอง,0.094,0.094
1045,2564,ธันวาคม,นนทบุรี,บางกรวย,เทศบาลตำบลปลายบาง,0.178,0.178
1046,2564,ธันวาคม,นนทบุรี,บางกรวย,เทศบาลตำบลศาลากลาง,0.0,0.0
1047,2564,ธันวาคม,นนทบุรี,บางกรวย,อบต.บางขนุน,0.0,0.0
1048,2564,ธันวาคม,นนทบุรี,บางกรวย,อบต.บางขุนกอง,0.0,0.0
1049,2564,ธันวาคม,นนทบุรี,บางกรวย,อบต.มหาสวัสดิ์,0.0,0.0
1050,2564,ธันวาคม,นนทบุรี,บางบัวทอง,เทศบาลเมืองบางคูรัด,0.0,0.0
1051,2564,ธันวาคม,นนทบุรี,บางบัวทอง,เทศบาลเมืองบางบัวทอง,2.45,2.45
1052,2564,ธันวาคม,นนทบุรี,บางบัวทอง,เทศบาลเมืองบางรักพัฒนา,0.0,0.0
1053,2564,ธันวาคม,นนทบุรี,บางบัวทอง,เทศบาลเมืองพิมลราช,0.0,0.0
1054,2564,ธันวาคม,นนทบุรี,บางบัวทอง,เทศบาลเมืองใหม่บางบัวทอง,0.25,0.25
1055,2564,ธันวาคม,นนทบุรี,บางบัวทอง,อบต.บางรักใหญ่,0.0,0.0
1056,2564,ธันวาคม,นนทบุรี,บางบัวทอง,อบต.ละหาร,0.0,0.0
1057,2564,ธันวาคม,นนทบุรี,บางบัวทอง,อบต.ลำโพ,0.0,0.0
1058,2564,ธันวาคม,นนทบุรี,บางใหญ่,เทศบาลเมืองบางแม่นาง,0.0,0.0
1059,2564,ธันวาคม,นนทบุรี,บางใหญ่,เทศบาลตำบลบางม่วง,0.0,0.0
1060,2564,ธันวาคม,นนทบุรี,บางใหญ่,เทศบาลตำบลบางเลน,20.0,20.0
1061,2564,ธันวาคม,นนทบุรี,บางใหญ่,เทศบาลตำบลบางใหญ่,0.0,0.0
1062,2564,ธันวาคม,นนทบุรี,บางใหญ่,เทศบาลตำบลบ้านบางม่วง,0.0,0.0
1063,2564,ธันวาคม,นนทบุรี,บางใหญ่,เทศบาลตำบลเสาธงหิน,0.0,0.0
1064,2564,ธันวาคม,นนทบุรี,บางใหญ่,อบต.บางใหญ่,0.0,0.0
1065,2564,ธันวาคม,นนทบุรี,บางใหญ่,อบต.บ้านใหม่,0.0,0.0
1066,2564,ธันวาคม,นนทบุรี,ปากเกร็ด,เทศบาลนครปากเกร็ด,31.222,31.222
1067,2564,ธันวาคม,นนทบุรี,ปากเกร็ด,เทศบาลตำบลบางพลับ,0.012,0.012
1068,2564,ธันวาคม,นนทบุรี,ปากเกร็ด,อบต.เกาะเกร็ด,0.0,0.0
1069,2564,ธันวาคม,นนทบุรี,ปากเกร็ด,อบต.คลองข่อย,0.0,0.0
1070,2564,ธันวาคม,นนทบุรี,ปากเกร็ด,อบต.คลองพระอุดม,0.0,0.0
1071,2564,ธันวาคม,นนทบุรี,ปากเกร็ด,อบต.ท่าอิฐ,0.009,0.009
1072,2564,ธันวาคม,นนทบุรี,ปากเกร็ด,อบต.บางตะไนย์,0.005,0.0
1073,2564,ธันวาคม,นนทบุรี,ปากเกร็ด,อบต.อ้อมเกร็ด,0.0,0.0
1074,2564,ธันวาคม,นนทบุรี,เมืองนนทบุรี,เทศบาลนครนนทบุรี,0.0,0.0
1075,2564,ธันวาคม,นนทบุรี,เมืองนนทบุรี,เทศบาลเมืองไทรม้า,0.0,0.0
1076,2564,ธันวาคม,นนทบุรี,เมืองนนทบุรี,เทศบาลเมืองบางกร่าง,0.07,0.07
1077,2564,ธันวาคม,นนทบุรี,เมืองนนทบุรี,เทศบาลเมืองบางศรีเมือง,0.0,0.0
1078,2564,ธันวาคม,นนทบุรี,เมืองนนทบุรี,อบต.บางไผ่,0.0,0.0
1079,2564,ธันวาคม,นนทบุรี,เมืองนนทบุรี,อบต.บางรักน้อย,0.0,0.0
1080,2565,มกราคม,นนทบุรี,ไทรน้อย,เทศบาลตำบลไทรน้อย,0.0,0.0
1081,2565,มกราคม,นนทบุรี,ไทรน้อย,อบต.ขุนศรี,0.0,0.0
1082,2565,มกราคม,นนทบุรี,ไทรน้อย,อบต.คลองขวาง,0.0,0.0
1083,2565,มกราคม,นนทบุรี,ไทรน้อย,อบต.ทวีวัฒนา,0.04,0.04
1084,2565,มกราคม,นนทบุรี,ไทรน้อย,อบต.ไทรน้อย,0.0,0.0
1085,2565,มกราคม,นนทบุรี,ไทรน้อย,อบต.ไทรใหญ่,0.0,0.0
1086,2565,มกราคม,นนทบุรี,ไทรน้อย,อบต.ราษฎร์นิยม,0.0,0.0
1087,2565,มกราคม,นนทบุรี,ไทรน้อย,อบต.หนองเพรางาย,0.06,0.06
1088,2565,มกราคม,นนทบุรี,บางกรวย,เทศบาลเมืองบางกรวย,0.0,0.0
1089,2565,มกราคม,นนทบุรี,บางกรวย,เทศบาลตำบลบางสีทอง,0.094,0.094
1090,2565,มกราคม,นนทบุรี,บางกรวย,เทศบาลตำบลปลายบาง,5.28,5.28
1091,2565,มกราคม,นนทบุรี,บางกรวย,เทศบาลตำบลศาลากลาง,0.0,0.0
1092,2565,มกราคม,นนทบุรี,บางกรวย,อบต.บางขนุน,0.7,0.7
1093,2565,มกราคม,นนทบุรี,บางกรวย,อบต.บางขุนกอง,0.0,0.0
1094,2565,มกราคม,นนทบุรี,บางกรวย,อบต.มหาสวัสดิ์,0.5,0.5
1095,2565,มกราคม,นนทบุรี,บางบัวทอง,เทศบาลเมืองบางคูรัด,0.0,0.0
1096,2565,มกราคม,นนทบุรี,บางบัวทอง,เทศบาลเมืองบางบัวทอง,3.6,3.6
1097,2565,มกราคม,นนทบุรี,บางบัวทอง,เทศบาลเมืองบางรักพัฒนา,0.0,0.0
1098,2565,มกราคม,นนทบุรี,บางบัวทอง,เทศบาลเมืองพิมลราช,0.0,0.0
1099,2565,มกราคม,นนทบุรี,บางบัวทอง,เทศบาลเมืองใหม่บางบัวทอง,30.0,30.0
1100,2565,มกราคม,นนทบุรี,บางบัวทอง,อบต.บางรักใหญ่,0.0,0.0
1101,2565,มกราคม,นนทบุรี,บางบัวทอง,อบต.ละหาร,0.0,0.0
1102,2565,มกราคม,นนทบุรี,บางบัวทอง,อบต.ลำโพ,0.0,0.0
1103,2565,มกราคม,นนทบุรี,บางใหญ่,เทศบาลเมืองบางแม่นาง,0.0,0.0
1104,2565,มกราคม,นนทบุรี,บางใหญ่,เทศบาลตำบลบางม่วง,0.0,0.0
1105,2565,มกราคม,นนทบุรี,บางใหญ่,เทศบาลตำบลบางเลน,0.02,0.02
1106,2565,มกราคม,นนทบุรี,บางใหญ่,เทศบาลตำบลบางใหญ่,0.0,0.0
1107,2565,มกราคม,นนทบุรี,บางใหญ่,เทศบาลตำบลบ้านบางม่วง,0.0,0.0
1108,2565,มกราคม,นนทบุรี,บางใหญ่,เทศบาลตำบลเสาธงหิน,0.0,0.0
1109,2565,มกราคม,นนทบุรี,บางใหญ่,อบต.บางใหญ่,1.0,1.0
1110,2565,มกราคม,นนทบุรี,บางใหญ่,อบต.บ้านใหม่,0.005,0.005
1111,2565,มกราคม,นนทบุรี,ปากเกร็ด,เทศบาลนครปากเกร็ด,32.32,32.32
1112,2565,มกราคม,นนทบุรี,ปากเกร็ด,เทศบาลตำบลบางพลับ,0.03,0.03
1113,2565,มกราคม,นนทบุรี,ปากเกร็ด,อบต.เกาะเกร็ด,0.0,0.0
1114,2565,มกราคม,นนทบุรี,ปากเกร็ด,อบต.คลองข่อย,0.0,0.0
1115,2565,มกราคม,นนทบุรี,ปากเกร็ด,อบต.คลองพระอุดม,0.0,0.0
1116,2565,มกราคม,นนทบุรี,ปากเกร็ด,อบต.ท่าอิฐ,0.1,0.1
1117,2565,มกราคม,นนทบุรี,ปากเกร็ด,อบต.บางตะไนย์,0.003,0.003
1118,2565,มกราคม,นนทบุรี,ปากเกร็ด,อบต.อ้อมเกร็ด,0.0,0.0
1119,2565,มกราคม,นนทบุรี,เมืองนนทบุรี,เทศบาลนครนนทบุรี,89.84,89.84
1120,2565,มกราคม,นนทบุรี,เมืองนนทบุรี,เทศบาลเมืองไทรม้า,0.0,0.0
1121,2565,มกราคม,นนทบุรี,เมืองนนทบุรี,เทศบาลเมืองบางกร่าง,0.09,0.09
1122,2565,มกราคม,นนทบุรี,เมืองนนทบุรี,เทศบาลเมืองบางศรีเมือง,0.0,0.0
1123,2565,มกราคม,นนทบุรี,เมืองนนทบุรี,อบต.บางไผ่,0.0,0.0
1124,2565,มกราคม,นนทบุรี,เมืองนนทบุรี,อบต.บางรักน้อย,0.0,0.0
1125,2565,กุมภาพันธ์,นนทบุรี,ไทรน้อย,เทศบาลตำบลไทรน้อย,0.0,0.0
1126,2565,กุมภาพันธ์,นนทบุรี,ไทรน้อย,อบต.ขุนศรี,0.0,0.0
1127,2565,กุมภาพันธ์,นนทบุรี,ไทรน้อย,อบต.คลองขวาง,0.0,0.0
1128,2565,กุมภาพันธ์,นนทบุรี,ไทรน้อย,อบต.ทวีวัฒนา,0.04,0.04
1129,2565,กุมภาพันธ์,นนทบุรี,ไทรน้อย,อบต.ไทรน้อย,662400.0,0.0
1130,2565,กุมภาพันธ์,นนทบุรี,ไทรน้อย,อบต.ไทรใหญ่,3.17,3.17
1131,2565,กุมภาพันธ์,นนทบุรี,ไทรน้อย,อบต.ราษฎร์นิยม,0.0,0.0
1132,2565,กุมภาพันธ์,นนทบุรี,ไทรน้อย,อบต.หนองเพรางาย,0.06,0.06
1133,2565,กุมภาพันธ์,นนทบุรี,บางกรวย,เทศบาลเมืองบางกรวย,0.0,0.0
1134,2565,กุมภาพันธ์,นนทบุรี,บางกรวย,เทศบาลตำบลบางสีทอง,1.12,1.12
1135,2565,กุมภาพันธ์,นนทบุรี,บางกรวย,เทศบาลตำบลปลายบาง,7.845,7.845
1136,2565,กุมภาพันธ์,นนทบุรี,บางกรวย,เทศบาลตำบลศาลากลาง,0.0,0.0
1137,2565,กุมภาพันธ์,นนทบุรี,บางกรวย,อบต.บางขนุน,0.02,0.02
1138,2565,กุมภาพันธ์,นนทบุรี,บางกรวย,อบต.บางขุนกอง,0.0,0.0
1139,2565,กุมภาพันธ์,นนทบุรี,บางกรวย,อบต.มหาสวัสดิ์,0.5,0.5
1140,2565,กุมภาพันธ์,นนทบุรี,บางบัวทอง,เทศบาลเมืองบางคูรัด,0.0,0.0
1141,2565,กุมภาพันธ์,นนทบุรี,บางบัวทอง,เทศบาลเมืองบางบัวทอง,3.84,3.84
1142,2565,กุมภาพันธ์,นนทบุรี,บางบัวทอง,เทศบาลเมืองบางรักพัฒนา,0.0,0.0
1143,2565,กุมภาพันธ์,นนทบุรี,บางบัวทอง,เทศบาลเมืองพิมลราช,0.0,0.0
1144,2565,กุมภาพันธ์,นนทบุรี,บางบัวทอง,เทศบาลเมืองใหม่บางบัวทอง,70.0,70.0
1145,2565,กุมภาพันธ์,นนทบุรี,บางบัวทอง,อบต.บางรักใหญ่,0.0,0.0
1146,2565,กุมภาพันธ์,นนทบุรี,บางบัวทอง,อบต.ละหาร,0.0,0.0
1147,2565,กุมภาพันธ์,นนทบุรี,บางบัวทอง,อบต.ลำโพ,0.0,0.0
1148,2565,กุมภาพันธ์,นนทบุรี,บางใหญ่,เทศบาลเมืองบางแม่นาง,0.0,0.0
1149,2565,กุมภาพันธ์,นนทบุรี,บางใหญ่,เทศบาลตำบลบางม่วง,0.05,0.05
1150,2565,กุมภาพันธ์,นนทบุรี,บางใหญ่,เทศบาลตำบลบางเลน,0.03,0.03
1151,2565,กุมภาพันธ์,นนทบุรี,บางใหญ่,เทศบาลตำบลบางใหญ่,0.0,0.0
1152,2565,กุมภาพันธ์,นนทบุรี,บางใหญ่,เทศบาลตำบลบ้านบางม่วง,0.0,0.0
1153,2565,กุมภาพันธ์,นนทบุรี,บางใหญ่,เทศบาลตำบลเสาธงหิน,0.0,0.0
1154,2565,กุมภาพันธ์,นนทบุรี,บางใหญ่,อบต.บางใหญ่,0.0,0.0
1155,2565,กุมภาพันธ์,นนทบุรี,บางใหญ่,อบต.บ้านใหม่,0.1,0.1
1156,2565,กุมภาพันธ์,นนทบุรี,ปากเกร็ด,เทศบาลนครปากเกร็ด,39.107,39.107
1157,2565,กุมภาพันธ์,นนทบุรี,ปากเกร็ด,เทศบาลตำบลบางพลับ,0.065,0.065
1158,2565,กุมภาพันธ์,นนทบุรี,ปากเกร็ด,อบต.เกาะเกร็ด,0.0,0.0
1159,2565,กุมภาพันธ์,นนทบุรี,ปากเกร็ด,อบต.คลองข่อย,0.0,0.0
1160,2565,กุมภาพันธ์,นนทบุรี,ปากเกร็ด,อบต.คลองพระอุดม,0.0,0.0
1161,2565,กุมภาพันธ์,นนทบุรี,ปากเกร็ด,อบต.ท่าอิฐ,0.4,0.4
1162,2565,กุมภาพันธ์,นนทบุรี,ปากเกร็ด,อบต.บางตะไนย์,0.05,0.02
1163,2565,กุมภาพันธ์,นนทบุรี,ปากเกร็ด,อบต.อ้อมเกร็ด,0.0,0.0
1164,2565,กุมภาพันธ์,นนทบุรี,เมืองนนทบุรี,เทศบาลนครนนทบุรี,91.067,91.067
1165,2565,กุมภาพันธ์,นนทบุรี,เมืองนนทบุรี,เทศบาลเมืองไทรม้า,0.0,0.0
1166,2565,กุมภาพันธ์,นนทบุรี,เมืองนนทบุรี,เทศบาลเมืองบางกร่าง,0.09,0.09
1167,2565,กุมภาพันธ์,นนทบุรี,เมืองนนทบุรี,เทศบาลเมืองบางศรีเมือง,0.0,0.0
1168,2565,กุมภาพันธ์,นนทบุรี,เมืองนนทบุรี,อบต.บางไผ่,0.0,0.0
1169,2565,กุมภาพันธ์,นนทบุรี,เมืองนนทบุรี,อบต.บางรักน้อย,0.0,0.0
1170,2565,มีนาคม,นนทบุรี,ไทรน้อย,เทศบาลตำบลไทรน้อย,0.0,0.0
1171,2565,มีนาคม,นนทบุรี,ไทรน้อย,อบต.ขุนศรี,0.0,0.0
1172,2565,มีนาคม,นนทบุรี,ไทรน้อย,อบต.คลองขวาง,0.0,0.0
1173,2565,มีนาคม,นนทบุรี,ไทรน้อย,อบต.ทวีวัฒนา,0.04,0.04
1174,2565,มีนาคม,นนทบุรี,ไทรน้อย,อบต.ไทรน้อย,0.0,0.0
1175,2565,มีนาคม,นนทบุรี,ไทรน้อย,อบต.ไทรใหญ่,7.65,7.65
1176,2565,มีนาคม,นนทบุรี,ไทรน้อย,อบต.ราษฎร์นิยม,0.0,0.0
1177,2565,มีนาคม,นนทบุรี,ไทรน้อย,อบต.หนองเพรางาย,0.06,0.06
1178,2565,มีนาคม,นนทบุรี,บางกรวย,เทศบาลเมืองบางกรวย,0.0,0.0
1179,2565,มีนาคม,นนทบุรี,บางกรวย,เทศบาลตำบลบางสีทอง,0.094,0.094
1180,2565,มีนาคม,นนทบุรี,บางกรวย,เทศบาลตำบลปลายบาง,7.9,7.9
1181,2565,มีนาคม,นนทบุรี,บางกรวย,เทศบาลตำบลศาลากลาง,0.0,0.0
1182,2565,มีนาคม,นนทบุรี,บางกรวย,อบต.บางขนุน,0.01,0.01
1183,2565,มีนาคม,นนทบุรี,บางกรวย,อบต.บางขุนกอง,0.0,0.0
1184,2565,มีนาคม,นนทบุรี,บางกรวย,อบต.มหาสวัสดิ์,0.5,0.5
1185,2565,มีนาคม,นนทบุรี,บางบัวทอง,เทศบาลเมืองบางคูรัด,0.0,0.0
1186,2565,มีนาคม,นนทบุรี,บางบัวทอง,เทศบาลเมืองบางบัวทอง,2.64,2.64
1187,2565,มีนาคม,นนทบุรี,บางบัวทอง,เทศบาลเมืองบางรักพัฒนา,0.0,0.0
1188,2565,มีนาคม,นนทบุรี,บางบัวทอง,เทศบาลเมืองพิมลราช,0.0,0.0
1189,2565,มีนาคม,นนทบุรี,บางบัวทอง,เทศบาลเมืองใหม่บางบัวทอง,40.0,40.0
1190,2565,มีนาคม,นนทบุรี,บางบัวทอง,อบต.บางรักใหญ่,0.0,0.0
1191,2565,มีนาคม,นนทบุรี,บางบัวทอง,อบต.ละหาร,0.0,0.0
1192,2565,มีนาคม,นนทบุรี,บางบัวทอง,อบต.ลำโพ,0.0,0.0
1193,2565,มีนาคม,นนทบุรี,บางใหญ่,เทศบาลเมืองบางแม่นาง,0.0,0.0
1194,2565,มีนาคม,นนทบุรี,บางใหญ่,เทศบาลตำบลบางม่วง,0.055,0.055
1195,2565,มีนาคม,นนทบุรี,บางใหญ่,เทศบาลตำบลบางเลน,25.0,25.0
1196,2565,มีนาคม,นนทบุรี,บางใหญ่,เทศบาลตำบลบางใหญ่,0.0,0.0
1197,2565,มีนาคม,นนทบุรี,บางใหญ่,เทศบาลตำบลบ้านบางม่วง,0.0,0.0
1198,2565,มีนาคม,นนทบุรี,บางใหญ่,เทศบาลตำบลเสาธงหิน,0.0,0.0
1199,2565,มีนาคม,นนทบุรี,บางใหญ่,อบต.บางใหญ่,0.5,0.5
1200,2565,มีนาคม,นนทบุรี,บางใหญ่,อบต.บ้านใหม่,0.005,0.005
1201,2565,มีนาคม,นนทบุรี,ปากเกร็ด,เทศบาลนครปากเกร็ด,46.27,46.27
1202,2565,มีนาคม,นนทบุรี,ปากเกร็ด,เทศบาลตำบลบางพลับ,0.035,0.035
1203,2565,มีนาคม,นนทบุรี,ปากเกร็ด,อบต.เกาะเกร็ด,0.0,0.0
1204,2565,มีนาคม,นนทบุรี,ปากเกร็ด,อบต.คลองข่อย,0.0,0.0
1205,2565,มีนาคม,นนทบุรี,ปากเกร็ด,อบต.คลองพระอุดม,0.0,0.0
1206,2565,มีนาคม,นนทบุรี,ปากเกร็ด,อบต.ท่าอิฐ,0.18,0.18
1207,2565,มีนาคม,นนทบุรี,ปากเกร็ด,อบต.บางตะไนย์,0.05,0.05
1208,2565,มีนาคม,นนทบุรี,ปากเกร็ด,อบต.อ้อมเกร็ด,0.0,0.0
1209,2565,มีนาคม,นนทบุรี,เมืองนนทบุรี,เทศบาลนครนนทบุรี,110.685,110.685
1210,2565,มีนาคม,นนทบุรี,เมืองนนทบุรี,เทศบาลเมืองไทรม้า,0.0,0.0
1211,2565,มีนาคม,นนทบุรี,เมืองนนทบุรี,เทศบาลเมืองบางกร่าง,0.0,0.0
1212,2565,มีนาคม,นนทบุรี,เมืองนนทบุรี,เทศบาลเมืองบางศรีเมือง,0.0,0.0
1213,2565,มีนาคม,นนทบุรี,เมืองนนทบุรี,อบต.บางไผ่,0.0,0.0
1214,2565,มีนาคม,นนทบุรี,เมืองนนทบุรี,อบต.บางรักน้อย,0.0,0.0
1215,2565,เมษายน,นนทบุรี,ไทรน้อย,เทศบาลตำบลไทรน้อย,0.0,0.0
1216,2565,เมษายน,นนทบุรี,ไทรน้อย,อบต.ขุนศรี,0.0,0.0
1217,2565,เมษายน,นนทบุรี,ไทรน้อย,อบต.คลองขวาง,0.0,0.0
1218,2565,เมษายน,นนทบุรี,ไทรน้อย,อบต.ทวีวัฒนา,0.035,0.035
1219,2565,เมษายน,นนทบุรี,ไทรน้อย,อบต.ไทรน้อย,0.0,0.0
1220,2565,เมษายน,นนทบุรี,ไทรน้อย,อบต.ไทรใหญ่,0.0,0.0
1221,2565,เมษายน,นนทบุรี,ไทรน้อย,อบต.ราษฎร์นิยม,0.0,0.0
1222,2565,เมษายน,นนทบุรี,ไทรน้อย,อบต.หนองเพรางาย,0.06,0.06
1223,2565,เมษายน,นนทบุรี,บางกรวย,เทศบาลเมืองบางกรวย,0.0,0.0
1224,2565,เมษายน,นนทบุรี,บางกรวย,เทศบาลตำบลบางสีทอง,0.094,0.094
1225,2565,เมษายน,นนทบุรี,บางกรวย,เทศบาลตำบลปลายบาง,8.213,8.213
1226,2565,เมษายน,นนทบุรี,บางกรวย,เทศบาลตำบลศาลากลาง,0.0,0.0
1227,2565,เมษายน,นนทบุรี,บางกรวย,อบต.บางขนุน,0.01,0.01
1228,2565,เมษายน,นนทบุรี,บางกรวย,อบต.บางขุนกอง,0.0,0.0
1229,2565,เมษายน,นนทบุรี,บางกรวย,อบต.มหาสวัสดิ์,0.5,0.5
1230,2565,เมษายน,นนทบุรี,บางบัวทอง,เทศบาลเมืองบางคูรัด,0.0,0.0
1231,2565,เมษายน,นนทบุรี,บางบัวทอง,เทศบาลเมืองบางบัวทอง,2.4,2.4
1232,2565,เมษายน,นนทบุรี,บางบัวทอง,เทศบาลเมืองบางรักพัฒนา,0.0,0.0
1233,2565,เมษายน,นนทบุรี,บางบัวทอง,เทศบาลเมืองพิมลราช,0.0,0.0
1234,2565,เมษายน,นนทบุรี,บางบัวทอง,เทศบาลเมืองใหม่บางบัวทอง,20.0,20.0
1235,2565,เมษายน,นนทบุรี,บางบัวทอง,อบต.บางรักใหญ่,0.0,0.0
1236,2565,เมษายน,นนทบุรี,บางบัวทอง,อบต.ละหาร,0.0,0.0
1237,2565,เมษายน,นนทบุรี,บางบัวทอง,อบต.ลำโพ,0.0,0.0
1238,2565,เมษายน,นนทบุรี,บางใหญ่,เทศบาลเมืองบางแม่นาง,14.0,14.0
1239,2565,เมษายน,นนทบุรี,บางใหญ่,เทศบาลตำบลบางม่วง,0.015,0.015
1240,2565,เมษายน,นนทบุรี,บางใหญ่,เทศบาลตำบลบางเลน,20.0,20.0
1241,2565,เมษายน,นนทบุรี,บางใหญ่,เทศบาลตำบลบางใหญ่,0.0,0.0
1242,2565,เมษายน,นนทบุรี,บางใหญ่,เทศบาลตำบลบ้านบางม่วง,0.0,0.0
1243,2565,เมษายน,นนทบุรี,บางใหญ่,เทศบาลตำบลเสาธงหิน,0.0,0.0
1244,2565,เมษายน,นนทบุรี,บางใหญ่,อบต.บางใหญ่,0.0,0.0
1245,2565,เมษายน,นนทบุรี,บางใหญ่,อบต.บ้านใหม่,0.008,0.008
1246,2565,เมษายน,นนทบุรี,ปากเกร็ด,เทศบาลนครปากเกร็ด,36.541,36.541
1247,2565,เมษายน,นนทบุรี,ปากเกร็ด,เทศบาลตำบลบางพลับ,0.015,0.015
1248,2565,เมษายน,นนทบุรี,ปากเกร็ด,อบต.เกาะเกร็ด,0.0,0.0
1249,2565,เมษายน,นนทบุรี,ปากเกร็ด,อบต.คลองข่อย,0.0,0.0
1250,2565,เมษายน,นนทบุรี,ปากเกร็ด,อบต.คลองพระอุดม,0.0,0.0
1251,2565,เมษายน,นนทบุรี,ปากเกร็ด,อบต.ท่าอิฐ,0.01,0.01
1252,2565,เมษายน,นนทบุรี,ปากเกร็ด,อบต.บางตะไนย์,0.05,0.05
1253,2565,เมษายน,นนทบุรี,ปากเกร็ด,อบต.อ้อมเกร็ด,0.0,0.0
1254,2565,เมษายน,นนทบุรี,เมืองนนทบุรี,เทศบาลนครนนทบุรี,90.78,90.78
1255,2565,เมษายน,นนทบุรี,เมืองนนทบุรี,เทศบาลเมืองไทรม้า,0.0,0.0
1256,2565,เมษายน,นนทบุรี,เมืองนนทบุรี,เทศบาลเมืองบางกร่าง,0.0,0.0
1257,2565,เมษายน,นนทบุรี,เมืองนนทบุรี,เทศบาลเมืองบางศรีเมือง,0.0,0.0
1258,2565,เมษายน,นนทบุรี,เมืองนนทบุรี,อบต.บางไผ่,0.0,0.0
1259,2565,เมษายน,นนทบุรี,เมืองนนทบุรี,อบต.บางรักน้อย,0.0,0.0
1260,2565,พฤษภาคม,นนทบุรี,ไทรน้อย,เทศบาลตำบลไทรน้อย,0.0,0.0
1261,2565,พฤษภาคม,นนทบุรี,ไทรน้อย,อบต.ขุนศรี,0.0,0.0
1262,2565,พฤษภาคม,นนทบุรี,ไทรน้อย,อบต.คลองขวาง,0.0,0.0
1263,2565,พฤษภาคม,นนทบุรี,ไทรน้อย,อบต.ทวีวัฒนา,0.15,0.15
1264,2565,พฤษภาคม,นนทบุรี,ไทรน้อย,อบต.ไทรน้อย,0.0,0.0
1265,2565,พฤษภาคม,นนทบุรี,ไทรน้อย,อบต.ไทรใหญ่,0.0,0.0
1266,2565,พฤษภาคม,นนทบุรี,ไทรน้อย,อบต.ราษฎร์นิยม,0.0,0.0
1267,2565,พฤษภาคม,นนทบุรี,ไทรน้อย,อบต.หนองเพรางาย,0.06,0.06
1268,2565,พฤษภาคม,นนทบุรี,บางกรวย,เทศบาลเมืองบางกรวย,0.0,0.0
1269,2565,พฤษภาคม,นนทบุรี,บางกรวย,เทศบาลตำบลบางสีทอง,0.094,0.094
1270,2565,พฤษภาคม,นนทบุรี,บางกรวย,เทศบาลตำบลปลายบาง,7.9,7.9
1271,2565,พฤษภาคม,นนทบุรี,บางกรวย,เทศบาลตำบลศาลากลาง,0.0,0.0
1272,2565,พฤษภาคม,นนทบุรี,บางกรวย,อบต.บางขนุน,0.02,0.02
1273,2565,พฤษภาคม,นนทบุรี,บางกรวย,อบต.บางขุนกอง,0.0,0.0
1274,2565,พฤษภาคม,นนทบุรี,บางกรวย,อบต.มหาสวัสดิ์,0.5,0.5
1275,2565,พฤษภาคม,นนทบุรี,บางบัวทอง,เทศบาลเมืองบางคูรัด,0.0,0.0
1276,2565,พฤษภาคม,นนทบุรี,บางบัวทอง,เทศบาลเมืองบางบัวทอง,2.72,2.72
1277,2565,พฤษภาคม,นนทบุรี,บางบัวทอง,เทศบาลเมืองบางรักพัฒนา,0.0,0.0
1278,2565,พฤษภาคม,นนทบุรี,บางบัวทอง,เทศบาลเมืองพิมลราช,0.0,0.0
1279,2565,พฤษภาคม,นนทบุรี,บางบัวทอง,เทศบาลเมืองใหม่บางบัวทอง,5.0,5.0
1280,2565,พฤษภาคม,นนทบุรี,บางบัวทอง,อบต.บางรักใหญ่,0.0,0.0
1281,2565,พฤษภาคม,นนทบุรี,บางบัวทอง,อบต.ละหาร,0.0,0.0
1282,2565,พฤษภาคม,นนทบุรี,บางบัวทอง,อบต.ลำโพ,0.0,0.0
1283,2565,พฤษภาคม,นนทบุรี,บางใหญ่,เทศบาลเมืองบางแม่นาง,0.0,0.0
1284,2565,พฤษภาคม,นนทบุรี,บางใหญ่,เทศบาลตำบลบางม่วง,0.0,0.0
1285,2565,พฤษภาคม,นนทบุรี,บางใหญ่,เทศบาลตำบลบางเลน,20.0,20.0
1286,2565,พฤษภาคม,นนทบุรี,บางใหญ่,เทศบาลตำบลบางใหญ่,0.0,0.0
1287,2565,พฤษภาคม,นนทบุรี,บางใหญ่,เทศบาลตำบลบ้านบางม่วง,0.0,0.0
1288,2565,พฤษภาคม,นนทบุรี,บางใหญ่,เทศบาลตำบลเสาธงหิน,0.0,0.0
1289,2565,พฤษภาคม,นนทบุรี,บางใหญ่,อบต.บางใหญ่,0.0,0.0
1290,2565,พฤษภาคม,นนทบุรี,บางใหญ่,อบต.บ้านใหม่,0.005,0.005
1291,2565,พฤษภาคม,นนทบุรี,ปากเกร็ด,เทศบาลนครปากเกร็ด,32.96,32.96
1292,2565,พฤษภาคม,นนทบุรี,ปากเกร็ด,เทศบาลตำบลบางพลับ,0.018,0.018
1293,2565,พฤษภาคม,นนทบุรี,ปากเกร็ด,อบต.เกาะเกร็ด,0.0,0.0
1294,2565,พฤษภาคม,นนทบุรี,ปากเกร็ด,อบต.คลองข่อย,0.0,0.0
1295,2565,พฤษภาคม,นนทบุรี,ปากเกร็ด,อบต.คลองพระอุดม,0.0,0.0
1296,2565,พฤษภาคม,นนทบุรี,ปากเกร็ด,อบต.ท่าอิฐ,0.009,0.009
1297,2565,พฤษภาคม,นนทบุรี,ปากเกร็ด,อบต.บางตะไนย์,0.05,0.02
1298,2565,พฤษภาคม,นนทบุรี,ปากเกร็ด,อบต.อ้อมเกร็ด,0.0,0.0
1299,2565,พฤษภาคม,นนทบุรี,เมืองนนทบุรี,เทศบาลนครนนทบุรี,88.627,88.267
1300,2565,พฤษภาคม,นนทบุรี,เมืองนนทบุรี,เทศบาลเมืองไทรม้า,0.0,0.0
1301,2565,พฤษภาคม,นนทบุรี,เมืองนนทบุรี,เทศบาลเมืองบางกร่าง,0.0,0.0
1302,2565,พฤษภาคม,นนทบุรี,เมืองนนทบุรี,เทศบาลเมืองบางศรีเมือง,0.0,0.0
1303,2565,พฤษภาคม,นนทบุรี,เมืองนนทบุรี,อบต.บางไผ่,0.0,0.0
1304,2565,พฤษภาคม,นนทบุรี,เมืองนนทบุรี,อบต.บางรักน้อย,0.0,0.0
1305,2565,มิถุนายน,นนทบุรี,ไทรน้อย,เทศบาลตำบลไทรน้อย,0.0,0.0
1306,2565,มิถุนายน,นนทบุรี,ไทรน้อย,อบต.ขุนศรี,0.0,0.0
1307,2565,มิถุนายน,นนทบุรี,ไทรน้อย,อบต.คลองขวาง,0.0,0.0
1308,2565,มิถุนายน,นนทบุรี,ไทรน้อย,อบต.ทวีวัฒนา,1.0,189.47
1309,2565,มิถุนายน,นนทบุรี,ไทรน้อย,อบต.ไทรน้อย,0.0,0.0
1310,2565,มิถุนายน,นนทบุรี,ไทรน้อย,อบต.ไทรใหญ่,0.0,0.0
1311,2565,มิถุนายน,นนทบุรี,ไทรน้อย,อบต.ราษฎร์นิยม,0.0,0.0
1312,2565,มิถุนายน,นนทบุรี,ไทรน้อย,อบต.หนองเพรางาย,0.06,0.06
1313,2565,มิถุนายน,นนทบุรี,บางกรวย,เทศบาลเมืองบางกรวย,0.0,0.0
1314,2565,มิถุนายน,นนทบุรี,บางกรวย,เทศบาลตำบลบางสีทอง,0.094,0.094
1315,2565,มิถุนายน,นนทบุรี,บางกรวย,เทศบาลตำบลปลายบาง,7.88,7.88
1316,2565,มิถุนายน,นนทบุรี,บางกรวย,เทศบาลตำบลศาลากลาง,0.0,0.0
1317,2565,มิถุนายน,นนทบุรี,บางกรวย,อบต.บางขนุน,0.015,0.015
1318,2565,มิถุนายน,นนทบุรี,บางกรวย,อบต.บางขุนกอง,0.0,0.0
1319,2565,มิถุนายน,นนทบุรี,บางกรวย,อบต.มหาสวัสดิ์,0.0,0.5
1320,2565,มิถุนายน,นนทบุรี,บางบัวทอง,เทศบาลเมืองบางคูรัด,0.0,0.0
1321,2565,มิถุนายน,นนทบุรี,บางบัวทอง,เทศบาลเมืองบางบัวทอง,3.1,3.1
1322,2565,มิถุนายน,นนทบุรี,บางบัวทอง,เทศบาลเมืองบางรักพัฒนา,0.0,0.0
1323,2565,มิถุนายน,นนทบุรี,บางบัวทอง,เทศบาลเมืองพิมลราช,0.0,0.0
1324,2565,มิถุนายน,นนทบุรี,บางบัวทอง,เทศบาลเมืองใหม่บางบัวทอง,10.0,0.25
1325,2565,มิถุนายน,นนทบุรี,บางบัวทอง,อบต.บางรักใหญ่,0.0,0.0
1326,2565,มิถุนายน,นนทบุรี,บางบัวทอง,อบต.ละหาร,0.0,0.0
1327,2565,มิถุนายน,นนทบุรี,บางบัวทอง,อบต.ลำโพ,0.0,0.0
1328,2565,มิถุนายน,นนทบุรี,บางใหญ่,เทศบาลเมืองบางแม่นาง,0.0,0.0
1329,2565,มิถุนายน,นนทบุรี,บางใหญ่,เทศบาลตำบลบางม่วง,0.0,0.0
1330,2565,มิถุนายน,นนทบุรี,บางใหญ่,เทศบาลตำบลบางเลน,15.0,15.0
1331,2565,มิถุนายน,นนทบุรี,บางใหญ่,เทศบาลตำบลบางใหญ่,0.0,0.0
1332,2565,มิถุนายน,นนทบุรี,บางใหญ่,เทศบาลตำบลบ้านบางม่วง,0.0,0.0
1333,2565,มิถุนายน,นนทบุรี,บางใหญ่,เทศบาลตำบลเสาธงหิน,0.0,0.0
1334,2565,มิถุนายน,นนทบุรี,บางใหญ่,อบต.บางใหญ่,0.0,0.0
1335,2565,มิถุนายน,นนทบุรี,บางใหญ่,อบต.บ้านใหม่,0.0,0.0
1336,2565,มิถุนายน,นนทบุรี,ปากเกร็ด,เทศบาลนครปากเกร็ด,28.211,28.211
1337,2565,มิถุนายน,นนทบุรี,ปากเกร็ด,เทศบาลตำบลบางพลับ,0.01,0.01
1338,2565,มิถุนายน,นนทบุรี,ปากเกร็ด,อบต.เกาะเกร็ด,0.0,0.0
1339,2565,มิถุนายน,นนทบุรี,ปากเกร็ด,อบต.คลองข่อย,0.0,0.0
1340,2565,มิถุนายน,นนทบุรี,ปากเกร็ด,อบต.คลองพระอุดม,0.0,0.0
1341,2565,มิถุนายน,นนทบุรี,ปากเกร็ด,อบต.ท่าอิฐ,0.012,0.012
1342,2565,มิถุนายน,นนทบุรี,ปากเกร็ด,อบต.บางตะไนย์,0.05,0.02
1343,2565,มิถุนายน,นนทบุรี,ปากเกร็ด,อบต.อ้อมเกร็ด,0.0,0.0
1344,2565,มิถุนายน,นนทบุรี,เมืองนนทบุรี,เทศบาลนครนนทบุรี,128.03,128.03
1345,2565,มิถุนายน,นนทบุรี,เมืองนนทบุรี,เทศบาลเมืองไทรม้า,0.0,0.0
1346,2565,มิถุนายน,นนทบุรี,เมืองนนทบุรี,เทศบาลเมืองบางกร่าง,0.0,0.0
1347,2565,มิถุนายน,นนทบุรี,เมืองนนทบุรี,เทศบาลเมืองบางศรีเมือง,0.0,0.0
1348,2565,มิถุนายน,นนทบุรี,เมืองนนทบุรี,อบต.บางไผ่,0.0,0.0
1349,2565,มิถุนายน,นนทบุรี,เมืองนนทบุรี,อบต.บางรักน้อย,0.0,0.0
1350,2565,กรกฎาคม,นนทบุรี,ไทรน้อย,เทศบาลตำบลไทรน้อย,0.0,0.0
1351,2565,กรกฎาคม,นนทบุรี,ไทรน้อย,อบต.ขุนศรี,0.0,0.0
1352,2565,กรกฎาคม,นนทบุรี,ไทรน้อย,อบต.คลองขวาง,0.0,0.0
1353,2565,กรกฎาคม,นนทบุรี,ไทรน้อย,อบต.ทวีวัฒนา,0.4,0.4
1354,2565,กรกฎาคม,นนทบุรี,ไทรน้อย,อบต.ไทรน้อย,0.0,0.0
1355,2565,กรกฎาคม,นนทบุรี,ไทรน้อย,อบต.ไทรใหญ่,0.0,0.0
1356,2565,กรกฎาคม,นนทบุรี,ไทรน้อย,อบต.ราษฎร์นิยม,0.0,0.0
1357,2565,กรกฎาคม,นนทบุรี,ไทรน้อย,อบต.หนองเพรางาย,0.06,0.06
1358,2565,กรกฎาคม,นนทบุรี,บางกรวย,เทศบาลเมืองบางกรวย,0.0,0.0
1359,2565,กรกฎาคม,นนทบุรี,บางกรวย,เทศบาลตำบลบางสีทอง,0.094,0.094
1360,2565,กรกฎาคม,นนทบุรี,บางกรวย,เทศบาลตำบลปลายบาง,7.7,7.7
1361,2565,กรกฎาคม,นนทบุรี,บางกรวย,เทศบาลตำบลศาลากลาง,0.0,0.0
1362,2565,กรกฎาคม,นนทบุรี,บางกรวย,อบต.บางขนุน,0.01,0.01
1363,2565,กรกฎาคม,นนทบุรี,บางกรวย,อบต.บางขุนกอง,0.0,0.0
1364,2565,กรกฎาคม,นนทบุรี,บางกรวย,อบต.มหาสวัสดิ์,0.5,0.5
1365,2565,กรกฎาคม,นนทบุรี,บางบัวทอง,เทศบาลเมืองบางคูรัด,0.0,0.0
1366,2565,กรกฎาคม,นนทบุรี,บางบัวทอง,เทศบาลเมืองบางบัวทอง,2.56,2.56
1367,2565,กรกฎาคม,นนทบุรี,บางบัวทอง,เทศบาลเมืองบางรักพัฒนา,0.0,0.0
1368,2565,กรกฎาคม,นนทบุรี,บางบัวทอง,เทศบาลเมืองพิมลราช,0.0,0.0
1369,2565,กรกฎาคม,นนทบุรี,บางบัวทอง,เทศบาลเมืองใหม่บางบัวทอง,25.0,10.0
1370,2565,กรกฎาคม,นนทบุรี,บางบัวทอง,อบต.บางรักใหญ่,0.0,0.0
1371,2565,กรกฎาคม,นนทบุรี,บางบัวทอง,อบต.ละหาร,0.0,0.0
1372,2565,กรกฎาคม,นนทบุรี,บางบัวทอง,อบต.ลำโพ,0.0,0.0
1373,2565,กรกฎาคม,นนทบุรี,บางใหญ่,เทศบาลเมืองบางแม่นาง,0.0,0.0
1374,2565,กรกฎาคม,นนทบุรี,บางใหญ่,เทศบาลตำบลบางม่วง,0.0,0.0
1375,2565,กรกฎาคม,นนทบุรี,บางใหญ่,เทศบาลตำบลบางเลน,15.0,15.0
1376,2565,กรกฎาคม,นนทบุรี,บางใหญ่,เทศบาลตำบลบางใหญ่,0.0,0.0
1377,2565,กรกฎาคม,นนทบุรี,บางใหญ่,เทศบาลตำบลบ้านบางม่วง,0.0,0.0
1378,2565,กรกฎาคม,นนทบุรี,บางใหญ่,เทศบาลตำบลเสาธงหิน,0.0,0.0
1379,2565,กรกฎาคม,นนทบุรี,บางใหญ่,อบต.บางใหญ่,0.0,0.0
1380,2565,กรกฎาคม,นนทบุรี,บางใหญ่,อบต.บ้านใหม่,0.005,0.005
1381,2565,กรกฎาคม,นนทบุรี,ปากเกร็ด,เทศบาลนครปากเกร็ด,29.072,29.072
1382,2565,กรกฎาคม,นนทบุรี,ปากเกร็ด,เทศบาลตำบลบางพลับ,0.009,0.009
1383,2565,กรกฎาคม,นนทบุรี,ปากเกร็ด,อบต.เกาะเกร็ด,0.0,0.0
1384,2565,กรกฎาคม,นนทบุรี,ปากเกร็ด,อบต.คลองข่อย,0.0,0.0
1385,2565,กรกฎาคม,นนทบุรี,ปากเกร็ด,อบต.คลองพระอุดม,0.0,0.0
1386,2565,กรกฎาคม,นนทบุรี,ปากเกร็ด,อบต.ท่าอิฐ,0.01,0.01
1387,2565,กรกฎาคม,นนทบุรี,ปากเกร็ด,อบต.บางตะไนย์,0.05,0.02
1388,2565,กรกฎาคม,นนทบุรี,ปากเกร็ด,อบต.อ้อมเกร็ด,0.0,0.0
1389,2565,กรกฎาคม,นนทบุรี,เมืองนนทบุรี,เทศบาลนครนนทบุรี,86.196,86.196
1390,2565,กรกฎาคม,นนทบุรี,เมืองนนทบุรี,เทศบาลเมืองไทรม้า,0.0,0.0
1391,2565,กรกฎาคม,นนทบุรี,เมืองนนทบุรี,เทศบาลเมืองบางกร่าง,0.0,0.0
1392,2565,กรกฎาคม,นนทบุรี,เมืองนนทบุรี,เทศบาลเมืองบางศรีเมือง,0.0,0.0
1393,2565,กรกฎาคม,นนทบุรี,เมืองนนทบุรี,อบต.บางไผ่,0.0,0.0
1394,2565,กรกฎาคม,นนทบุรี,เมืองนนทบุรี,อบต.บางรักน้อย,0.0,0.0
1395,2565,สิงหาคม,นนทบุรี,ไทรน้อย,เทศบาลตำบลไทรน้อย,0.0,0.0
1396,2565,สิงหาคม,นนทบุรี,ไทรน้อย,อบต.ขุนศรี,0.0,0.0
1397,2565,สิงหาคม,นนทบุรี,ไทรน้อย,อบต.คลองขวาง,0.0,0.0
1398,2565,สิงหาคม,นนทบุรี,ไทรน้อย,อบต.ทวีวัฒนา,0.1,0.1
1399,2565,สิงหาคม,นนทบุรี,ไทรน้อย,อบต.ไทรน้อย,0.0,0.0
1400,2565,สิงหาคม,นนทบุรี,ไทรน้อย,อบต.ไทรใหญ่,0.0,0.0
1401,2565,สิงหาคม,นนทบุรี,ไทรน้อย,อบต.ราษฎร์นิยม,0.0,0.0
1402,2565,สิงหาคม,นนทบุรี,ไทรน้อย,อบต.หนองเพรางาย,0.06,0.06
1403,2565,สิงหาคม,นนทบุรี,บางกรวย,เทศบาลเมืองบางกรวย,0.0,0.0
1404,2565,สิงหาคม,นนทบุรี,บางกรวย,เทศบาลตำบลบางสีทอง,0.094,0.094
1405,2565,สิงหาคม,นนทบุรี,บางกรวย,เทศบาลตำบลปลายบาง,5.12,5.12
1406,2565,สิงหาคม,นนทบุรี,บางกรวย,เทศบาลตำบลศาลากลาง,0.0,0.0
1407,2565,สิงหาคม,นนทบุรี,บางกรวย,อบต.บางขนุน,0.0,0.0
1408,2565,สิงหาคม,นนทบุรี,บางกรวย,อบต.บางขุนกอง,0.0,0.0
1409,2565,สิงหาคม,นนทบุรี,บางกรวย,อบต.มหาสวัสดิ์,0.5,0.5
1410,2565,สิงหาคม,นนทบุรี,บางบัวทอง,เทศบาลเมืองบางคูรัด,0.0,0.0
1411,2565,สิงหาคม,นนทบุรี,บางบัวทอง,เทศบาลเมืองบางบัวทอง,0.0,0.0
1412,2565,สิงหาคม,นนทบุรี,บางบัวทอง,เทศบาลเมืองบางรักพัฒนา,0.0,0.0
1413,2565,สิงหาคม,นนทบุรี,บางบัวทอง,เทศบาลเมืองพิมลราช,0.0,0.0
1414,2565,สิงหาคม,นนทบุรี,บางบัวทอง,เทศบาลเมืองใหม่บางบัวทอง,0.0,0.0
1415,2565,สิงหาคม,นนทบุรี,บางบัวทอง,อบต.บางรักใหญ่,0.0,0.0
1416,2565,สิงหาคม,นนทบุรี,บางบัวทอง,อบต.ละหาร,0.0,0.0
1417,2565,สิงหาคม,นนทบุรี,บางบัวทอง,อบต.ลำโพ,0.0,0.0
1418,2565,สิงหาคม,นนทบุรี,บางใหญ่,เทศบาลเมืองบางแม่นาง,0.0,0.0
1419,2565,สิงหาคม,นนทบุรี,บางใหญ่,เทศบาลตำบลบางม่วง,0.0,0.0
1420,2565,สิงหาคม,นนทบุรี,บางใหญ่,เทศบาลตำบลบางเลน,1.0,1.0
1421,2565,สิงหาคม,นนทบุรี,บางใหญ่,เทศบาลตำบลบางใหญ่,0.0,0.0
1422,2565,สิงหาคม,นนทบุรี,บางใหญ่,เทศบาลตำบลบ้านบางม่วง,0.0,0.0
1423,2565,สิงหาคม,นนทบุรี,บางใหญ่,เทศบาลตำบลเสาธงหิน,0.0,0.0
1424,2565,สิงหาคม,นนทบุรี,บางใหญ่,อบต.บางใหญ่,0.0,0.0
1425,2565,สิงหาคม,นนทบุรี,บางใหญ่,อบต.บ้านใหม่,0.005,0.005
1426,2565,สิงหาคม,นนทบุรี,ปากเกร็ด,เทศบาลนครปากเกร็ด,32.766,32.766
1427,2565,สิงหาคม,นนทบุรี,ปากเกร็ด,เทศบาลตำบลบางพลับ,0.021,0.021
1428,2565,สิงหาคม,นนทบุรี,ปากเกร็ด,อบต.เกาะเกร็ด,0.0,0.0
1429,2565,สิงหาคม,นนทบุรี,ปากเกร็ด,อบต.คลองข่อย,0.0,0.0
1430,2565,สิงหาคม,นนทบุรี,ปากเกร็ด,อบต.คลองพระอุดม,0.0,0.0
1431,2565,สิงหาคม,นนทบุรี,ปากเกร็ด,อบต.ท่าอิฐ,0.019,0.019
1432,2565,สิงหาคม,นนทบุรี,ปากเกร็ด,อบต.บางตะไนย์,0.05,0.05
1433,2565,สิงหาคม,นนทบุรี,ปากเกร็ด,อบต.อ้อมเกร็ด,0.0,0.0
1434,2565,สิงหาคม,นนทบุรี,เมืองนนทบุรี,เทศบาลนครนนทบุรี,71.078,71.078
1435,2565,สิงหาคม,นนทบุรี,เมืองนนทบุรี,เทศบาลเมืองไทรม้า,0.0,0.0
1436,2565,สิงหาคม,นนทบุรี,เมืองนนทบุรี,เทศบาลเมืองบางกร่าง,0.0,0.0
1437,2565,สิงหาคม,นนทบุรี,เมืองนนทบุรี,เทศบาลเมืองบางศรีเมือง,0.0,0.0
1438,2565,สิงหาคม,นนทบุรี,เมืองนนทบุรี,อบต.บางไผ่,0.0,0.0
1439,2565,สิงหาคม,นนทบุรี,เมืองนนทบุรี,อบต.บางรักน้อย,0.0,0.0
1440,2565,กันยายน,นนทบุรี,ไทรน้อย,เทศบาลตำบลไทรน้อย,0.0,0.0
1441,2565,กันยายน,นนทบุรี,ไทรน้อย,อบต.ขุนศรี,0.0,0.0
1442,2565,กันยายน,นนทบุรี,ไทรน้อย,อบต.คลองขวาง,0.0,0.0
1443,2565,กันยายน,นนทบุรี,ไทรน้อย,อบต.ทวีวัฒนา,0.0,0.0
1444,2565,กันยายน,นนทบุรี,ไทรน้อย,อบต.ไทรน้อย,0.0,0.0
1445,2565,กันยายน,นนทบุรี,ไทรน้อย,อบต.ไทรใหญ่,0.0,0.0
1446,2565,กันยายน,นนทบุรี,ไทรน้อย,อบต.ราษฎร์นิยม,0.0,0.0
1447,2565,กันยายน,นนทบุรี,ไทรน้อย,อบต.หนองเพรางาย,0.06,0.06
1448,2565,กันยายน,นนทบุรี,บางกรวย,เทศบาลเมืองบางกรวย,0.0,0.0
1449,2565,กันยายน,นนทบุรี,บางกรวย,เทศบาลตำบลบางสีทอง,0.094,0.094
1450,2565,กันยายน,นนทบุรี,บางกรวย,เทศบาลตำบลศาลากลาง,0.0,0.0
1451,2565,กันยายน,นนทบุรี,บางกรวย,อบต.บางขนุน,0.7,0.7
1452,2565,กันยายน,นนทบุรี,บางกรวย,อบต.บางขุนกอง,0.0,0.0
1453,2565,กันยายน,นนทบุรี,บางกรวย,อบต.มหาสวัสดิ์,0.5,0.5
1454,2565,กันยายน,นนทบุรี,บางบัวทอง,เทศบาลเมืองบางคูรัด,0.0,0.0
1455,2565,กันยายน,นนทบุรี,บางบัวทอง,เทศบาลเมืองบางบัวทอง,2.63,2.63
1456,2565,กันยายน,นนทบุรี,บางบัวทอง,เทศบาลเมืองบางรักพัฒนา,0.0,0.0
1457,2565,กันยายน,นนทบุรี,บางบัวทอง,เทศบาลเมืองพิมลราช,0.0,0.0
1458,2565,กันยายน,นนทบุรี,บางบัวทอง,เทศบาลเมืองใหม่บางบัวทอง,0.25,40.0
1459,2565,กันยายน,นนทบุรี,บางบัวทอง,อบต.บางรักใหญ่,0.0,0.0
1460,2565,กันยายน,นนทบุรี,บางบัวทอง,อบต.ละหาร,0.0,0.0
1461,2565,กันยายน,นนทบุรี,บางบัวทอง,อบต.ลำโพ,3.0,3.0
1462,2565,กันยายน,นนทบุรี,บางใหญ่,เทศบาลเมืองบางแม่นาง,0.0,0.0
1463,2565,กันยายน,นนทบุรี,บางใหญ่,เทศบาลตำบลบางม่วง,0.0,0.0
1464,2565,กันยายน,นนทบุรี,บางใหญ่,เทศบาลตำบลบางเลน,1.0,1.0
1465,2565,กันยายน,นนทบุรี,บางใหญ่,เทศบาลตำบลบางใหญ่,0.0,0.0
1466,2565,กันยายน,นนทบุรี,บางใหญ่,เทศบาลตำบลเสาธงหิน,0.0,0.0
1467,2565,กันยายน,นนทบุรี,บางใหญ่,อบต.บางใหญ่,0.0,0.0
1468,2565,กันยายน,นนทบุรี,บางใหญ่,อบต.บ้านใหม่,0.0,0.0
1469,2565,กันยายน,นนทบุรี,ปากเกร็ด,เทศบาลนครปากเกร็ด,29.72,29.72
1470,2565,กันยายน,นนทบุรี,ปากเกร็ด,เทศบาลตำบลบางพลับ,0.014,0.014
1471,2565,กันยายน,นนทบุรี,ปากเกร็ด,อบต.เกาะเกร็ด,0.0,0.0
1472,2565,กันยายน,นนทบุรี,ปากเกร็ด,อบต.คลองข่อย,0.0,0.0
1473,2565,กันยายน,นนทบุรี,ปากเกร็ด,อบต.คลองพระอุดม,0.0,0.0
1474,2565,กันยายน,นนทบุรี,ปากเกร็ด,อบต.ท่าอิฐ,0.01,0.01
1475,2565,กันยายน,นนทบุรี,ปากเกร็ด,อบต.บางตะไนย์,0.05,0.05
1476,2565,กันยายน,นนทบุรี,ปากเกร็ด,อบต.อ้อมเกร็ด,0.0,0.0
1477,2565,กันยายน,นนทบุรี,เมืองนนทบุรี,เทศบาลนครนนทบุรี,71.032,71.032
1478,2565,กันยายน,นนทบุรี,เมืองนนทบุรี,เทศบาลเมืองไทรม้า,0.0,0.0
1479,2565,กันยายน,นนทบุรี,เมืองนนทบุรี,เทศบาลเมืองบางกร่าง,1.0,1.0
1480,2565,กันยายน,นนทบุรี,เมืองนนทบุรี,เทศบาลเมืองบางศรีเมือง,0.0,0.0
1481,2565,กันยายน,นนทบุรี,เมืองนนทบุรี,อบต.บางไผ่,0.0,0.0
1482,2565,กันยายน,นนทบุรี,เมืองนนทบุรี,อบต.บางรักน้อย,0.0,0.0
1483,2565,ตุลาคม,นนทบุรี,ไทรน้อย,เทศบาลตำบลไทรน้อย,0.0,0.0
1484,2565,ตุลาคม,นนทบุรี,ไทรน้อย,อบต.ขุนศรี,0.0,0.0
1485,2565,ตุลาคม,นนทบุรี,ไทรน้อย,อบต.คลองขวาง,0.0,0.0
1486,2565,ตุลาคม,นนทบุรี,ไทรน้อย,อบต.ทวีวัฒนา,0.04,0.04
1487,2565,ตุลาคม,นนทบุรี,ไทรน้อย,อบต.ไทรน้อย,0.0,0.0
1488,2565,ตุลาคม,นนทบุรี,ไทรน้อย,อบต.ไทรใหญ่,0.0,0.0
1489,2565,ตุลาคม,นนทบุรี,ไทรน้อย,อบต.ราษฎร์นิยม,0.0,0.0
1490,2565,ตุลาคม,นนทบุรี,ไทรน้อย,อบต.หนองเพรางาย,0.06,0.06
1491,2565,ตุลาคม,นนทบุรี,บางกรวย,เทศบาลเมืองบางกรวย,0.0,0.0
1492,2565,ตุลาคม,นนทบุรี,บางกรวย,เทศบาลตำบลบางสีทอง,1.13,1.13
1493,2565,ตุลาคม,นนทบุรี,บางกรวย,เทศบาลตำบลศาลากลาง,0.0,0.0
1494,2565,ตุลาคม,นนทบุรี,บางกรวย,อบต.บางขนุน,0.7,0.7
1495,2565,ตุลาคม,นนทบุรี,บางกรวย,อบต.บางขุนกอง,0.0,0.0
1496,2565,ตุลาคม,นนทบุรี,บางกรวย,อบต.มหาสวัสดิ์,0.0,0.0
1497,2565,ตุลาคม,นนทบุรี,บางบัวทอง,เทศบาลเมืองบางคูรัด,0.0,0.0
1498,2565,ตุลาคม,นนทบุรี,บางบัวทอง,เทศบาลเมืองบางบัวทอง,2.5,2.5
1499,2565,ตุลาคม,นนทบุรี,บางบัวทอง,เทศบาลเมืองบางรักพัฒนา,0.0,0.0
1500,2565,ตุลาคม,นนทบุรี,บางบัวทอง,เทศบาลเมืองพิมลราช,0.0,0.0
1501,2565,ตุลาคม,นนทบุรี,บางบัวทอง,เทศบาลเมืองใหม่บางบัวทอง,40.0,40.0
1502,2565,ตุลาคม,นนทบุรี,บางบัวทอง,อบต.บางรักใหญ่,0.0,0.0
1503,2565,ตุลาคม,นนทบุรี,บางบัวทอง,อบต.ละหาร,1.5,0.0
1504,2565,ตุลาคม,นนทบุรี,บางบัวทอง,อบต.ลำโพ,0.0,0.0
1505,2565,ตุลาคม,นนทบุรี,บางใหญ่,เทศบาลเมืองบางแม่นาง,0.0,0.0
1506,2565,ตุลาคม,นนทบุรี,บางใหญ่,เทศบาลตำบลบางม่วง,0.04,0.04
1507,2565,ตุลาคม,นนทบุรี,บางใหญ่,เทศบาลตำบลบางเลน,1.0,1.0
1508,2565,ตุลาคม,นนทบุรี,บางใหญ่,เทศบาลตำบลบางใหญ่,0.0,0.0
1509,2565,ตุลาคม,นนทบุรี,บางใหญ่,เทศบาลตำบลบ้านบางม่วง,41.0,41.0
1510,2565,ตุลาคม,นนทบุรี,บางใหญ่,เทศบาลตำบลเสาธงหิน,0.0,0.0
1511,2565,ตุลาคม,นนทบุรี,บางใหญ่,อบต.บางใหญ่,0.0,0.0
1512,2565,ตุลาคม,นนทบุรี,บางใหญ่,อบต.บ้านใหม่,0.005,0.005
1513,2565,ตุลาคม,นนทบุรี,ปากเกร็ด,เทศบาลนครปากเกร็ด,32.837,32.837
1514,2565,ตุลาคม,นนทบุรี,ปากเกร็ด,เทศบาลตำบลบางพลับ,0.02,0.02
1515,2565,ตุลาคม,นนทบุรี,ปากเกร็ด,อบต.เกาะเกร็ด,0.0,0.0
1516,2565,ตุลาคม,นนทบุรี,ปากเกร็ด,อบต.คลองข่อย,0.0,0.0
1517,2565,ตุลาคม,นนทบุรี,ปากเกร็ด,อบต.คลองพระอุดม,0.0,0.0
1518,2565,ตุลาคม,นนทบุรี,ปากเกร็ด,อบต.ท่าอิฐ,0.012,0.012
1519,2565,ตุลาคม,นนทบุรี,ปากเกร็ด,อบต.บางตะไนย์,0.02,0.02
1520,2565,ตุลาคม,นนทบุรี,ปากเกร็ด,อบต.อ้อมเกร็ด,0.0,0.0
1521,2565,ตุลาคม,นนทบุรี,เมืองนนทบุรี,เทศบาลนครนนทบุรี,62.568,62.568
1522,2565,ตุลาคม,นนทบุรี,เมืองนนทบุรี,เทศบาลเมืองไทรม้า,0.0,0.0
1523,2565,ตุลาคม,นนทบุรี,เมืองนนทบุรี,เทศบาลเมืองบางกร่าง,0.08,0.08
1524,2565,ตุลาคม,นนทบุรี,เมืองนนทบุรี,เทศบาลเมืองบางศรีเมือง,0.0,0.0
1525,2565,ตุลาคม,นนทบุรี,เมืองนนทบุรี,อบต.บางไผ่,0.0,0.0
1526,2565,ตุลาคม,นนทบุรี,เมืองนนทบุรี,อบต.บางรักน้อย,0.0,0.0
1527,2565,พฤศจิกายน,นนทบุรี,ไทรน้อย,เทศบาลตำบลไทรน้อย,0.0,0.0
1528,2565,พฤศจิกายน,นนทบุรี,ไทรน้อย,อบต.ขุนศรี,0.0,0.0
1529,2565,พฤศจิกายน,นนทบุรี,ไทรน้อย,อบต.คลองขวาง,0.0,0.0
1530,2565,พฤศจิกายน,นนทบุรี,ไทรน้อย,อบต.ทวีวัฒนา,0.04,0.04
1531,2565,พฤศจิกายน,นนทบุรี,ไทรน้อย,อบต.ไทรน้อย,0.0,0.0
1532,2565,พฤศจิกายน,นนทบุรี,ไทรน้อย,อบต.ไทรใหญ่,0.0,0.0
1533,2565,พฤศจิกายน,นนทบุรี,ไทรน้อย,อบต.ราษฎร์นิยม,0.0,0.0
1534,2565,พฤศจิกายน,นนทบุรี,ไทรน้อย,อบต.หนองเพรางาย,0.06,0.06
1535,2565,พฤศจิกายน,นนทบุรี,บางกรวย,เทศบาลเมืองบางกรวย,0.0,0.0
1536,2565,พฤศจิกายน,นนทบุรี,บางกรวย,เทศบาลตำบลบางสีทอง,0.094,0.094
1537,2565,พฤศจิกายน,นนทบุรี,บางกรวย,เทศบาลตำบลปลายบาง,5.28,5.28
1538,2565,พฤศจิกายน,นนทบุรี,บางกรวย,เทศบาลตำบลศาลากลาง,0.0,0.0
1539,2565,พฤศจิกายน,นนทบุรี,บางกรวย,อบต.บางขนุน,0.495,0.495
1540,2565,พฤศจิกายน,นนทบุรี,บางกรวย,อบต.บางขุนกอง,0.0,0.0
1541,2565,พฤศจิกายน,นนทบุรี,บางกรวย,อบต.มหาสวัสดิ์,0.0,0.0
1542,2565,พฤศจิกายน,นนทบุรี,บางบัวทอง,เทศบาลเมืองบางคูรัด,0.0,0.0
1543,2565,พฤศจิกายน,นนทบุรี,บางบัวทอง,เทศบาลเมืองบางบัวทอง,2.28,2.28
1544,2565,พฤศจิกายน,นนทบุรี,บางบัวทอง,เทศบาลเมืองบางรักพัฒนา,0.0,0.0
1545,2565,พฤศจิกายน,นนทบุรี,บางบัวทอง,เทศบาลเมืองพิมลราช,0.0,0.0
1546,2565,พฤศจิกายน,นนทบุรี,บางบัวทอง,เทศบาลเมืองใหม่บางบัวทอง,20.0,20.0
1547,2565,พฤศจิกายน,นนทบุรี,บางบัวทอง,อบต.บางรักใหญ่,0.0,0.0
1548,2565,พฤศจิกายน,นนทบุรี,บางบัวทอง,อบต.ละหาร,0.0,0.0
1549,2565,พฤศจิกายน,นนทบุรี,บางบัวทอง,อบต.ลำโพ,0.0,0.0
1550,2565,พฤศจิกายน,นนทบุรี,บางใหญ่,เทศบาลเมืองบางแม่นาง,0.0,0.0
1551,2565,พฤศจิกายน,นนทบุรี,บางใหญ่,เทศบาลตำบลบางม่วง,0.0,0.0
1552,2565,พฤศจิกายน,นนทบุรี,บางใหญ่,เทศบาลตำบลบางเลน,0.021,0.021
1553,2565,พฤศจิกายน,นนทบุรี,บางใหญ่,เทศบาลตำบลบางใหญ่,0.0,0.0
1554,2565,พฤศจิกายน,นนทบุรี,บางใหญ่,เทศบาลตำบลบ้านบางม่วง,0.56,0.56
1555,2565,พฤศจิกายน,นนทบุรี,บางใหญ่,เทศบาลตำบลเสาธงหิน,0.0,0.0
1556,2565,พฤศจิกายน,นนทบุรี,บางใหญ่,อบต.บางใหญ่,0.5,0.5
1557,2565,พฤศจิกายน,นนทบุรี,บางใหญ่,อบต.บ้านใหม่,0.005,0.005
1558,2565,พฤศจิกายน,นนทบุรี,ปากเกร็ด,เทศบาลนครปากเกร็ด,30.427,30.427
1559,2565,พฤศจิกายน,นนทบุรี,ปากเกร็ด,เทศบาลตำบลบางพลับ,0.025,0.025
1560,2565,พฤศจิกายน,นนทบุรี,ปากเกร็ด,อบต.เกาะเกร็ด,0.0,0.0
1561,2565,พฤศจิกายน,นนทบุรี,ปากเกร็ด,อบต.คลองข่อย,0.0,0.0
1562,2565,พฤศจิกายน,นนทบุรี,ปากเกร็ด,อบต.คลองพระอุดม,0.0,0.0
1563,2565,พฤศจิกายน,นนทบุรี,ปากเกร็ด,อบต.ท่าอิฐ,0.05,0.05
1564,2565,พฤศจิกายน,นนทบุรี,ปากเกร็ด,อบต.บางตะไนย์,0.02,0.02
1565,2565,พฤศจิกายน,นนทบุรี,ปากเกร็ด,อบต.อ้อมเกร็ด,0.0,0.0
1566,2565,พฤศจิกายน,นนทบุรี,เมืองนนทบุรี,เทศบาลนครนนทบุรี,62.263,62.263
1567,2565,พฤศจิกายน,นนทบุรี,เมืองนนทบุรี,เทศบาลเมืองไทรม้า,0.0,0.0
1568,2565,พฤศจิกายน,นนทบุรี,เมืองนนทบุรี,เทศบาลเมืองบางกร่าง,0.08,0.08
1569,2565,พฤศจิกายน,นนทบุรี,เมืองนนทบุรี,เทศบาลเมืองบางศรีเมือง,0.0,0.0
1570,2565,พฤศจิกายน,นนทบุรี,เมืองนนทบุรี,อบต.บางไผ่,0.0,0.0
1571,2565,พฤศจิกายน,นนทบุรี,เมืองนนทบุรี,อบต.บางรักน้อย,0.0,0.0
1572,2565,ธันวาคม,นนทบุรี,ไทรน้อย,เทศบาลตำบลไทรน้อย,0.0,0.0
1573,2565,ธันวาคม,นนทบุรี,ไทรน้อย,อบต.ขุนศรี,0.0,0.0
1574,2565,ธันวาคม,นนทบุรี,ไทรน้อย,อบต.คลองขวาง,0.0,0.0
1575,2565,ธันวาคม,นนทบุรี,ไทรน้อย,อบต.ทวีวัฒนา,0.04,0.04
1576,2565,ธันวาคม,นนทบุรี,ไทรน้อย,อบต.ไทรน้อย,0.0,0.0
1577,2565,ธันวาคม,นนทบุรี,ไทรน้อย,อบต.ไทรใหญ่,0.0,0.0
1578,2565,ธันวาคม,นนทบุรี,ไทรน้อย,อบต.ราษฎร์นิยม,0.0,0.0
1579,2565,ธันวาคม,นนทบุรี,ไทรน้อย,อบต.หนองเพรางาย,0.06,0.06
1580,2565,ธันวาคม,นนทบุรี,บางกรวย,เทศบาลเมืองบางกรวย,0.0,0.0
1581,2565,ธันวาคม,นนทบุรี,บางกรวย,เทศบาลตำบลบางสีทอง,0.094,0.094
1582,2565,ธันวาคม,นนทบุรี,บางกรวย,เทศบาลตำบลปลายบาง,5.28,5.28
1583,2565,ธันวาคม,นนทบุรี,บางกรวย,เทศบาลตำบลศาลากลาง,0.0,0.0
1584,2565,ธันวาคม,นนทบุรี,บางกรวย,อบต.บางขนุน,0.495,0.7
1585,2565,ธันวาคม,นนทบุรี,บางกรวย,อบต.บางขุนกอง,0.0,0.0
1586,2565,ธันวาคม,นนทบุรี,บางกรวย,อบต.มหาสวัสดิ์,0.0,0.0
1587,2565,ธันวาคม,นนทบุรี,บางบัวทอง,เทศบาลเมืองบางคูรัด,0.0,0.0
1588,2565,ธันวาคม,นนทบุรี,บางบัวทอง,เทศบาลเมืองบางบัวทอง,4.2,4.2
1589,2565,ธันวาคม,นนทบุรี,บางบัวทอง,เทศบาลเมืองบางรักพัฒนา,0.0,0.0
1590,2565,ธันวาคม,นนทบุรี,บางบัวทอง,เทศบาลเมืองพิมลราช,0.0,0.0
1591,2565,ธันวาคม,นนทบุรี,บางบัวทอง,เทศบาลเมืองใหม่บางบัวทอง,40.0,40.0
1592,2565,ธันวาคม,นนทบุรี,บางบัวทอง,อบต.บางรักใหญ่,0.0,0.0
1593,2565,ธันวาคม,นนทบุรี,บางบัวทอง,อบต.ละหาร,0.0,0.0
1594,2565,ธันวาคม,นนทบุรี,บางบัวทอง,อบต.ลำโพ,0.0,0.0
1595,2565,ธันวาคม,นนทบุรี,บางใหญ่,เทศบาลเมืองบางแม่นาง,0.0,0.0
1596,2565,ธันวาคม,นนทบุรี,บางใหญ่,เทศบาลตำบลบางม่วง,0.0,0.0
1597,2565,ธันวาคม,นนทบุรี,บางใหญ่,เทศบาลตำบลบางเลน,0.02,0.02
1598,2565,ธันวาคม,นนทบุรี,บางใหญ่,เทศบาลตำบลบางใหญ่,0.0,0.0
1599,2565,ธันวาคม,นนทบุรี,บางใหญ่,เทศบาลตำบลบ้านบางม่วง,0.34,0.34
1600,2565,ธันวาคม,นนทบุรี,บางใหญ่,เทศบาลตำบลเสาธงหิน,0.0,0.0
1601,2565,ธันวาคม,นนทบุรี,บางใหญ่,อบต.บางใหญ่,0.2,0.2
1602,2565,ธันวาคม,นนทบุรี,บางใหญ่,อบต.บ้านใหม่,0.008,0.008
1603,2565,ธันวาคม,นนทบุรี,ปากเกร็ด,เทศบาลนครปากเกร็ด,30.778,30.778
1604,2565,ธันวาคม,นนทบุรี,ปากเกร็ด,เทศบาลตำบลบางพลับ,0.02,0.02
1605,2565,ธันวาคม,นนทบุรี,ปากเกร็ด,อบต.เกาะเกร็ด,0.0,0.0
1606,2565,ธันวาคม,นนทบุรี,ปากเกร็ด,อบต.คลองข่อย,0.0,0.0
1607,2565,ธันวาคม,นนทบุรี,ปากเกร็ด,อบต.คลองพระอุดม,0.0,0.0
1608,2565,ธันวาคม,นนทบุรี,ปากเกร็ด,อบต.ท่าอิฐ,0.125,0.125
1609,2565,ธันวาคม,นนทบุรี,ปากเกร็ด,อบต.บางตะไนย์,0.03,0.03
1610,2565,ธันวาคม,นนทบุรี,ปากเกร็ด,อบต.อ้อมเกร็ด,0.0,0.0
1611,2565,ธันวาคม,นนทบุรี,เมืองนนทบุรี,เทศบาลนครนนทบุรี,63.257,63.257
1612,2565,ธันวาคม,นนทบุรี,เมืองนนทบุรี,เทศบาลเมืองไทรม้า,0.0,0.0
1613,2565,ธันวาคม,นนทบุรี,เมืองนนทบุรี,เทศบาลเมืองบางกร่าง,0.09,0.09
1614,2565,ธันวาคม,นนทบุรี,เมืองนนทบุรี,เทศบาลเมืองบางศรีเมือง,0.0,0.0
1615,2565,ธันวาคม,นนทบุรี,เมืองนนทบุรี,อบต.บางไผ่,0.0,0.0
1616,2565,ธันวาคม,นนทบุรี,เมืองนนทบุรี,อบต.บางรักน้อย,0.0,734095.0
1617,2566,นนทบุรี,มกราคม,ไทรน้อย,เทศบาลตำบลไทรน้อย,0.0,0.0
1618,2566,นนทบุรี,มกราคม,ไทรน้อย,อบต.ขุนศรี,0.0,0.0
1619,2566,นนทบุรี,มกราคม,ไทรน้อย,อบต.คลองขวาง,0.0,0.0
1620,2566,นนทบุรี,มกราคม,ไทรน้อย,อบต.ทวีวัฒนา,0.0,0.0
1621,2566,นนทบุรี,มกราคม,ไทรน้อย,อบต.ไทรน้อย,0.0,0.0
1622,2566,นนทบุรี,มกราคม,ไทรน้อย,อบต.ไทรใหญ่,0.04,0.04
1623,2566,นนทบุรี,มกราคม,ไทรน้อย,อบต.ราษฎร์นิยม,0.0,0.0
1624,2566,นนทบุรี,มกราคม,ไทรน้อย,อบต.หนองเพรางาย,0.06,0.06
1625,2566,นนทบุรี,มกราคม,บางกรวย,เทศบาลเมืองบางกรวย,0.0,0.0
1626,2566,นนทบุรี,มกราคม,บางกรวย,เทศบาลตำบลบางสีทอง,0.8,0.8
1627,2566,นนทบุรี,มกราคม,บางกรวย,เทศบาลตำบลปลายบาง,5.04,5.04
1628,2566,นนทบุรี,มกราคม,บางกรวย,เทศบาลตำบลศาลากลาง,0.05,0.05
1629,2566,นนทบุรี,มกราคม,บางกรวย,อบต.บางขนุน,0.0,0.0
1630,2566,นนทบุรี,มกราคม,บางกรวย,อบต.บางขุนกอง,0.0,0.0
1631,2566,นนทบุรี,มกราคม,บางกรวย,อบต.มหาสวัสดิ์,0.5,0.5
1632,2566,นนทบุรี,มกราคม,บางบัวทอง,เทศบาลนครบางบัวทอง,2.17,2.17
1633,2566,นนทบุรี,มกราคม,บางบัวทอง,เทศบาลเมืองบางคูรัด,0.0,0.0
1634,2566,นนทบุรี,มกราคม,บางบัวทอง,เทศบาลเมืองบางรักพัฒนา,0.0,0.0
1635,2566,นนทบุรี,มกราคม,บางบัวทอง,เทศบาลเมืองพิมลราช,0.0,0.0
1636,2566,นนทบุรี,มกราคม,บางบัวทอง,เทศบาลเมืองใหม่บางบัวทอง,0.25,0.25
1637,2566,นนทบุรี,มกราคม,บางบัวทอง,อบต.บางรักใหญ่,0.0,0.0
1638,2566,นนทบุรี,มกราคม,บางบัวทอง,อบต.ละหาร,0.0,0.0
1639,2566,นนทบุรี,มกราคม,บางบัวทอง,อบต.ลำโพ,0.0,0.0
1640,2566,นนทบุรี,มกราคม,บางใหญ่,เทศบาลเมืองบางแม่นาง,0.0,0.0
1641,2566,นนทบุรี,มกราคม,บางใหญ่,เทศบาลเมืองเสาธงหิน,0.0,0.0
1642,2566,นนทบุรี,มกราคม,บางใหญ่,เทศบาลตำบลบางม่วง,0.027,0.027
1643,2566,นนทบุรี,มกราคม,บางใหญ่,เทศบาลตำบลบางเลน,0.015,0.015
1644,2566,นนทบุรี,มกราคม,บางใหญ่,เทศบาลตำบลบางใหญ่,0.0,0.0
1645,2566,นนทบุรี,มกราคม,บางใหญ่,อบต.บางใหญ่,0.0,0.0
1646,2566,นนทบุรี,มกราคม,บางใหญ่,อบต.บ้านใหม่,0.0,0.0
1647,2566,นนทบุรี,มกราคม,ปากเกร็ด,เทศบาลนครปากเกร็ด,29.314,29.314
1648,2566,นนทบุรี,มกราคม,ปากเกร็ด,เทศบาลตำบลบางพลับ,0.015,0.015
1649,2566,นนทบุรี,มกราคม,ปากเกร็ด,อบต.เกาะเกร็ด,0.0,0.0
1650,2566,นนทบุรี,มกราคม,ปากเกร็ด,อบต.คลองข่อย,0.001,0.001
1651,2566,นนทบุรี,มกราคม,ปากเกร็ด,อบต.คลองพระอุดม,0.0,0.0
1652,2566,นนทบุรี,มกราคม,ปากเกร็ด,อบต.ท่าอิฐ,0.01,0.01
1653,2566,นนทบุรี,มกราคม,ปากเกร็ด,อบต.บางตะไนย์,0.05,0.03
1654,2566,นนทบุรี,มกราคม,ปากเกร็ด,อบต.อ้อมเกร็ด,0.0,0.0
1655,2566,นนทบุรี,มกราคม,เมืองนนทบุรี,เทศบาลนครนนทบุรี,80.077,80.077
1656,2566,นนทบุรี,มกราคม,เมืองนนทบุรี,เทศบาลเมืองไทรม้า,0.0,0.0
1657,2566,นนทบุรี,มกราคม,เมืองนนทบุรี,เทศบาลเมืองบางกร่าง,1.0,1.0
1658,2566,นนทบุรี,มกราคม,เมืองนนทบุรี,เทศบาลเมืองบางศรีเมือง,0.0,0.0
1659,2566,นนทบุรี,มกราคม,เมืองนนทบุรี,อบต.บางไผ่,0.0,0.0
1660,2566,นนทบุรี,มกราคม,เมืองนนทบุรี,อบต.บางรักน้อย,0.0,0.0
1661,2566,นนทบุรี,กุมภาพันธ์,ไทรน้อย,เทศบาลตำบลไทรน้อย,0.0,0.0
1662,2566,นนทบุรี,กุมภาพันธ์,ไทรน้อย,อบต.ขุนศรี,0.0,0.0
1663,2566,นนทบุรี,กุมภาพันธ์,ไทรน้อย,อบต.คลองขวาง,0.0,0.0
1664,2566,นนทบุรี,กุมภาพันธ์,ไทรน้อย,อบต.ทวีวัฒนา,0.0,0.0
1665,2566,นนทบุรี,กุมภาพันธ์,ไทรน้อย,อบต.ไทรน้อย,0.0,0.0
1666,2566,นนทบุรี,กุมภาพันธ์,ไทรน้อย,อบต.ไทรใหญ่,0.04,0.04
1667,2566,นนทบุรี,กุมภาพันธ์,ไทรน้อย,อบต.ราษฎร์นิยม,0.0,0.0
1668,2566,นนทบุรี,กุมภาพันธ์,ไทรน้อย,อบต.หนองเพรางาย,0.06,0.06
1669,2566,นนทบุรี,กุมภาพันธ์,บางกรวย,เทศบาลเมืองบางกรวย,0.0,0.0
1670,2566,นนทบุรี,กุมภาพันธ์,บางกรวย,เทศบาลตำบลบางสีทอง,0.8,0.8
1671,2566,นนทบุรี,กุมภาพันธ์,บางกรวย,เทศบาลตำบลปลายบาง,5.76,5.76
1672,2566,นนทบุรี,กุมภาพันธ์,บางกรวย,เทศบาลตำบลศาลากลาง,0.0,0.0
1673,2566,นนทบุรี,กุมภาพันธ์,บางกรวย,อบต.บางขนุน,0.0,0.0
1674,2566,นนทบุรี,กุมภาพันธ์,บางกรวย,อบต.บางขุนกอง,0.0,0.0
1675,2566,นนทบุรี,กุมภาพันธ์,บางกรวย,อบต.มหาสวัสดิ์,0.5,0.5
1676,2566,นนทบุรี,กุมภาพันธ์,บางบัวทอง,เทศบาลนครบางบัวทอง,2.14,2.14
1677,2566,นนทบุรี,กุมภาพันธ์,บางบัวทอง,เทศบาลเมืองบางคูรัด,0.0,0.0
1678,2566,นนทบุรี,กุมภาพันธ์,บางบัวทอง,เทศบาลเมืองบางรักพัฒนา,0.0,0.0
1679,2566,นนทบุรี,กุมภาพันธ์,บางบัวทอง,เทศบาลเมืองพิมลราช,0.0,0.0
1680,2566,นนทบุรี,กุมภาพันธ์,บางบัวทอง,เทศบาลเมืองใหม่บางบัวทอง,0.25,0.25
1681,2566,นนทบุรี,กุมภาพันธ์,บางบัวทอง,อบต.บางรักใหญ่,0.0,0.0
1682,2566,นนทบุรี,กุมภาพันธ์,บางบัวทอง,อบต.ละหาร,0.0,0.0
1683,2566,นนทบุรี,กุมภาพันธ์,บางบัวทอง,อบต.ลำโพ,0.0,0.0
1684,2566,นนทบุรี,กุมภาพันธ์,บางใหญ่,เทศบาลเมืองบางแม่นาง,0.0,0.0
1685,2566,นนทบุรี,กุมภาพันธ์,บางใหญ่,เทศบาลเมืองเสาธงหิน,0.0,0.0
1686,2566,นนทบุรี,กุมภาพันธ์,บางใหญ่,เทศบาลตำบลบางม่วง,0.0,0.0
1687,2566,นนทบุรี,กุมภาพันธ์,บางใหญ่,เทศบาลตำบลบางเลน,0.015,0.015
1688,2566,นนทบุรี,กุมภาพันธ์,บางใหญ่,เทศบาลตำบลบางใหญ่,0.0,0.0
1689,2566,นนทบุรี,กุมภาพันธ์,บางใหญ่,อบต.บางใหญ่,0.0,0.0
1690,2566,นนทบุรี,กุมภาพันธ์,บางใหญ่,อบต.บ้านใหม่,0.0,0.0
1691,2566,นนทบุรี,กุมภาพันธ์,ปากเกร็ด,เทศบาลนครปากเกร็ด,27.348,27.348
1692,2566,นนทบุรี,กุมภาพันธ์,ปากเกร็ด,เทศบาลตำบลบางพลับ,0.017,0.017
1693,2566,นนทบุรี,กุมภาพันธ์,ปากเกร็ด,อบต.เกาะเกร็ด,0.0,0.0
1694,2566,นนทบุรี,กุมภาพันธ์,ปากเกร็ด,อบต.คลองข่อย,0.001,0.001
1695,2566,นนทบุรี,กุมภาพันธ์,ปากเกร็ด,อบต.คลองพระอุดม,0.0,0.0
1696,2566,นนทบุรี,กุมภาพันธ์,ปากเกร็ด,อบต.ท่าอิฐ,0.01,0.01
1697,2566,นนทบุรี,กุมภาพันธ์,ปากเกร็ด,อบต.บางตะไนย์,0.05,0.03
1698,2566,นนทบุรี,กุมภาพันธ์,ปากเกร็ด,อบต.อ้อมเกร็ด,0.0,0.0
1699,2566,นนทบุรี,กุมภาพันธ์,เมืองนนทบุรี,เทศบาลนครนนทบุรี,73.215,73.215
1700,2566,นนทบุรี,กุมภาพันธ์,เมืองนนทบุรี,เทศบาลเมืองไทรม้า,0.0,0.0
1701,2566,นนทบุรี,กุมภาพันธ์,เมืองนนทบุรี,เทศบาลเมืองบางกร่าง,1.02,1.02
1702,2566,นนทบุรี,กุมภาพันธ์,เมืองนนทบุรี,เทศบาลเมืองบางศรีเมือง,0.0,0.0
1703,2566,นนทบุรี,กุมภาพันธ์,เมืองนนทบุรี,อบต.บางไผ่,0.0,0.0
1704,2566,นนทบุรี,กุมภาพันธ์,เมืองนนทบุรี,อบต.บางรักน้อย,0.03,0.03
1705,2566,นนทบุรี,มีนาคม,ไทรน้อย,เทศบาลตำบลไทรน้อย,0.0,0.0
1706,2566,นนทบุรี,มีนาคม,ไทรน้อย,อบต.ขุนศรี,0.0,0.0
1707,2566,นนทบุรี,มีนาคม,ไทรน้อย,อบต.คลองขวาง,0.0,0.0
1708,2566,นนทบุรี,มีนาคม,ไทรน้อย,อบต.ทวีวัฒนา,0.0,0.0
1709,2566,นนทบุรี,มีนาคม,ไทรน้อย,อบต.ไทรน้อย,0.0,0.0
1710,2566,นนทบุรี,มีนาคม,ไทรน้อย,อบต.ไทรใหญ่,0.04,0.04
1711,2566,นนทบุรี,มีนาคม,ไทรน้อย,อบต.ราษฎร์นิยม,0.0,0.0
1712,2566,นนทบุรี,มีนาคม,ไทรน้อย,อบต.หนองเพรางาย,0.06,0.06
1713,2566,นนทบุรี,มีนาคม,บางกรวย,เทศบาลเมืองบางกรวย,0.0,0.0
1714,2566,นนทบุรี,มีนาคม,บางกรวย,เทศบาลตำบลบางสีทอง,0.8,0.8
1715,2566,นนทบุรี,มีนาคม,บางกรวย,เทศบาลตำบลปลายบาง,5.28,5.28
1716,2566,นนทบุรี,มีนาคม,บางกรวย,เทศบาลตำบลศาลากลาง,0.0,0.0
1717,2566,นนทบุรี,มีนาคม,บางกรวย,อบต.บางขนุน,0.0,0.0
1718,2566,นนทบุรี,มีนาคม,บางกรวย,อบต.บางขุนกอง,0.0,0.0
1719,2566,นนทบุรี,มีนาคม,บางกรวย,อบต.มหาสวัสดิ์,0.5,0.5
1720,2566,นนทบุรี,มีนาคม,บางบัวทอง,เทศบาลนครบางบัวทอง,2.35,2.35
1721,2566,นนทบุรี,มีนาคม,บางบัวทอง,เทศบาลเมืองบางคูรัด,0.0,0.0
1722,2566,นนทบุรี,มีนาคม,บางบัวทอง,เทศบาลเมืองบางรักพัฒนา,0.0,0.0
1723,2566,นนทบุรี,มีนาคม,บางบัวทอง,เทศบาลเมืองพิมลราช,0.0,0.0
1724,2566,นนทบุรี,มีนาคม,บางบัวทอง,เทศบาลเมืองใหม่บางบัวทอง,20.0,5.0
1725,2566,นนทบุรี,มีนาคม,บางบัวทอง,อบต.บางรักใหญ่,0.0,0.0
1726,2566,นนทบุรี,มีนาคม,บางบัวทอง,อบต.ละหาร,0.0,0.0
1727,2566,นนทบุรี,มีนาคม,บางบัวทอง,อบต.ลำโพ,0.0,0.0
1728,2566,นนทบุรี,มีนาคม,บางใหญ่,เทศบาลเมืองบางแม่นาง,0.0,0.0
1729,2566,นนทบุรี,มีนาคม,บางใหญ่,เทศบาลเมืองเสาธงหิน,0.0,0.0
1730,2566,นนทบุรี,มีนาคม,บางใหญ่,เทศบาลตำบลบางม่วง,0.021,0.021
1731,2566,นนทบุรี,มีนาคม,บางใหญ่,เทศบาลตำบลบางเลน,0.015,0.015
1732,2566,นนทบุรี,มีนาคม,บางใหญ่,เทศบาลตำบลบางใหญ่,0.0,0.0
1733,2566,นนทบุรี,มีนาคม,บางใหญ่,อบต.บางใหญ่,0.0,0.0
1734,2566,นนทบุรี,มีนาคม,บางใหญ่,อบต.บ้านใหม่,0.0,0.0
1735,2566,นนทบุรี,มีนาคม,ปากเกร็ด,เทศบาลนครปากเกร็ด,28.086,28.086
1736,2566,นนทบุรี,มีนาคม,ปากเกร็ด,เทศบาลตำบลบางพลับ,0.014,0.014
1737,2566,นนทบุรี,มีนาคม,ปากเกร็ด,อบต.เกาะเกร็ด,0.0,0.0
1738,2566,นนทบุรี,มีนาคม,ปากเกร็ด,อบต.คลองข่อย,0.001,0.001
1739,2566,นนทบุรี,มีนาคม,ปากเกร็ด,อบต.คลองพระอุดม,0.0,0.0
1740,2566,นนทบุรี,มีนาคม,ปากเกร็ด,อบต.ท่าอิฐ,0.01,0.01
1741,2566,นนทบุรี,มีนาคม,ปากเกร็ด,อบต.บางตะไนย์,0.05,0.03
1742,2566,นนทบุรี,มีนาคม,ปากเกร็ด,อบต.อ้อมเกร็ด,0.0,0.0
1743,2566,นนทบุรี,มีนาคม,เมืองนนทบุรี,เทศบาลนครนนทบุรี,82.641,82.641
1744,2566,นนทบุรี,มีนาคม,เมืองนนทบุรี,เทศบาลเมืองไทรม้า,0.0,0.0
1745,2566,นนทบุรี,มีนาคม,เมืองนนทบุรี,เทศบาลเมืองบางกร่าง,1.02,1.02
1746,2566,นนทบุรี,มีนาคม,เมืองนนทบุรี,เทศบาลเมืองบางศรีเมือง,0.0,0.0
1747,2566,นนทบุรี,มีนาคม,เมืองนนทบุรี,อบต.บางไผ่,0.0,0.0
1748,2566,นนทบุรี,มีนาคม,เมืองนนทบุรี,อบต.บางรักน้อย,0.03,0.03
1749,2566,นนทบุรี,เมษายน,ไทรน้อย,เทศบาลตำบลไทรน้อย,0.0,0.0
1750,2566,นนทบุรี,เมษายน,ไทรน้อย,อบต.ขุนศรี,0.0,0.0
1751,2566,นนทบุรี,เมษายน,ไทรน้อย,อบต.คลองขวาง,0.0,0.0
1752,2566,นนทบุรี,เมษายน,ไทรน้อย,อบต.ทวีวัฒนา,0.0,0.0
1753,2566,นนทบุรี,เมษายน,ไทรน้อย,อบต.ไทรน้อย,0.0,0.0
1754,2566,นนทบุรี,เมษายน,ไทรน้อย,อบต.ไทรใหญ่,0.04,0.0
1755,2566,นนทบุรี,เมษายน,ไทรน้อย,อบต.ราษฎร์นิยม,0.0,0.0
1756,2566,นนทบุรี,เมษายน,ไทรน้อย,อบต.หนองเพรางาย,0.06,0.0
1757,2566,นนทบุรี,เมษายน,บางกรวย,เทศบาลเมืองบางกรวย,0.0,0.0
1758,2566,นนทบุรี,เมษายน,บางกรวย,เทศบาลตำบลบางสีทอง,0.8,0.0
1759,2566,นนทบุรี,เมษายน,บางกรวย,เทศบาลตำบลปลายบาง,5.28,0.62
1760,2566,นนทบุรี,เมษายน,บางกรวย,เทศบาลตำบลศาลากลาง,0.0,0.0
1761,2566,นนทบุรี,เมษายน,บางกรวย,อบต.บางขนุน,0.0,0.0
1762,2566,นนทบุรี,เมษายน,บางกรวย,อบต.บางขุนกอง,0.0,0.0
1763,2566,นนทบุรี,เมษายน,บางกรวย,อบต.มหาสวัสดิ์,0.5,0.0
1764,2566,นนทบุรี,เมษายน,บางบัวทอง,เทศบาลนครบางบัวทอง,2.15,0.0
1765,2566,นนทบุรี,เมษายน,บางบัวทอง,เทศบาลเมืองบางคูรัด,0.0,0.0
1766,2566,นนทบุรี,เมษายน,บางบัวทอง,เทศบาลเมืองบางรักพัฒนา,0.0,0.0
1767,2566,นนทบุรี,เมษายน,บางบัวทอง,เทศบาลเมืองพิมลราช,0.0,0.0
1768,2566,นนทบุรี,เมษายน,บางบัวทอง,เทศบาลเมืองใหม่บางบัวทอง,5.0,0.0
1769,2566,นนทบุรี,เมษายน,บางบัวทอง,อบต.บางรักใหญ่,0.0,0.0
1770,2566,นนทบุรี,เมษายน,บางบัวทอง,อบต.ละหาร,0.0,0.0
1771,2566,นนทบุรี,เมษายน,บางบัวทอง,อบต.ลำโพ,0.0,0.0
1772,2566,นนทบุรี,เมษายน,บางใหญ่,เทศบาลเมืองบางแม่นาง,0.0,0.0
1773,2566,นนทบุรี,เมษายน,บางใหญ่,เทศบาลเมืองเสาธงหิน,0.0,0.0
1774,2566,นนทบุรี,เมษายน,บางใหญ่,เทศบาลตำบลบางม่วง,0.009,0.0
1775,2566,นนทบุรี,เมษายน,บางใหญ่,เทศบาลตำบลบางเลน,0.015,0.0
1776,2566,นนทบุรี,เมษายน,บางใหญ่,เทศบาลตำบลบางใหญ่,0.0,0.0
1777,2566,นนทบุรี,เมษายน,บางใหญ่,อบต.บางใหญ่,0.0,0.0
1778,2566,นนทบุรี,เมษายน,บางใหญ่,อบต.บ้านใหม่,0.0,0.0
1779,2566,นนทบุรี,เมษายน,ปากเกร็ด,เทศบาลนครปากเกร็ด,25.441,0.0
1780,2566,นนทบุรี,เมษายน,ปากเกร็ด,เทศบาลตำบลบางพลับ,0.012,0.0
1781,2566,นนทบุรี,เมษายน,ปากเกร็ด,อบต.เกาะเกร็ด,0.0,0.0
1782,2566,นนทบุรี,เมษายน,ปากเกร็ด,อบต.คลองข่อย,0.001,0.0
1783,2566,นนทบุรี,เมษายน,ปากเกร็ด,อบต.คลองพระอุดม,0.0,0.0
1784,2566,นนทบุรี,เมษายน,ปากเกร็ด,อบต.ท่าอิฐ,0.01,0.0
1785,2566,นนทบุรี,เมษายน,ปากเกร็ด,อบต.บางตะไนย์,0.03,0.0
1786,2566,นนทบุรี,เมษายน,ปากเกร็ด,อบต.อ้อมเกร็ด,0.0,0.0
1787,2566,นนทบุรี,เมษายน,เมืองนนทบุรี,เทศบาลนครนนทบุรี,85.189,428.45
1788,2566,นนทบุรี,เมษายน,เมืองนนทบุรี,เทศบาลเมืองไทรม้า,0.0,0.0
1789,2566,นนทบุรี,เมษายน,เมืองนนทบุรี,เทศบาลเมืองบางกร่าง,1.02,0.0
1790,2566,นนทบุรี,เมษายน,เมืองนนทบุรี,เทศบาลเมืองบางศรีเมือง,0.0,0.0
1791,2566,นนทบุรี,เมษายน,เมืองนนทบุรี,อบต.บางไผ่,0.0,0.0
1792,2566,นนทบุรี,เมษายน,เมืองนนทบุรี,อบต.บางรักน้อย,0.03,0.0
1793,2566,นนทบุรี,พฤษภาคม,ไทรน้อย,เทศบาลตำบลไทรน้อย,0.0,0.0
1794,2566,นนทบุรี,พฤษภาคม,ไทรน้อย,อบต.ขุนศรี,0.0,0.0
1795,2566,นนทบุรี,พฤษภาคม,ไทรน้อย,อบต.คลองขวาง,0.0,0.0
1796,2566,นนทบุรี,พฤษภาคม,ไทรน้อย,อบต.ทวีวัฒนา,0.0,0.0
1797,2566,นนทบุรี,พฤษภาคม,ไทรน้อย,อบต.ไทรน้อย,0.0,0.0
1798,2566,นนทบุรี,พฤษภาคม,ไทรน้อย,อบต.ไทรใหญ่,0.04,0.04
1799,2566,นนทบุรี,พฤษภาคม,ไทรน้อย,อบต.ราษฎร์นิยม,0.0,0.0
1800,2566,นนทบุรี,พฤษภาคม,ไทรน้อย,อบต.หนองเพรางาย,0.06,0.06
1801,2566,นนทบุรี,พฤษภาคม,บางกรวย,เทศบาลเมืองบางกรวย,0.0,0.0
1802,2566,นนทบุรี,พฤษภาคม,บางกรวย,เทศบาลตำบลบางสีทอง,0.8,0.8
1803,2566,นนทบุรี,พฤษภาคม,บางกรวย,เทศบาลตำบลปลายบาง,10.56,10.56
1804,2566,นนทบุรี,พฤษภาคม,บางกรวย,เทศบาลตำบลศาลากลาง,0.0,0.0
1805,2566,นนทบุรี,พฤษภาคม,บางกรวย,อบต.บางขนุน,0.0,0.0
1806,2566,นนทบุรี,พฤษภาคม,บางกรวย,อบต.บางขุนกอง,0.0,0.0
1807,2566,นนทบุรี,พฤษภาคม,บางกรวย,อบต.มหาสวัสดิ์,0.5,0.5
1808,2566,นนทบุรี,พฤษภาคม,บางบัวทอง,เทศบาลนครบางบัวทอง,2.15,2.15
1809,2566,นนทบุรี,พฤษภาคม,บางบัวทอง,เทศบาลเมืองบางคูรัด,0.0,0.0
1810,2566,นนทบุรี,พฤษภาคม,บางบัวทอง,เทศบาลเมืองบางรักพัฒนา,0.0,0.0
1811,2566,นนทบุรี,พฤษภาคม,บางบัวทอง,เทศบาลเมืองพิมลราช,0.0,0.0
1812,2566,นนทบุรี,พฤษภาคม,บางบัวทอง,เทศบาลเมืองใหม่บางบัวทอง,0.25,70.0
1813,2566,นนทบุรี,พฤษภาคม,บางบัวทอง,อบต.บางรักใหญ่,0.0,0.0
1814,2566,นนทบุรี,พฤษภาคม,บางบัวทอง,อบต.ละหาร,0.0,0.0
1815,2566,นนทบุรี,พฤษภาคม,บางบัวทอง,อบต.ลำโพ,0.0,0.0
1816,2566,นนทบุรี,พฤษภาคม,บางใหญ่,เทศบาลเมืองบางแม่นาง,0.0,0.0
1817,2566,นนทบุรี,พฤษภาคม,บางใหญ่,เทศบาลเมืองเสาธงหิน,0.0,0.0
1818,2566,นนทบุรี,พฤษภาคม,บางใหญ่,เทศบาลตำบลบางม่วง,0.014,0.014
1819,2566,นนทบุรี,พฤษภาคม,บางใหญ่,เทศบาลตำบลบางเลน,0.015,0.015
1820,2566,นนทบุรี,พฤษภาคม,บางใหญ่,เทศบาลตำบลบางใหญ่,0.0,0.0
1821,2566,นนทบุรี,พฤษภาคม,บางใหญ่,อบต.บางใหญ่,0.0,0.0
1822,2566,นนทบุรี,พฤษภาคม,บางใหญ่,อบต.บ้านใหม่,0.0,0.0
1823,2566,นนทบุรี,พฤษภาคม,ปากเกร็ด,เทศบาลนครปากเกร็ด,27.856,27.856
1824,2566,นนทบุรี,พฤษภาคม,ปากเกร็ด,เทศบาลตำบลบางพลับ,0.018,0.018
1825,2566,นนทบุรี,พฤษภาคม,ปากเกร็ด,อบต.เกาะเกร็ด,0.0,0.0
1826,2566,นนทบุรี,พฤษภาคม,ปากเกร็ด,อบต.คลองข่อย,0.001,0.001
1827,2566,นนทบุรี,พฤษภาคม,ปากเกร็ด,อบต.คลองพระอุดม,0.0,0.0
1828,2566,นนทบุรี,พฤษภาคม,ปากเกร็ด,อบต.ท่าอิฐ,0.01,0.01
1829,2566,นนทบุรี,พฤษภาคม,ปากเกร็ด,อบต.บางตะไนย์,0.05,0.03
1830,2566,นนทบุรี,พฤษภาคม,ปากเกร็ด,อบต.อ้อมเกร็ด,0.0,0.0
1831,2566,นนทบุรี,พฤษภาคม,เมืองนนทบุรี,เทศบาลนครนนทบุรี,85.189,85.189
1832,2566,นนทบุรี,พฤษภาคม,เมืองนนทบุรี,เทศบาลเมืองไทรม้า,0.0,0.0
1833,2566,นนทบุรี,พฤษภาคม,เมืองนนทบุรี,เทศบาลเมืองบางกร่าง,1.02,1.02
1834,2566,นนทบุรี,พฤษภาคม,เมืองนนทบุรี,เทศบาลเมืองบางศรีเมือง,0.0,0.0
1835,2566,นนทบุรี,พฤษภาคม,เมืองนนทบุรี,อบต.บางไผ่,0.0,0.0
1836,2566,นนทบุรี,พฤษภาคม,เมืองนนทบุรี,อบต.บางรักน้อย,0.03,0.03
1837,2566,นนทบุรี,มิถุนายน,ไทรน้อย,เทศบาลตำบลไทรน้อย,0.0,0.0
1838,2566,นนทบุรี,มิถุนายน,ไทรน้อย,อบต.ขุนศรี,0.0,0.0
1839,2566,นนทบุรี,มิถุนายน,ไทรน้อย,อบต.คลองขวาง,0.0,0.0
1840,2566,นนทบุรี,มิถุนายน,ไทรน้อย,อบต.ทวีวัฒนา,0.0,0.0
1841,2566,นนทบุรี,มิถุนายน,ไทรน้อย,อบต.ไทรน้อย,0.0,0.0
1842,2566,นนทบุรี,มิถุนายน,ไทรน้อย,อบต.ไทรใหญ่,0.04,0.04
1843,2566,นนทบุรี,มิถุนายน,ไทรน้อย,อบต.ราษฎร์นิยม,0.0,0.0
1844,2566,นนทบุรี,มิถุนายน,ไทรน้อย,อบต.หนองเพรางาย,0.06,0.06
1845,2566,นนทบุรี,มิถุนายน,บางกรวย,เทศบาลเมืองบางกรวย,0.0,0.0
1846,2566,นนทบุรี,มิถุนายน,บางกรวย,เทศบาลตำบลบางสีทอง,0.8,0.8
1847,2566,นนทบุรี,มิถุนายน,บางกรวย,เทศบาลตำบลปลายบาง,10.56,10.56
1848,2566,นนทบุรี,มิถุนายน,บางกรวย,เทศบาลตำบลศาลากลาง,0.0,0.0
1849,2566,นนทบุรี,มิถุนายน,บางกรวย,อบต.บางขนุน,0.7,0.7
1850,2566,นนทบุรี,มิถุนายน,บางกรวย,อบต.บางขุนกอง,0.0,0.0
1851,2566,นนทบุรี,มิถุนายน,บางกรวย,อบต.มหาสวัสดิ์,0.5,0.5
1852,2566,นนทบุรี,มิถุนายน,บางบัวทอง,เทศบาลนครบางบัวทอง,1.6,1.6
1853,2566,นนทบุรี,มิถุนายน,บางบัวทอง,เทศบาลเมืองบางคูรัด,0.0,0.0
1854,2566,นนทบุรี,มิถุนายน,บางบัวทอง,เทศบาลเมืองบางรักพัฒนา,0.0,0.0
1855,2566,นนทบุรี,มิถุนายน,บางบัวทอง,เทศบาลเมืองพิมลราช,0.0,0.0
1856,2566,นนทบุรี,มิถุนายน,บางบัวทอง,เทศบาลเมืองใหม่บางบัวทอง,70.0,20.0
1857,2566,นนทบุรี,มิถุนายน,บางบัวทอง,อบต.บางรักใหญ่,0.0,0.0
1858,2566,นนทบุรี,มิถุนายน,บางบัวทอง,อบต.ละหาร,0.0,0.0
1859,2566,นนทบุรี,มิถุนายน,บางบัวทอง,อบต.ลำโพ,0.0,0.0
1860,2566,นนทบุรี,มิถุนายน,บางใหญ่,เทศบาลเมืองบางแม่นาง,0.0,0.0
1861,2566,นนทบุรี,มิถุนายน,บางใหญ่,เทศบาลเมืองเสาธงหิน,0.0,0.0
1862,2566,นนทบุรี,มิถุนายน,บางใหญ่,เทศบาลตำบลบางม่วง,0.0,0.0
1863,2566,นนทบุรี,มิถุนายน,บางใหญ่,เทศบาลตำบลบางเลน,1.0,1.0
1864,2566,นนทบุรี,มิถุนายน,บางใหญ่,เทศบาลตำบลบางใหญ่,0.0,0.0
1865,2566,นนทบุรี,มิถุนายน,บางใหญ่,อบต.บางใหญ่,0.0,0.0
1866,2566,นนทบุรี,มิถุนายน,บางใหญ่,อบต.บ้านใหม่,0.0,0.0
1867,2566,นนทบุรี,มิถุนายน,ปากเกร็ด,เทศบาลนครปากเกร็ด,28.197,28.197
1868,2566,นนทบุรี,มิถุนายน,ปากเกร็ด,เทศบาลตำบลบางพลับ,0.012,0.012
1869,2566,นนทบุรี,มิถุนายน,ปากเกร็ด,อบต.เกาะเกร็ด,0.0,0.0
1870,2566,นนทบุรี,มิถุนายน,ปากเกร็ด,อบต.คลองข่อย,0.001,0.001
1871,2566,นนทบุรี,มิถุนายน,ปากเกร็ด,อบต.คลองพระอุดม,0.0,0.0
1872,2566,นนทบุรี,มิถุนายน,ปากเกร็ด,อบต.ท่าอิฐ,0.012,0.012
1873,2566,นนทบุรี,มิถุนายน,ปากเกร็ด,อบต.บางตะไนย์,0.05,0.03
1874,2566,นนทบุรี,มิถุนายน,ปากเกร็ด,อบต.อ้อมเกร็ด,0.0,0.0
1875,2566,นนทบุรี,มิถุนายน,เมืองนนทบุรี,เทศบาลนครนนทบุรี,82.299,82.299
1876,2566,นนทบุรี,มิถุนายน,เมืองนนทบุรี,เทศบาลเมืองไทรม้า,0.0,0.0
1877,2566,นนทบุรี,มิถุนายน,เมืองนนทบุรี,เทศบาลเมืองบางกร่าง,1.02,1.02
1878,2566,นนทบุรี,มิถุนายน,เมืองนนทบุรี,เทศบาลเมืองบางศรีเมือง,0.0,0.0
1879,2566,นนทบุรี,มิถุนายน,เมืองนนทบุรี,อบต.บางไผ่,0.0,0.0
1880,2566,นนทบุรี,มิถุนายน,เมืองนนทบุรี,อบต.บางรักน้อย,0.03,0.03
1881,2566,นนทบุรี,กรกฎาคม,ไทรน้อย,เทศบาลตำบลไทรน้อย,0.0,0.0
1882,2566,นนทบุรี,กรกฎาคม,ไทรน้อย,อบต.ขุนศรี,0.0,0.0
1883,2566,นนทบุรี,กรกฎาคม,ไทรน้อย,อบต.คลองขวาง,0.0,0.0
1884,2566,นนทบุรี,กรกฎาคม,ไทรน้อย,อบต.ทวีวัฒนา,0.0,0.0
1885,2566,นนทบุรี,กรกฎาคม,ไทรน้อย,อบต.ไทรน้อย,0.0,0.0
1886,2566,นนทบุรี,กรกฎาคม,ไทรน้อย,อบต.ไทรใหญ่,0.04,0.04
1887,2566,นนทบุรี,กรกฎาคม,ไทรน้อย,อบต.ราษฎร์นิยม,0.0,0.0
1888,2566,นนทบุรี,กรกฎาคม,ไทรน้อย,อบต.หนองเพรางาย,0.0,0.0
1889,2566,นนทบุรี,กรกฎาคม,บางกรวย,เทศบาลเมืองบางกรวย,0.0,0.0
1890,2566,นนทบุรี,กรกฎาคม,บางกรวย,เทศบาลตำบลบางสีทอง,0.8,0.8
1891,2566,นนทบุรี,กรกฎาคม,บางกรวย,เทศบาลตำบลปลายบาง,0.17,0.17
1892,2566,นนทบุรี,กรกฎาคม,บางกรวย,เทศบาลตำบลศาลากลาง,0.0,0.0
1893,2566,นนทบุรี,กรกฎาคม,บางกรวย,อบต.บางขนุน,0.0,0.0
1894,2566,นนทบุรี,กรกฎาคม,บางกรวย,อบต.บางขุนกอง,0.0,0.0
1895,2566,นนทบุรี,กรกฎาคม,บางกรวย,อบต.มหาสวัสดิ์,0.5,0.5
1896,2566,นนทบุรี,กรกฎาคม,บางบัวทอง,เทศบาลนครบางบัวทอง,1.3,1.3
1897,2566,นนทบุรี,กรกฎาคม,บางบัวทอง,เทศบาลเมืองบางคูรัด,0.0,0.0
1898,2566,นนทบุรี,กรกฎาคม,บางบัวทอง,เทศบาลเมืองบางรักพัฒนา,0.0,0.0
1899,2566,นนทบุรี,กรกฎาคม,บางบัวทอง,เทศบาลเมืองพิมลราช,0.0,0.0
1900,2566,นนทบุรี,กรกฎาคม,บางบัวทอง,เทศบาลเมืองใหม่บางบัวทอง,0.25,0.25
1901,2566,นนทบุรี,กรกฎาคม,บางบัวทอง,อบต.บางรักใหญ่,0.0,0.0
1902,2566,นนทบุรี,กรกฎาคม,บางบัวทอง,อบต.ละหาร,0.0,0.0
1903,2566,นนทบุรี,กรกฎาคม,บางบัวทอง,อบต.ลำโพ,0.0,0.0
1904,2566,นนทบุรี,กรกฎาคม,บางใหญ่,เทศบาลเมืองบางแม่นาง,0.0,0.0
1905,2566,นนทบุรี,กรกฎาคม,บางใหญ่,เทศบาลเมืองเสาธงหิน,0.0,0.0
1906,2566,นนทบุรี,กรกฎาคม,บางใหญ่,เทศบาลตำบลบางม่วง,0.0,0.0
1907,2566,นนทบุรี,กรกฎาคม,บางใหญ่,เทศบาลตำบลบางเลน,0.015,0.015
1908,2566,นนทบุรี,กรกฎาคม,บางใหญ่,เทศบาลตำบลบางใหญ่,0.0,0.0
1909,2566,นนทบุรี,กรกฎาคม,บางใหญ่,อบต.บางใหญ่,0.0,0.0
1910,2566,นนทบุรี,กรกฎาคม,บางใหญ่,อบต.บ้านใหม่,0.0,0.0
1911,2566,นนทบุรี,กรกฎาคม,ปากเกร็ด,เทศบาลนครปากเกร็ด,27.504,27.504
1912,2566,นนทบุรี,กรกฎาคม,ปากเกร็ด,เทศบาลตำบลบางพลับ,0.014,0.014
1913,2566,นนทบุรี,กรกฎาคม,ปากเกร็ด,อบต.เกาะเกร็ด,0.0,0.0
1914,2566,นนทบุรี,กรกฎาคม,ปากเกร็ด,อบต.คลองข่อย,0.01,0.01
1915,2566,นนทบุรี,กรกฎาคม,ปากเกร็ด,อบต.คลองพระอุดม,0.0,0.0
1916,2566,นนทบุรี,กรกฎาคม,ปากเกร็ด,อบต.ท่าอิฐ,0.01,0.01
1917,2566,นนทบุรี,กรกฎาคม,ปากเกร็ด,อบต.บางตะไนย์,0.05,0.03
1918,2566,นนทบุรี,กรกฎาคม,ปากเกร็ด,อบต.อ้อมเกร็ด,0.0,0.0
1919,2566,นนทบุรี,กรกฎาคม,เมืองนนทบุรี,เทศบาลนครนนทบุรี,83.227,83.227
1920,2566,นนทบุรี,กรกฎาคม,เมืองนนทบุรี,เทศบาลเมืองไทรม้า,0.0,0.0
1921,2566,นนทบุรี,กรกฎาคม,เมืองนนทบุรี,เทศบาลเมืองบางกร่าง,1.02,1.02
1922,2566,นนทบุรี,กรกฎาคม,เมืองนนทบุรี,เทศบาลเมืองบางศรีเมือง,0.0,0.0
1923,2566,นนทบุรี,กรกฎาคม,เมืองนนทบุรี,อบต.บางไผ่,0.0,0.0
1924,2566,นนทบุรี,กรกฎาคม,เมืองนนทบุรี,อบต.บางรักน้อย,0.0,0.03
1925,2566,นนทบุรี,สิงหาคม,ไทรน้อย,เทศบาลตำบลไทรน้อย,0.0,0.0
1926,2566,นนทบุรี,สิงหาคม,ไทรน้อย,อบต.ขุนศรี,0.0,0.0
1927,2566,นนทบุรี,สิงหาคม,ไทรน้อย,อบต.คลองขวาง,0.0,0.0
1928,2566,นนทบุรี,สิงหาคม,ไทรน้อย,อบต.ทวีวัฒนา,0.0,0.0
1929,2566,นนทบุรี,สิงหาคม,ไทรน้อย,อบต.ไทรน้อย,0.0,0.0
1930,2566,นนทบุรี,สิงหาคม,ไทรน้อย,อบต.ไทรใหญ่,0.04,0.04
1931,2566,นนทบุรี,สิงหาคม,ไทรน้อย,อบต.ราษฎร์นิยม,0.0,0.0
1932,2566,นนทบุรี,สิงหาคม,ไทรน้อย,อบต.หนองเพรางาย,0.6,0.6
1933,2566,นนทบุรี,สิงหาคม,บางกรวย,เทศบาลเมืองบางกรวย,0.0,0.0
1934,2566,นนทบุรี,สิงหาคม,บางกรวย,เทศบาลตำบลบางสีทอง,0.0,0.0
1935,2566,นนทบุรี,สิงหาคม,บางกรวย,เทศบาลตำบลปลายบาง,0.18,0.18
1936,2566,นนทบุรี,สิงหาคม,บางกรวย,เทศบาลตำบลศาลากลาง,0.0,0.0
1937,2566,นนทบุรี,สิงหาคม,บางกรวย,อบต.บางขนุน,0.0,0.0
1938,2566,นนทบุรี,สิงหาคม,บางกรวย,อบต.บางขุนกอง,0.0,0.0
1939,2566,นนทบุรี,สิงหาคม,บางกรวย,อบต.มหาสวัสดิ์,0.5,0.5
1940,2566,นนทบุรี,สิงหาคม,บางบัวทอง,เทศบาลนครบางบัวทอง,1.52,1.52
1941,2566,นนทบุรี,สิงหาคม,บางบัวทอง,เทศบาลเมืองบางคูรัด,0.0,0.0
1942,2566,นนทบุรี,สิงหาคม,บางบัวทอง,เทศบาลเมืองบางรักพัฒนา,0.0,0.0
1943,2566,นนทบุรี,สิงหาคม,บางบัวทอง,เทศบาลเมืองพิมลราช,0.0,0.0
1944,2566,นนทบุรี,สิงหาคม,บางบัวทอง,เทศบาลเมืองใหม่บางบัวทอง,5.0,5.0
1945,2566,นนทบุรี,สิงหาคม,บางบัวทอง,อบต.บางรักใหญ่,0.0,0.0
1946,2566,นนทบุรี,สิงหาคม,บางบัวทอง,อบต.ละหาร,0.0,0.0
1947,2566,นนทบุรี,สิงหาคม,บางบัวทอง,อบต.ลำโพ,0.0,0.0
1948,2566,นนทบุรี,สิงหาคม,บางใหญ่,เทศบาลเมืองบางแม่นาง,0.0,0.0
1949,2566,นนทบุรี,สิงหาคม,บางใหญ่,เทศบาลเมืองเสาธงหิน,0.0,0.0
1950,2566,นนทบุรี,สิงหาคม,บางใหญ่,เทศบาลตำบลบางม่วง,0.0,0.0
1951,2566,นนทบุรี,สิงหาคม,บางใหญ่,เทศบาลตำบลบางเลน,0.015,0.015
1952,2566,นนทบุรี,สิงหาคม,บางใหญ่,เทศบาลตำบลบางใหญ่,0.0,0.0
1953,2566,นนทบุรี,สิงหาคม,บางใหญ่,อบต.บางใหญ่,0.0,0.0
1954,2566,นนทบุรี,สิงหาคม,บางใหญ่,อบต.บ้านใหม่,0.0,0.0
1955,2566,นนทบุรี,สิงหาคม,ปากเกร็ด,เทศบาลนครปากเกร็ด,27.645,27.645
1956,2566,นนทบุรี,สิงหาคม,ปากเกร็ด,เทศบาลตำบลบางพลับ,0.013,0.013
1957,2566,นนทบุรี,สิงหาคม,ปากเกร็ด,อบต.เกาะเกร็ด,0.0,0.0
1958,2566,นนทบุรี,สิงหาคม,ปากเกร็ด,อบต.คลองข่อย,0.01,0.01
1959,2566,นนทบุรี,สิงหาคม,ปากเกร็ด,อบต.คลองพระอุดม,0.0,0.0
1960,2566,นนทบุรี,สิงหาคม,ปากเกร็ด,อบต.ท่าอิฐ,0.012,0.012
1961,2566,นนทบุรี,สิงหาคม,ปากเกร็ด,อบต.บางตะไนย์,0.05,0.03
1962,2566,นนทบุรี,สิงหาคม,ปากเกร็ด,อบต.อ้อมเกร็ด,0.0,0.0
1963,2566,นนทบุรี,สิงหาคม,เมืองนนทบุรี,เทศบาลนครนนทบุรี,85.625,85.625
1964,2566,นนทบุรี,สิงหาคม,เมืองนนทบุรี,เทศบาลเมืองไทรม้า,0.0,0.0
1965,2566,นนทบุรี,สิงหาคม,เมืองนนทบุรี,เทศบาลเมืองบางกร่าง,1.02,1.02
1966,2566,นนทบุรี,สิงหาคม,เมืองนนทบุรี,เทศบาลเมืองบางศรีเมือง,0.0,0.0
1967,2566,นนทบุรี,สิงหาคม,เมืองนนทบุรี,อบต.บางไผ่,0.0,0.0
1968,2566,นนทบุรี,สิงหาคม,เมืองนนทบุรี,อบต.บางรักน้อย,0.03,0.03
1969,2566,นนทบุรี,กันยายน,ไทรน้อย,เทศบาลตำบลไทรน้อย,0.0,0.0
1970,2566,นนทบุรี,กันยายน,ไทรน้อย,อบต.ขุนศรี,0.0,0.0
1971,2566,นนทบุรี,กันยายน,ไทรน้อย,อบต.คลองขวาง,0.0,0.0
1972,2566,นนทบุรี,กันยายน,ไทรน้อย,อบต.ทวีวัฒนา,0.0,0.0
1973,2566,นนทบุรี,กันยายน,ไทรน้อย,อบต.ไทรน้อย,0.0,0.0
1974,2566,นนทบุรี,กันยายน,ไทรน้อย,อบต.ไทรใหญ่,0.04,0.04
1975,2566,นนทบุรี,กันยายน,ไทรน้อย,อบต.ราษฎร์นิยม,0.0,0.0
1976,2566,นนทบุรี,กันยายน,ไทรน้อย,อบต.หนองเพรางาย,0.0,0.0
1977,2566,นนทบุรี,กันยายน,บางกรวย,เทศบาลเมืองบางกรวย,0.0,0.0
1978,2566,นนทบุรี,กันยายน,บางกรวย,เทศบาลตำบลบางสีทอง,0.0,0.0
1979,2566,นนทบุรี,กันยายน,บางกรวย,เทศบาลตำบลปลายบาง,0.174,0.174
1980,2566,นนทบุรี,กันยายน,บางกรวย,เทศบาลตำบลศาลากลาง,0.0,10.0
1981,2566,นนทบุรี,กันยายน,บางกรวย,อบต.บางขนุน,0.0,0.0
1982,2566,นนทบุรี,กันยายน,บางกรวย,อบต.บางขุนกอง,0.0,0.0
1983,2566,นนทบุรี,กันยายน,บางกรวย,อบต.มหาสวัสดิ์,0.5,0.5
1984,2566,นนทบุรี,กันยายน,บางบัวทอง,เทศบาลนครบางบัวทอง,1.3,1.3
1985,2566,นนทบุรี,กันยายน,บางบัวทอง,เทศบาลเมืองบางคูรัด,0.0,0.0
1986,2566,นนทบุรี,กันยายน,บางบัวทอง,เทศบาลเมืองบางรักพัฒนา,0.0,0.0
1987,2566,นนทบุรี,กันยายน,บางบัวทอง,เทศบาลเมืองพิมลราช,0.0,0.0
1988,2566,นนทบุรี,กันยายน,บางบัวทอง,เทศบาลเมืองใหม่บางบัวทอง,10.0,10.0
1989,2566,นนทบุรี,กันยายน,บางบัวทอง,อบต.บางรักใหญ่,0.0,0.0
1990,2566,นนทบุรี,กันยายน,บางบัวทอง,อบต.ละหาร,0.0,0.0
1991,2566,นนทบุรี,กันยายน,บางบัวทอง,อบต.ลำโพ,0.0,0.0
1992,2566,นนทบุรี,กันยายน,บางใหญ่,เทศบาลเมืองบางแม่นาง,0.0,0.0
1993,2566,นนทบุรี,กันยายน,บางใหญ่,เทศบาลเมืองเสาธงหิน,0.0,0.0
1994,2566,นนทบุรี,กันยายน,บางใหญ่,เทศบาลตำบลบางม่วง,0.0,0.0
1995,2566,นนทบุรี,กันยายน,บางใหญ่,เทศบาลตำบลบางเลน,0.015,0.015
1996,2566,นนทบุรี,กันยายน,บางใหญ่,เทศบาลตำบลบางใหญ่,0.0,0.0
1997,2566,นนทบุรี,กันยายน,บางใหญ่,อบต.บางใหญ่,0.0,0.0
1998,2566,นนทบุรี,กันยายน,บางใหญ่,อบต.บ้านใหม่,0.0,0.0
1999,2566,นนทบุรี,กันยายน,ปากเกร็ด,เทศบาลนครปากเกร็ด,27.918,27.918
2000,2566,นนทบุรี,กันยายน,ปากเกร็ด,เทศบาลตำบลบางพลับ,0.014,0.014
2001,2566,นนทบุรี,กันยายน,ปากเกร็ด,อบต.เกาะเกร็ด,0.0,0.0
2002,2566,นนทบุรี,กันยายน,ปากเกร็ด,อบต.คลองข่อย,0.01,0.01
2003,2566,นนทบุรี,กันยายน,ปากเกร็ด,อบต.คลองพระอุดม,0.0,0.0
2004,2566,นนทบุรี,กันยายน,ปากเกร็ด,อบต.ท่าอิฐ,0.012,0.012
2005,2566,นนทบุรี,กันยายน,ปากเกร็ด,อบต.บางตะไนย์,0.05,0.03
2006,2566,นนทบุรี,กันยายน,ปากเกร็ด,อบต.อ้อมเกร็ด,0.0,0.0
2007,2566,นนทบุรี,กันยายน,เมืองนนทบุรี,เทศบาลนครนนทบุรี,85.722,85.722
2008,2566,นนทบุรี,กันยายน,เมืองนนทบุรี,เทศบาลเมืองไทรม้า,0.0,0.0
2009,2566,นนทบุรี,กันยายน,เมืองนนทบุรี,เทศบาลเมืองบางกร่าง,1.02,1.02
2010,2566,นนทบุรี,กันยายน,เมืองนนทบุรี,เทศบาลเมืองบางศรีเมือง,0.0,0.0
2011,2566,นนทบุรี,กันยายน,เมืองนนทบุรี,อบต.บางไผ่,0.0,0.0
2012,2566,นนทบุรี,กันยายน,เมืองนนทบุรี,อบต.บางรักน้อย,0.0,0.03
2013,2566,นนทบุรี,ตุลาคม,ไทรน้อย,เทศบาลตำบลไทรน้อย,0.0,0.0
2014,2566,นนทบุรี,ตุลาคม,ไทรน้อย,อบต.ขุนศรี,0.0,0.0
2015,2566,นนทบุรี,ตุลาคม,ไทรน้อย,อบต.คลองขวาง,0.0,0.0
2016,2566,นนทบุรี,ตุลาคม,ไทรน้อย,อบต.ทวีวัฒนา,0.4,0.4
2017,2566,นนทบุรี,ตุลาคม,ไทรน้อย,อบต.ไทรน้อย,0.0,0.0
2018,2566,นนทบุรี,ตุลาคม,ไทรน้อย,อบต.ไทรใหญ่,0.04,0.04
2019,2566,นนทบุรี,ตุลาคม,ไทรน้อย,อบต.ราษฎร์นิยม,0.0,0.0
2020,2566,นนทบุรี,ตุลาคม,ไทรน้อย,อบต.หนองเพรางาย,0.06,0.06
2021,2566,นนทบุรี,ตุลาคม,บางกรวย,เทศบาลเมืองบางกรวย,0.0,0.0
2022,2566,นนทบุรี,ตุลาคม,บางกรวย,เทศบาลตำบลบางสีทอง,0.094,0.094
2023,2566,นนทบุรี,ตุลาคม,บางกรวย,เทศบาลตำบลปลายบาง,10.56,10.56
2024,2566,นนทบุรี,ตุลาคม,บางกรวย,เทศบาลตำบลศาลากลาง,0.0,0.0
2025,2566,นนทบุรี,ตุลาคม,บางกรวย,อบต.บางขนุน,0.0,0.0
2026,2566,นนทบุรี,ตุลาคม,บางกรวย,อบต.บางขุนกอง,0.0,0.0
2027,2566,นนทบุรี,ตุลาคม,บางกรวย,อบต.มหาสวัสดิ์,0.5,0.5
2028,2566,นนทบุรี,ตุลาคม,บางบัวทอง,เทศบาลนครบางบัวทอง,2.49,2.49
2029,2566,นนทบุรี,ตุลาคม,บางบัวทอง,เทศบาลเมืองบางคูรัด,0.0,0.0
2030,2566,นนทบุรี,ตุลาคม,บางบัวทอง,เทศบาลเมืองบางรักพัฒนา,0.0,0.0
2031,2566,นนทบุรี,ตุลาคม,บางบัวทอง,เทศบาลเมืองพิมลราช,0.0,0.0
2032,2566,นนทบุรี,ตุลาคม,บางบัวทอง,เทศบาลเมืองใหม่บางบัวทอง,70.0,70.0
2033,2566,นนทบุรี,ตุลาคม,บางบัวทอง,อบต.บางรักใหญ่,0.0,0.0
2034,2566,นนทบุรี,ตุลาคม,บางบัวทอง,อบต.ละหาร,0.0,0.0
2035,2566,นนทบุรี,ตุลาคม,บางบัวทอง,อบต.ลำโพ,5.0,5.0
2036,2566,นนทบุรี,ตุลาคม,บางใหญ่,เทศบาลเมืองบางแม่นาง,0.25,0.25
2037,2566,นนทบุรี,ตุลาคม,บางใหญ่,เทศบาลเมืองเสาธงหิน,0.0,0.0
2038,2566,นนทบุรี,ตุลาคม,บางใหญ่,เทศบาลตำบลบางม่วง,0.0,0.0
2039,2566,นนทบุรี,ตุลาคม,บางใหญ่,เทศบาลตำบลบางเลน,0.5,0.5
2040,2566,นนทบุรี,ตุลาคม,บางใหญ่,เทศบาลตำบลบางใหญ่,0.0,0.0
2041,2566,นนทบุรี,ตุลาคม,บางใหญ่,อบต.บางใหญ่,0.0,0.0
2042,2566,นนทบุรี,ตุลาคม,บางใหญ่,อบต.บ้านใหม่,0.0,0.0
2043,2566,นนทบุรี,ตุลาคม,ปากเกร็ด,เทศบาลนครปากเกร็ด,29.44,29.44
2044,2566,นนทบุรี,ตุลาคม,ปากเกร็ด,เทศบาลตำบลบางพลับ,0.015,0.015
2045,2566,นนทบุรี,ตุลาคม,ปากเกร็ด,อบต.เกาะเกร็ด,0.0,0.0
2046,2566,นนทบุรี,ตุลาคม,ปากเกร็ด,อบต.คลองข่อย,0.001,0.001
2047,2566,นนทบุรี,ตุลาคม,ปากเกร็ด,อบต.คลองพระอุดม,0.0,0.0
2048,2566,นนทบุรี,ตุลาคม,ปากเกร็ด,อบต.ท่าอิฐ,0.01,0.01
2049,2566,นนทบุรี,ตุลาคม,ปากเกร็ด,อบต.บางตะไนย์,0.05,0.03
2050,2566,นนทบุรี,ตุลาคม,ปากเกร็ด,อบต.อ้อมเกร็ด,0.0,0.0
2051,2566,นนทบุรี,ตุลาคม,เมืองนนทบุรี,เทศบาลนครนนทบุรี,83.14,83.14
2052,2566,นนทบุรี,ตุลาคม,เมืองนนทบุรี,เทศบาลเมืองไทรม้า,0.0,0.0
2053,2566,นนทบุรี,ตุลาคม,เมืองนนทบุรี,เทศบาลเมืองบางกร่าง,1.0,1.0
2054,2566,นนทบุรี,ตุลาคม,เมืองนนทบุรี,เทศบาลเมืองบางศรีเมือง,0.0,0.0
2055,2566,นนทบุรี,ตุลาคม,เมืองนนทบุรี,อบต.บางไผ่,0.0,0.0
2056,2566,นนทบุรี,ตุลาคม,เมืองนนทบุรี,อบต.บางรักน้อย,0.0,0.0
2057,2566,นนทบุรี,พฤศจิกายน,ไทรน้อย,เทศบาลตำบลไทรน้อย,0.0,0.0
2058,2566,นนทบุรี,พฤศจิกายน,ไทรน้อย,อบต.ขุนศรี,0.0,0.0
2059,2566,นนทบุรี,พฤศจิกายน,ไทรน้อย,อบต.คลองขวาง,0.0,0.0
2060,2566,นนทบุรี,พฤศจิกายน,ไทรน้อย,อบต.ทวีวัฒนา,0.0,0.0
2061,2566,นนทบุรี,พฤศจิกายน,ไทรน้อย,อบต.ไทรน้อย,0.0,0.0
2062,2566,นนทบุรี,พฤศจิกายน,ไทรน้อย,อบต.ไทรใหญ่,0.04,0.04
2063,2566,นนทบุรี,พฤศจิกายน,ไทรน้อย,อบต.ราษฎร์นิยม,0.0,0.0
2064,2566,นนทบุรี,พฤศจิกายน,ไทรน้อย,อบต.หนองเพรางาย,0.06,0.06
2065,2566,นนทบุรี,พฤศจิกายน,บางกรวย,เทศบาลเมืองบางกรวย,0.0,0.0
2066,2566,นนทบุรี,พฤศจิกายน,บางกรวย,เทศบาลตำบลบางสีทอง,0.094,0.094
2067,2566,นนทบุรี,พฤศจิกายน,บางกรวย,เทศบาลตำบลปลายบาง,10.08,10.08
2068,2566,นนทบุรี,พฤศจิกายน,บางกรวย,เทศบาลตำบลศาลากลาง,0.0,0.0
2069,2566,นนทบุรี,พฤศจิกายน,บางกรวย,อบต.บางขนุน,0.0,0.0
2070,2566,นนทบุรี,พฤศจิกายน,บางกรวย,อบต.บางขุนกอง,0.0,0.0
2071,2566,นนทบุรี,พฤศจิกายน,บางกรวย,อบต.มหาสวัสดิ์,0.5,0.5
2072,2566,นนทบุรี,พฤศจิกายน,บางบัวทอง,เทศบาลนครบางบัวทอง,2.32,2.32
2073,2566,นนทบุรี,พฤศจิกายน,บางบัวทอง,เทศบาลเมืองบางคูรัด,0.0,0.0
2074,2566,นนทบุรี,พฤศจิกายน,บางบัวทอง,เทศบาลเมืองบางรักพัฒนา,0.0,0.0
2075,2566,นนทบุรี,พฤศจิกายน,บางบัวทอง,เทศบาลเมืองพิมลราช,0.0,0.0
2076,2566,นนทบุรี,พฤศจิกายน,บางบัวทอง,เทศบาลเมืองใหม่บางบัวทอง,10.0,0.25
2077,2566,นนทบุรี,พฤศจิกายน,บางบัวทอง,อบต.บางรักใหญ่,0.0,0.0
2078,2566,นนทบุรี,พฤศจิกายน,บางบัวทอง,อบต.ละหาร,0.0,0.0
2079,2566,นนทบุรี,พฤศจิกายน,บางบัวทอง,อบต.ลำโพ,2.0,2.0
2080,2566,นนทบุรี,พฤศจิกายน,บางใหญ่,เทศบาลเมืองบางแม่นาง,0.0,0.0
2081,2566,นนทบุรี,พฤศจิกายน,บางใหญ่,เทศบาลเมืองเสาธงหิน,0.0,0.0
2082,2566,นนทบุรี,พฤศจิกายน,บางใหญ่,เทศบาลตำบลบางม่วง,0.028,0.028
2083,2566,นนทบุรี,พฤศจิกายน,บางใหญ่,เทศบาลตำบลบางเลน,0.02,0.02
2084,2566,นนทบุรี,พฤศจิกายน,บางใหญ่,เทศบาลตำบลบางใหญ่,0.0,0.0
2085,2566,นนทบุรี,พฤศจิกายน,บางใหญ่,อบต.บางใหญ่,0.5,0.5
2086,2566,นนทบุรี,พฤศจิกายน,บางใหญ่,อบต.บ้านใหม่,0.0,0.0
2087,2566,นนทบุรี,พฤศจิกายน,ปากเกร็ด,เทศบาลนครปากเกร็ด,27.884,27.884
2088,2566,นนทบุรี,พฤศจิกายน,ปากเกร็ด,เทศบาลตำบลบางพลับ,0.013,0.013
2089,2566,นนทบุรี,พฤศจิกายน,ปากเกร็ด,อบต.เกาะเกร็ด,0.0,0.0
2090,2566,นนทบุรี,พฤศจิกายน,ปากเกร็ด,อบต.คลองข่อย,0.001,0.001
2091,2566,นนทบุรี,พฤศจิกายน,ปากเกร็ด,อบต.คลองพระอุดม,0.0,0.0
2092,2566,นนทบุรี,พฤศจิกายน,ปากเกร็ด,อบต.ท่าอิฐ,0.01,0.01
2093,2566,นนทบุรี,พฤศจิกายน,ปากเกร็ด,อบต.บางตะไนย์,0.05,0.03
2094,2566,นนทบุรี,พฤศจิกายน,ปากเกร็ด,อบต.อ้อมเกร็ด,0.0,0.0
2095,2566,นนทบุรี,พฤศจิกายน,เมืองนนทบุรี,เทศบาลนครนนทบุรี,81.535,81.535
2096,2566,นนทบุรี,พฤศจิกายน,เมืองนนทบุรี,เทศบาลเมืองไทรม้า,0.0,0.0
2097,2566,นนทบุรี,พฤศจิกายน,เมืองนนทบุรี,เทศบาลเมืองบางกร่าง,1.0,1.0
2098,2566,นนทบุรี,พฤศจิกายน,เมืองนนทบุรี,เทศบาลเมืองบางศรีเมือง,0.0,0.0
2099,2566,นนทบุรี,พฤศจิกายน,เมืองนนทบุรี,อบต.บางไผ่,0.0,0.0
2100,2566,นนทบุรี,พฤศจิกายน,เมืองนนทบุรี,อบต.บางรักน้อย,0.0,0.0
2101,2566,นนทบุรี,ธันวาคม,ไทรน้อย,เทศบาลตำบลไทรน้อย,0.0,0.0
2102,2566,นนทบุรี,ธันวาคม,ไทรน้อย,อบต.ขุนศรี,0.0,0.0
2103,2566,นนทบุรี,ธันวาคม,ไทรน้อย,อบต.คลองขวาง,0.0,0.0
2104,2566,นนทบุรี,ธันวาคม,ไทรน้อย,อบต.ทวีวัฒนา,0.0,0.0
2105,2566,นนทบุรี,ธันวาคม,ไทรน้อย,อบต.ไทรน้อย,0.0,0.0
2106,2566,นนทบุรี,ธันวาคม,ไทรน้อย,อบต.ไทรใหญ่,0.04,0.04
2107,2566,นนทบุรี,ธันวาคม,ไทรน้อย,อบต.ราษฎร์นิยม,0.0,0.0
2108,2566,นนทบุรี,ธันวาคม,ไทรน้อย,อบต.หนองเพรางาย,0.06,0.06
2109,2566,นนทบุรี,ธันวาคม,บางกรวย,เทศบาลเมืองบางกรวย,0.0,0.0
2110,2566,นนทบุรี,ธันวาคม,บางกรวย,เทศบาลตำบลบางสีทอง,0.01,0.01
2111,2566,นนทบุรี,ธันวาคม,บางกรวย,เทศบาลตำบลปลายบาง,10.56,10.56
2112,2566,นนทบุรี,ธันวาคม,บางกรวย,เทศบาลตำบลศาลากลาง,0.0,0.0
2113,2566,นนทบุรี,ธันวาคม,บางกรวย,อบต.บางขนุน,0.0,0.0
2114,2566,นนทบุรี,ธันวาคม,บางกรวย,อบต.บางขุนกอง,0.0,0.0
2115,2566,นนทบุรี,ธันวาคม,บางกรวย,อบต.มหาสวัสดิ์,0.5,0.5
2116,2566,นนทบุรี,ธันวาคม,บางบัวทอง,เทศบาลนครบางบัวทอง,2.43,2.43
2117,2566,นนทบุรี,ธันวาคม,บางบัวทอง,เทศบาลเมืองบางคูรัด,0.0,0.0
2118,2566,นนทบุรี,ธันวาคม,บางบัวทอง,เทศบาลเมืองบางรักพัฒนา,0.0,0.0
2119,2566,นนทบุรี,ธันวาคม,บางบัวทอง,เทศบาลเมืองพิมลราช,0.0,0.0
2120,2566,นนทบุรี,ธันวาคม,บางบัวทอง,เทศบาลเมืองใหม่บางบัวทอง,0.25,0.25
2121,2566,นนทบุรี,ธันวาคม,บางบัวทอง,อบต.บางรักใหญ่,0.0,0.0
2122,2566,นนทบุรี,ธันวาคม,บางบัวทอง,อบต.ละหาร,0.0,0.0
2123,2566,นนทบุรี,ธันวาคม,บางบัวทอง,อบต.ลำโพ,0.0,0.0
2124,2566,นนทบุรี,ธันวาคม,บางใหญ่,เทศบาลเมืองบางแม่นาง,0.0,0.0
2125,2566,นนทบุรี,ธันวาคม,บางใหญ่,เทศบาลเมืองเสาธงหิน,0.0,0.0
2126,2566,นนทบุรี,ธันวาคม,บางใหญ่,เทศบาลตำบลบางม่วง,0.002,0.002
2127,2566,นนทบุรี,ธันวาคม,บางใหญ่,เทศบาลตำบลบางเลน,0.02,0.02
2128,2566,นนทบุรี,ธันวาคม,บางใหญ่,เทศบาลตำบลบางใหญ่,0.0,0.0
2129,2566,นนทบุรี,ธันวาคม,บางใหญ่,อบต.บางใหญ่,0.0,0.0
2130,2566,นนทบุรี,ธันวาคม,บางใหญ่,อบต.บ้านใหม่,0.0,0.0
2131,2566,นนทบุรี,ธันวาคม,ปากเกร็ด,เทศบาลนครปากเกร็ด,29.695,29.695
2132,2566,นนทบุรี,ธันวาคม,ปากเกร็ด,เทศบาลตำบลบางพลับ,0.012,0.012
2133,2566,นนทบุรี,ธันวาคม,ปากเกร็ด,อบต.เกาะเกร็ด,0.0,0.0
2134,2566,นนทบุรี,ธันวาคม,ปากเกร็ด,อบต.คลองข่อย,0.001,0.001
2135,2566,นนทบุรี,ธันวาคม,ปากเกร็ด,อบต.คลองพระอุดม,0.0,0.0
2136,2566,นนทบุรี,ธันวาคม,ปากเกร็ด,อบต.ท่าอิฐ,0.01,0.01
2137,2566,นนทบุรี,ธันวาคม,ปากเกร็ด,อบต.บางตะไนย์,0.05,0.03
2138,2566,นนทบุรี,ธันวาคม,ปากเกร็ด,อบต.อ้อมเกร็ด,0.0,0.0
2139,2566,นนทบุรี,ธันวาคม,เมืองนนทบุรี,เทศบาลนครนนทบุรี,91.522,91.522
2140,2566,นนทบุรี,ธันวาคม,เมืองนนทบุรี,เทศบาลเมืองไทรม้า,0.0,0.0
2141,2566,นนทบุรี,ธันวาคม,เมืองนนทบุรี,เทศบาลเมืองบางกร่าง,1.0,1.0
2142,2566,นนทบุรี,ธันวาคม,เมืองนนทบุรี,เทศบาลเมืองบางศรีเมือง,0.0,0.0
2143,2566,นนทบุรี,ธันวาคม,เมืองนนทบุรี,อบต.บางไผ่,0.0,0.0
2144,2566,นนทบุรี,ธันวาคม,เมืองนนทบุรี,อบต.บางรักน้อย,0.0,0.0
2145,2567,นนทบุรี,มกราคม,ไทรน้อย,เทศบาลตำบลไทรน้อย,0.0,0.0
2146,2567,นนทบุรี,มกราคม,ไทรน้อย,อบต.ขุนศรี,0.0,0.0
2147,2567,นนทบุรี,มกราคม,ไทรน้อย,อบต.คลองขวาง,0.0,0.0
2148,2567,นนทบุรี,มกราคม,ไทรน้อย,อบต.ทวีวัฒนา,0.0,0.0
2149,2567,นนทบุรี,มกราคม,ไทรน้อย,อบต.ไทรน้อย,0.0,0.0
2150,2567,นนทบุรี,มกราคม,ไทรน้อย,อบต.ไทรใหญ่,0.0,0.0
2151,2567,นนทบุรี,มกราคม,ไทรน้อย,อบต.ราษฎร์นิยม,0.0,0.0
2152,2567,นนทบุรี,มกราคม,ไทรน้อย,อบต.หนองเพรางาย,0.06,0.0
2153,2567,นนทบุรี,มกราคม,บางกรวย,เทศบาลเมืองบางกรวย,0.0,0.0
2154,2567,นนทบุรี,มกราคม,บางกรวย,เทศบาลตำบลบางสีทอง,0.0,0.0
2155,2567,นนทบุรี,มกราคม,บางกรวย,เทศบาลตำบลปลายบาง,0.175,0.175
2156,2567,นนทบุรี,มกราคม,บางกรวย,เทศบาลตำบลศาลากลาง,0.0,0.0
2157,2567,นนทบุรี,มกราคม,บางกรวย,อบต.บางขนุน,0.0,0.0
2158,2567,นนทบุรี,มกราคม,บางกรวย,อบต.บางขุนกอง,0.0,0.0
2159,2567,นนทบุรี,มกราคม,บางกรวย,อบต.มหาสวัสดิ์,0.5,0.5
2160,2567,นนทบุรี,มกราคม,บางบัวทอง,เทศบาลนครบางบัวทอง,1.39,1.39
2161,2567,นนทบุรี,มกราคม,บางบัวทอง,เทศบาลเมืองบางคูรัด,0.0,0.0
2162,2567,นนทบุรี,มกราคม,บางบัวทอง,เทศบาลเมืองบางรักพัฒนา,0.0,0.0
2163,2567,นนทบุรี,มกราคม,บางบัวทอง,เทศบาลเมืองพิมลราช,0.0,0.0
2164,2567,นนทบุรี,มกราคม,บางบัวทอง,เทศบาลเมืองใหม่บางบัวทอง,10.0,10.0
2165,2567,นนทบุรี,มกราคม,บางบัวทอง,อบต.บางรักใหญ่,0.0,0.0
2166,2567,นนทบุรี,มกราคม,บางบัวทอง,อบต.ละหาร,0.0,0.0
2167,2567,นนทบุรี,มกราคม,บางบัวทอง,อบต.ลำโพ,0.0,0.0
2168,2567,นนทบุรี,มกราคม,บางใหญ่,เทศบาลเมืองบางแม่นาง,0.0,0.0
2169,2567,นนทบุรี,มกราคม,บางใหญ่,เทศบาลเมืองเสาธงหิน,0.0,0.0
2170,2567,นนทบุรี,มกราคม,บางใหญ่,เทศบาลตำบลบางม่วง,0.0,0.0
2171,2567,นนทบุรี,มกราคม,บางใหญ่,เทศบาลตำบลบางเลน,1.5,1.5
2172,2567,นนทบุรี,มกราคม,บางใหญ่,เทศบาลตำบลบางใหญ่,0.0,0.0
2173,2567,นนทบุรี,มกราคม,บางใหญ่,อบต.บางใหญ่,0.0,0.0
2174,2567,นนทบุรี,มกราคม,บางใหญ่,อบต.บ้านใหม่,0.0,0.0
2175,2567,นนทบุรี,มกราคม,ปากเกร็ด,เทศบาลนครปากเกร็ด,28.42,28.42
2176,2567,นนทบุรี,มกราคม,ปากเกร็ด,เทศบาลตำบลบางพลับ,0.014,0.014
2177,2567,นนทบุรี,มกราคม,ปากเกร็ด,อบต.เกาะเกร็ด,0.0,0.0
2178,2567,นนทบุรี,มกราคม,ปากเกร็ด,อบต.คลองข่อย,0.0,0.0
2179,2567,นนทบุรี,มกราคม,ปากเกร็ด,อบต.คลองพระอุดม,0.0,0.0
2180,2567,นนทบุรี,มกราคม,ปากเกร็ด,อบต.ท่าอิฐ,0.012,0.012
2181,2567,นนทบุรี,มกราคม,ปากเกร็ด,อบต.บางตะไนย์,0.05,0.03
2182,2567,นนทบุรี,มกราคม,ปากเกร็ด,อบต.อ้อมเกร็ด,0.0,0.0
2183,2567,นนทบุรี,มกราคม,เมืองนนทบุรี,เทศบาลนครนนทบุรี,84.85,84.85
2184,2567,นนทบุรี,มกราคม,เมืองนนทบุรี,เทศบาลเมืองไทรม้า,0.0,0.0
2185,2567,นนทบุรี,มกราคม,เมืองนนทบุรี,เทศบาลเมืองบางกร่าง,1.03,1.03
2186,2567,นนทบุรี,มกราคม,เมืองนนทบุรี,เทศบาลเมืองบางศรีเมือง,0.726,0.726
2187,2567,นนทบุรี,มกราคม,เมืองนนทบุรี,อบต.บางไผ่,0.0,0.0
2188,2567,นนทบุรี,มกราคม,เมืองนนทบุรี,อบต.บางรักน้อย,0.03,0.03
2189,2567,นนทบุรี,กุมภาพันธ์,ไทรน้อย,เทศบาลตำบลไทรน้อย,0.0,0.0
2190,2567,นนทบุรี,กุมภาพันธ์,ไทรน้อย,อบต.ขุนศรี,0.0,0.0
2191,2567,นนทบุรี,กุมภาพันธ์,ไทรน้อย,อบต.คลองขวาง,0.0,0.0
2192,2567,นนทบุรี,กุมภาพันธ์,ไทรน้อย,อบต.ทวีวัฒนา,0.0,0.0
2193,2567,นนทบุรี,กุมภาพันธ์,ไทรน้อย,อบต.ไทรน้อย,0.0,0.0
2194,2567,นนทบุรี,กุมภาพันธ์,ไทรน้อย,อบต.ไทรใหญ่,0.0,0.0
2195,2567,นนทบุรี,กุมภาพันธ์,ไทรน้อย,อบต.ราษฎร์นิยม,0.0,0.0
2196,2567,นนทบุรี,กุมภาพันธ์,ไทรน้อย,อบต.หนองเพรางาย,0.06,0.0
2197,2567,นนทบุรี,กุมภาพันธ์,บางกรวย,เทศบาลเมืองบางกรวย,0.0,0.0
2198,2567,นนทบุรี,กุมภาพันธ์,บางกรวย,เทศบาลตำบลบางสีทอง,0.0,0.0
2199,2567,นนทบุรี,กุมภาพันธ์,บางกรวย,เทศบาลตำบลปลายบาง,0.18,0.18
2200,2567,นนทบุรี,กุมภาพันธ์,บางกรวย,เทศบาลตำบลศาลากลาง,0.0,0.0
2201,2567,นนทบุรี,กุมภาพันธ์,บางกรวย,อบต.บางขนุน,0.0,0.0
2202,2567,นนทบุรี,กุมภาพันธ์,บางกรวย,อบต.บางขุนกอง,0.0,0.0
2203,2567,นนทบุรี,กุมภาพันธ์,บางกรวย,อบต.มหาสวัสดิ์,0.5,0.5
2204,2567,นนทบุรี,กุมภาพันธ์,บางบัวทอง,เทศบาลนครบางบัวทอง,1.3,1.3
2205,2567,นนทบุรี,กุมภาพันธ์,บางบัวทอง,เทศบาลเมืองบางคูรัด,0.0,0.0
2206,2567,นนทบุรี,กุมภาพันธ์,บางบัวทอง,เทศบาลเมืองบางรักพัฒนา,0.0,0.0
2207,2567,นนทบุรี,กุมภาพันธ์,บางบัวทอง,เทศบาลเมืองพิมลราช,0.0,0.0
2208,2567,นนทบุรี,กุมภาพันธ์,บางบัวทอง,เทศบาลเมืองใหม่บางบัวทอง,10.0,10.0
2209,2567,นนทบุรี,กุมภาพันธ์,บางบัวทอง,อบต.บางรักใหญ่,0.0,0.0
2210,2567,นนทบุรี,กุมภาพันธ์,บางบัวทอง,อบต.ละหาร,0.0,0.0
2211,2567,นนทบุรี,กุมภาพันธ์,บางบัวทอง,อบต.ลำโพ,0.0,0.0
2212,2567,นนทบุรี,กุมภาพันธ์,บางใหญ่,เทศบาลเมืองบางแม่นาง,0.0,0.0
2213,2567,นนทบุรี,กุมภาพันธ์,บางใหญ่,เทศบาลเมืองเสาธงหิน,0.0,0.0
2214,2567,นนทบุรี,กุมภาพันธ์,บางใหญ่,เทศบาลตำบลบางม่วง,0.0,0.0
2215,2567,นนทบุรี,กุมภาพันธ์,บางใหญ่,เทศบาลตำบลบางเลน,1.5,1.5
2216,2567,นนทบุรี,กุมภาพันธ์,บางใหญ่,เทศบาลตำบลบางใหญ่,0.0,0.0
2217,2567,นนทบุรี,กุมภาพันธ์,บางใหญ่,อบต.บางใหญ่,0.0,0.0
2218,2567,นนทบุรี,กุมภาพันธ์,บางใหญ่,อบต.บ้านใหม่,0.0,0.0
2219,2567,นนทบุรี,กุมภาพันธ์,ปากเกร็ด,เทศบาลนครปากเกร็ด,27.645,27.645
2220,2567,นนทบุรี,กุมภาพันธ์,ปากเกร็ด,เทศบาลตำบลบางพลับ,0.017,0.017
2221,2567,นนทบุรี,กุมภาพันธ์,ปากเกร็ด,อบต.เกาะเกร็ด,0.0,0.0
2222,2567,นนทบุรี,กุมภาพันธ์,ปากเกร็ด,อบต.คลองข่อย,0.0,0.0
2223,2567,นนทบุรี,กุมภาพันธ์,ปากเกร็ด,อบต.คลองพระอุดม,0.0,0.0
2224,2567,นนทบุรี,กุมภาพันธ์,ปากเกร็ด,อบต.ท่าอิฐ,0.015,0.015
2225,2567,นนทบุรี,กุมภาพันธ์,ปากเกร็ด,อบต.บางตะไนย์,0.05,0.03
2226,2567,นนทบุรี,กุมภาพันธ์,ปากเกร็ด,อบต.อ้อมเกร็ด,0.0,0.0
2227,2567,นนทบุรี,กุมภาพันธ์,เมืองนนทบุรี,เทศบาลนครนนทบุรี,79.52,79.52
2228,2567,นนทบุรี,กุมภาพันธ์,เมืองนนทบุรี,เทศบาลเมืองไทรม้า,0.0,0.0
2229,2567,นนทบุรี,กุมภาพันธ์,เมืองนนทบุรี,เทศบาลเมืองบางกร่าง,1.03,1.03
2230,2567,นนทบุรี,กุมภาพันธ์,เมืองนนทบุรี,เทศบาลเมืองบางศรีเมือง,0.0,0.0
2231,2567,นนทบุรี,กุมภาพันธ์,เมืองนนทบุรี,อบต.บางไผ่,0.0,0.0
2232,2567,นนทบุรี,กุมภาพันธ์,เมืองนนทบุรี,อบต.บางรักน้อย,742.03,0.03
2233,2567,นนทบุรี,มีนาคม,ไทรน้อย,เทศบาลตำบลไทรน้อย,0.0,0.0
2234,2567,นนทบุรี,มีนาคม,ไทรน้อย,อบต.ขุนศรี,0.0,0.0
2235,2567,นนทบุรี,มีนาคม,ไทรน้อย,อบต.คลองขวาง,0.0,0.0
2236,2567,นนทบุรี,มีนาคม,ไทรน้อย,อบต.ทวีวัฒนา,0.0,0.0
2237,2567,นนทบุรี,มีนาคม,ไทรน้อย,อบต.ไทรน้อย,0.0,0.0
2238,2567,นนทบุรี,มีนาคม,ไทรน้อย,อบต.ไทรใหญ่,0.0,0.0
2239,2567,นนทบุรี,มีนาคม,ไทรน้อย,อบต.ราษฎร์นิยม,0.0,0.0
2240,2567,นนทบุรี,มีนาคม,ไทรน้อย,อบต.หนองเพรางาย,0.06,0.0
2241,2567,นนทบุรี,มีนาคม,บางกรวย,เทศบาลเมืองบางกรวย,0.0,0.0
2242,2567,นนทบุรี,มีนาคม,บางกรวย,เทศบาลตำบลบางสีทอง,0.0,0.0
2243,2567,นนทบุรี,มีนาคม,บางกรวย,เทศบาลตำบลปลายบาง,0.2,0.2
2244,2567,นนทบุรี,มีนาคม,บางกรวย,เทศบาลตำบลศาลากลาง,0.0,0.0
2245,2567,นนทบุรี,มีนาคม,บางกรวย,อบต.บางขนุน,0.0,0.0
2246,2567,นนทบุรี,มีนาคม,บางกรวย,อบต.บางขุนกอง,0.0,0.0
2247,2567,นนทบุรี,มีนาคม,บางกรวย,อบต.มหาสวัสดิ์,0.5,0.5
2248,2567,นนทบุรี,มีนาคม,บางบัวทอง,เทศบาลนครบางบัวทอง,1.2,1.2
2249,2567,นนทบุรี,มีนาคม,บางบัวทอง,เทศบาลเมืองบางคูรัด,0.0,0.0
2250,2567,นนทบุรี,มีนาคม,บางบัวทอง,เทศบาลเมืองบางรักพัฒนา,0.0,0.0
2251,2567,นนทบุรี,มีนาคม,บางบัวทอง,เทศบาลเมืองพิมลราช,0.0,0.0
2252,2567,นนทบุรี,มีนาคม,บางบัวทอง,เทศบาลเมืองใหม่บางบัวทอง,10.0,10.0
2253,2567,นนทบุรี,มีนาคม,บางบัวทอง,อบต.บางรักใหญ่,0.0,0.0
2254,2567,นนทบุรี,มีนาคม,บางบัวทอง,อบต.ละหาร,0.0,0.0
2255,2567,นนทบุรี,มีนาคม,บางบัวทอง,อบต.ลำโพ,0.0,0.0
2256,2567,นนทบุรี,มีนาคม,บางใหญ่,เทศบาลเมืองบางแม่นาง,0.0,0.0
2257,2567,นนทบุรี,มีนาคม,บางใหญ่,เทศบาลเมืองเสาธงหิน,0.0,0.0
2258,2567,นนทบุรี,มีนาคม,บางใหญ่,เทศบาลตำบลบางม่วง,0.0,0.0
2259,2567,นนทบุรี,มีนาคม,บางใหญ่,เทศบาลตำบลบางเลน,0.205,0.205
2260,2567,นนทบุรี,มีนาคม,บางใหญ่,เทศบาลตำบลบางใหญ่,0.0,0.0
2261,2567,นนทบุรี,มีนาคม,บางใหญ่,อบต.บางใหญ่,2.0,2.0
2262,2567,นนทบุรี,มีนาคม,บางใหญ่,อบต.บ้านใหม่,0.0,0.0
2263,2567,นนทบุรี,มีนาคม,ปากเกร็ด,เทศบาลนครปากเกร็ด,30.08,30.08
2264,2567,นนทบุรี,มีนาคม,ปากเกร็ด,เทศบาลตำบลบางพลับ,0.015,0.015
2265,2567,นนทบุรี,มีนาคม,ปากเกร็ด,อบต.เกาะเกร็ด,0.0,0.0
2266,2567,นนทบุรี,มีนาคม,ปากเกร็ด,อบต.คลองข่อย,0.01,0.01
2267,2567,นนทบุรี,มีนาคม,ปากเกร็ด,อบต.คลองพระอุดม,0.0,0.0
2268,2567,นนทบุรี,มีนาคม,ปากเกร็ด,อบต.ท่าอิฐ,0.015,0.015
2269,2567,นนทบุรี,มีนาคม,ปากเกร็ด,อบต.บางตะไนย์,0.05,0.03
2270,2567,นนทบุรี,มีนาคม,ปากเกร็ด,อบต.อ้อมเกร็ด,0.0,0.0
2271,2567,นนทบุรี,มีนาคม,เมืองนนทบุรี,เทศบาลนครนนทบุรี,80.97,80.97
2272,2567,นนทบุรี,มีนาคม,เมืองนนทบุรี,เทศบาลเมืองไทรม้า,0.0,0.0
2273,2567,นนทบุรี,มีนาคม,เมืองนนทบุรี,เทศบาลเมืองบางกร่าง,1.03,1.03
2274,2567,นนทบุรี,มีนาคม,เมืองนนทบุรี,เทศบาลเมืองบางศรีเมือง,0.0,0.0
2275,2567,นนทบุรี,มีนาคม,เมืองนนทบุรี,อบต.บางไผ่,0.0,0.0
2276,2567,นนทบุรี,มีนาคม,เมืองนนทบุรี,อบต.บางรักน้อย,0.0,0.0
2277,2567,นนทบุรี,เมษายน,ไทรน้อย,เทศบาลตำบลไทรน้อย,0.0,0.0
2278,2567,นนทบุรี,เมษายน,ไทรน้อย,อบต.ขุนศรี,0.0,0.0
2279,2567,นนทบุรี,เมษายน,ไทรน้อย,อบต.คลองขวาง,0.0,0.0
2280,2567,นนทบุรี,เมษายน,ไทรน้อย,อบต.ทวีวัฒนา,0.0,0.0
2281,2567,นนทบุรี,เมษายน,ไทรน้อย,อบต.ไทรน้อย,0.0,0.0
2282,2567,นนทบุรี,เมษายน,ไทรน้อย,อบต.ไทรใหญ่,0.0,0.0
2283,2567,นนทบุรี,เมษายน,ไทรน้อย,อบต.ราษฎร์นิยม,0.0,0.0
2284,2567,นนทบุรี,เมษายน,ไทรน้อย,อบต.หนองเพรางาย,0.06,0.06
2285,2567,นนทบุรี,เมษายน,บางกรวย,เทศบาลเมืองบางกรวย,0.0,0.0
2286,2567,นนทบุรี,เมษายน,บางกรวย,เทศบาลตำบลบางสีทอง,0.0,0.0
2287,2567,นนทบุรี,เมษายน,บางกรวย,เทศบาลตำบลปลายบาง,0.18,0.18
2288,2567,นนทบุรี,เมษายน,บางกรวย,เทศบาลตำบลศาลากลาง,0.0,0.0
2289,2567,นนทบุรี,เมษายน,บางกรวย,อบต.บางขนุน,0.0,0.0
2290,2567,นนทบุรี,เมษายน,บางกรวย,อบต.บางขุนกอง,0.0,0.0
2291,2567,นนทบุรี,เมษายน,บางกรวย,อบต.มหาสวัสดิ์,0.5,0.5
2292,2567,นนทบุรี,เมษายน,บางบัวทอง,เทศบาลนครบางบัวทอง,1.12,1.12
2293,2567,นนทบุรี,เมษายน,บางบัวทอง,เทศบาลเมืองบางคูรัด,0.0,0.0
2294,2567,นนทบุรี,เมษายน,บางบัวทอง,เทศบาลเมืองบางรักพัฒนา,0.0,0.0
2295,2567,นนทบุรี,เมษายน,บางบัวทอง,เทศบาลเมืองพิมลราช,0.0,0.0
2296,2567,นนทบุรี,เมษายน,บางบัวทอง,เทศบาลเมืองใหม่บางบัวทอง,10.0,10.0
2297,2567,นนทบุรี,เมษายน,บางบัวทอง,อบต.บางรักใหญ่,0.0,0.0
2298,2567,นนทบุรี,เมษายน,บางบัวทอง,อบต.ละหาร,0.0,0.0
2299,2567,นนทบุรี,เมษายน,บางบัวทอง,อบต.ลำโพ,0.0,0.0
2300,2567,นนทบุรี,เมษายน,บางใหญ่,เทศบาลเมืองบางแม่นาง,0.0,0.0
2301,2567,นนทบุรี,เมษายน,บางใหญ่,เทศบาลเมืองเสาธงหิน,0.0,0.0
2302,2567,นนทบุรี,เมษายน,บางใหญ่,เทศบาลตำบลบางม่วง,0.0,0.0
2303,2567,นนทบุรี,เมษายน,บางใหญ่,เทศบาลตำบลบางเลน,0.7,0.7
2304,2567,นนทบุรี,เมษายน,บางใหญ่,เทศบาลตำบลบางใหญ่,0.0,0.0
2305,2567,นนทบุรี,เมษายน,บางใหญ่,อบต.บางใหญ่,2.1,2.1
2306,2567,นนทบุรี,เมษายน,บางใหญ่,อบต.บ้านใหม่,0.0,0.0
2307,2567,นนทบุรี,เมษายน,ปากเกร็ด,เทศบาลนครปากเกร็ด,27.733,27.733
2308,2567,นนทบุรี,เมษายน,ปากเกร็ด,เทศบาลตำบลบางพลับ,0.018,0.018
2309,2567,นนทบุรี,เมษายน,ปากเกร็ด,อบต.เกาะเกร็ด,0.0,0.0
2310,2567,นนทบุรี,เมษายน,ปากเกร็ด,อบต.คลองข่อย,0.001,0.001
2311,2567,นนทบุรี,เมษายน,ปากเกร็ด,อบต.คลองพระอุดม,0.0,0.0
2312,2567,นนทบุรี,เมษายน,ปากเกร็ด,อบต.ท่าอิฐ,0.15,0.15
2313,2567,นนทบุรี,เมษายน,ปากเกร็ด,อบต.บางตะไนย์,0.05,0.03
2314,2567,นนทบุรี,เมษายน,ปากเกร็ด,อบต.อ้อมเกร็ด,0.0,0.0
2315,2567,นนทบุรี,เมษายน,เมืองนนทบุรี,เทศบาลนครนนทบุรี,79.47,79.47
2316,2567,นนทบุรี,เมษายน,เมืองนนทบุรี,เทศบาลเมืองไทรม้า,0.0,0.0
2317,2567,นนทบุรี,เมษายน,เมืองนนทบุรี,เทศบาลเมืองบางกร่าง,1.03,1.03
2318,2567,นนทบุรี,เมษายน,เมืองนนทบุรี,เทศบาลเมืองบางศรีเมือง,0.0,0.0
2319,2567,นนทบุรี,เมษายน,เมืองนนทบุรี,อบต.บางไผ่,0.0,0.0
2320,2567,นนทบุรี,เมษายน,เมืองนนทบุรี,อบต.บางรักน้อย,0.03,0.03
2321,2567,นนทบุรี,พฤษภาคม,ไทรน้อย,เทศบาลตำบลไทรน้อย,0.0,0.0
2322,2567,นนทบุรี,พฤษภาคม,ไทรน้อย,อบต.ขุนศรี,0.0,0.0
2323,2567,นนทบุรี,พฤษภาคม,ไทรน้อย,อบต.คลองขวาง,0.0,0.0
2324,2567,นนทบุรี,พฤษภาคม,ไทรน้อย,อบต.ทวีวัฒนา,0.0,0.0
2325,2567,นนทบุรี,พฤษภาคม,ไทรน้อย,อบต.ไทรน้อย,0.0,0.0
2326,2567,นนทบุรี,พฤษภาคม,ไทรน้อย,อบต.ไทรใหญ่,0.0,0.0
2327,2567,นนทบุรี,พฤษภาคม,ไทรน้อย,อบต.ราษฎร์นิยม,0.0,0.0
2328,2567,นนทบุรี,พฤษภาคม,ไทรน้อย,อบต.หนองเพรางาย,0.06,0.06
2329,2567,นนทบุรี,พฤษภาคม,บางกรวย,เทศบาลเมืองบางกรวย,0.0,0.0
2330,2567,นนทบุรี,พฤษภาคม,บางกรวย,เทศบาลตำบลบางสีทอง,0.0,0.0
2331,2567,นนทบุรี,พฤษภาคม,บางกรวย,เทศบาลตำบลศาลากลาง,0.0,0.0
2332,2567,นนทบุรี,พฤษภาคม,บางกรวย,อบต.บางขนุน,0.0,0.0
2333,2567,นนทบุรี,พฤษภาคม,บางกรวย,อบต.บางขุนกอง,0.0,0.0
2334,2567,นนทบุรี,พฤษภาคม,บางกรวย,อบต.มหาสวัสดิ์,0.5,0.5
2335,2567,นนทบุรี,พฤษภาคม,บางบัวทอง,เทศบาลนครบางบัวทอง,1.35,1.35
2336,2567,นนทบุรี,พฤษภาคม,บางบัวทอง,เทศบาลเมืองบางคูรัด,0.0,0.0
2337,2567,นนทบุรี,พฤษภาคม,บางบัวทอง,เทศบาลเมืองบางรักพัฒนา,0.0,0.0
2338,2567,นนทบุรี,พฤษภาคม,บางบัวทอง,เทศบาลเมืองพิมลราช,0.0,0.0
2339,2567,นนทบุรี,พฤษภาคม,บางบัวทอง,เทศบาลเมืองใหม่บางบัวทอง,20.0,20.0
2340,2567,นนทบุรี,พฤษภาคม,บางบัวทอง,อบต.บางรักใหญ่,0.0,0.0
2341,2567,นนทบุรี,พฤษภาคม,บางบัวทอง,อบต.ละหาร,0.0,0.0
2342,2567,นนทบุรี,พฤษภาคม,บางใหญ่,เทศบาลเมืองบางแม่นาง,0.0,0.0
2343,2567,นนทบุรี,พฤษภาคม,บางใหญ่,เทศบาลเมืองเสาธงหิน,0.0,0.0
2344,2567,นนทบุรี,พฤษภาคม,บางใหญ่,เทศบาลตำบลบางม่วง,0.0,0.0
2345,2567,นนทบุรี,พฤษภาคม,บางใหญ่,เทศบาลตำบลบางเลน,0.6,0.6
2346,2567,นนทบุรี,พฤษภาคม,บางใหญ่,เทศบาลตำบลบางใหญ่,0.0,0.0
2347,2567,นนทบุรี,พฤษภาคม,บางใหญ่,อบต.บางใหญ่,2.0,2.0
2348,2567,นนทบุรี,พฤษภาคม,บางใหญ่,อบต.บ้านใหม่,0.0,0.0
2349,2567,นนทบุรี,พฤษภาคม,ปากเกร็ด,เทศบาลนครปากเกร็ด,29.933,29.933
2350,2567,นนทบุรี,พฤษภาคม,ปากเกร็ด,เทศบาลตำบลบางพลับ,0.003,0.003
2351,2567,นนทบุรี,พฤษภาคม,ปากเกร็ด,อบต.เกาะเกร็ด,0.0,0.0
2352,2567,นนทบุรี,พฤษภาคม,ปากเกร็ด,อบต.คลองข่อย,0.01,0.01
2353,2567,นนทบุรี,พฤษภาคม,ปากเกร็ด,อบต.คลองพระอุดม,0.0,0.0
2354,2567,นนทบุรี,พฤษภาคม,ปากเกร็ด,อบต.ท่าอิฐ,0.14,0.14
2355,2567,นนทบุรี,พฤษภาคม,ปากเกร็ด,อบต.บางตะไนย์,0.05,0.5
2356,2567,นนทบุรี,พฤษภาคม,ปากเกร็ด,อบต.อ้อมเกร็ด,0.0,0.0
2357,2567,นนทบุรี,พฤษภาคม,เมืองนนทบุรี,เทศบาลนครนนทบุรี,85.043,85.043
2358,2567,นนทบุรี,พฤษภาคม,เมืองนนทบุรี,เทศบาลเมืองไทรม้า,0.0,0.0
2359,2567,นนทบุรี,พฤษภาคม,เมืองนนทบุรี,เทศบาลเมืองบางศรีเมือง,0.0,0.0
2360,2567,นนทบุรี,พฤษภาคม,เมืองนนทบุรี,อบต.บางไผ่,0.0,0.0
2361,2567,นนทบุรี,พฤษภาคม,เมืองนนทบุรี,อบต.บางรักน้อย,0.0,0.0
2362,2567,นนทบุรี,มิถุนายน,ไทรน้อย,เทศบาลตำบลไทรน้อย,0.0,0.0
2363,2567,นนทบุรี,มิถุนายน,ไทรน้อย,อบต.ขุนศรี,0.0,0.0
2364,2567,นนทบุรี,มิถุนายน,ไทรน้อย,อบต.คลองขวาง,0.0,0.0
2365,2567,นนทบุรี,มิถุนายน,ไทรน้อย,อบต.ทวีวัฒนา,0.0,0.0
2366,2567,นนทบุรี,มิถุนายน,ไทรน้อย,อบต.ไทรน้อย,0.0,0.0
2367,2567,นนทบุรี,มิถุนายน,ไทรน้อย,อบต.ไทรใหญ่,0.0,0.0
2368,2567,นนทบุรี,มิถุนายน,ไทรน้อย,อบต.ราษฎร์นิยม,0.0,0.0
2369,2567,นนทบุรี,มิถุนายน,ไทรน้อย,อบต.หนองเพรางาย,0.06,0.06
2370,2567,นนทบุรี,มิถุนายน,บางกรวย,เทศบาลเมืองบางกรวย,0.0,0.0
2371,2567,นนทบุรี,มิถุนายน,บางกรวย,เทศบาลตำบลบางสีทอง,0.0,0.0
2372,2567,นนทบุรี,มิถุนายน,บางกรวย,เทศบาลตำบลศาลากลาง,0.0,0.0
2373,2567,นนทบุรี,มิถุนายน,บางกรวย,อบต.บางขนุน,0.0,0.0
2374,2567,นนทบุรี,มิถุนายน,บางกรวย,อบต.บางขุนกอง,0.0,0.0
2375,2567,นนทบุรี,มิถุนายน,บางกรวย,อบต.มหาสวัสดิ์,0.5,0.5
2376,2567,นนทบุรี,มิถุนายน,บางบัวทอง,เทศบาลนครบางบัวทอง,1.45,1.45
2377,2567,นนทบุรี,มิถุนายน,บางบัวทอง,เทศบาลเมืองบางคูรัด,0.0,0.0
2378,2567,นนทบุรี,มิถุนายน,บางบัวทอง,เทศบาลเมืองบางรักพัฒนา,0.0,0.0
2379,2567,นนทบุรี,มิถุนายน,บางบัวทอง,เทศบาลเมืองพิมลราช,0.0,0.0
2380,2567,นนทบุรี,มิถุนายน,บางบัวทอง,เทศบาลเมืองใหม่บางบัวทอง,0.25,0.25
2381,2567,นนทบุรี,มิถุนายน,บางบัวทอง,อบต.บางรักใหญ่,0.0,0.0
2382,2567,นนทบุรี,มิถุนายน,บางบัวทอง,อบต.ละหาร,0.0,0.0
2383,2567,นนทบุรี,มิถุนายน,บางใหญ่,เทศบาลเมืองบางแม่นาง,0.0,0.0
2384,2567,นนทบุรี,มิถุนายน,บางใหญ่,เทศบาลเมืองเสาธงหิน,0.0,0.0
2385,2567,นนทบุรี,มิถุนายน,บางใหญ่,เทศบาลตำบลบางม่วง,0.0,0.0
2386,2567,นนทบุรี,มิถุนายน,บางใหญ่,เทศบาลตำบลบางเลน,0.6,0.6
2387,2567,นนทบุรี,มิถุนายน,บางใหญ่,เทศบาลตำบลบางใหญ่,0.0,0.0
2388,2567,นนทบุรี,มิถุนายน,บางใหญ่,อบต.บางใหญ่,2.2,2.2
2389,2567,นนทบุรี,มิถุนายน,บางใหญ่,อบต.บ้านใหม่,0.0,0.0
2390,2567,นนทบุรี,มิถุนายน,ปากเกร็ด,เทศบาลนครปากเกร็ด,29275.0,29275.0
2391,2567,นนทบุรี,มิถุนายน,ปากเกร็ด,เทศบาลตำบลบางพลับ,0.003,0.003
2392,2567,นนทบุรี,มิถุนายน,ปากเกร็ด,อบต.เกาะเกร็ด,0.0,0.0
2393,2567,นนทบุรี,มิถุนายน,ปากเกร็ด,อบต.คลองข่อย,0.001,0.001
2394,2567,นนทบุรี,มิถุนายน,ปากเกร็ด,อบต.คลองพระอุดม,0.0,0.0
2395,2567,นนทบุรี,มิถุนายน,ปากเกร็ด,อบต.ท่าอิฐ,0.14,0.14
2396,2567,นนทบุรี,มิถุนายน,ปากเกร็ด,อบต.บางตะไนย์,0.05,0.5
2397,2567,นนทบุรี,มิถุนายน,ปากเกร็ด,อบต.อ้อมเกร็ด,0.0,0.0
2398,2567,นนทบุรี,มิถุนายน,เมืองนนทบุรี,เทศบาลนครนนทบุรี,79.55,79.55
2399,2567,นนทบุรี,มิถุนายน,เมืองนนทบุรี,เทศบาลเมืองไทรม้า,0.0,0.0
2400,2567,นนทบุรี,มิถุนายน,เมืองนนทบุรี,เทศบาลเมืองบางศรีเมือง,0.0,0.0
2401,2567,นนทบุรี,มิถุนายน,เมืองนนทบุรี,อบต.บางไผ่,0.0,0.0
2402,2567,นนทบุรี,มิถุนายน,เมืองนนทบุรี,อบต.บางรักน้อย,0.03,0.03
2403,2567,นนทบุรี,กรกฎาคม,ไทรน้อย,เทศบาลตำบลไทรน้อย,0.0,0.0
2404,2567,นนทบุรี,กรกฎาคม,ไทรน้อย,อบต.ขุนศรี,0.0,0.0
2405,2567,นนทบุรี,กรกฎาคม,ไทรน้อย,อบต.คลองขวาง,0.0,0.0
2406,2567,นนทบุรี,กรกฎาคม,ไทรน้อย,อบต.ทวีวัฒนา,0.0,0.0
2407,2567,นนทบุรี,กรกฎาคม,ไทรน้อย,อบต.ไทรน้อย,0.0,0.0
2408,2567,นนทบุรี,กรกฎาคม,ไทรน้อย,อบต.ไทรใหญ่,0.0,0.0
2409,2567,นนทบุรี,กรกฎาคม,ไทรน้อย,อบต.ราษฎร์นิยม,0.0,0.0
2410,2567,นนทบุรี,กรกฎาคม,ไทรน้อย,อบต.หนองเพรางาย,0.06,0.06
2411,2567,นนทบุรี,กรกฎาคม,บางกรวย,เทศบาลเมืองบางกรวย,0.0,0.0
2412,2567,นนทบุรี,กรกฎาคม,บางกรวย,เทศบาลตำบลบางสีทอง,0.0,0.0
2413,2567,นนทบุรี,กรกฎาคม,บางกรวย,เทศบาลตำบลศาลากลาง,0.0,0.0
2414,2567,นนทบุรี,กรกฎาคม,บางกรวย,อบต.บางขนุน,0.0,0.0
2415,2567,นนทบุรี,กรกฎาคม,บางกรวย,อบต.บางขุนกอง,0.0,0.0
2416,2567,นนทบุรี,กรกฎาคม,บางกรวย,อบต.มหาสวัสดิ์,0.5,0.5
2417,2567,นนทบุรี,กรกฎาคม,บางบัวทอง,เทศบาลนครบางบัวทอง,1.53,1.53
2418,2567,นนทบุรี,กรกฎาคม,บางบัวทอง,เทศบาลเมืองบางคูรัด,0.0,0.0
2419,2567,นนทบุรี,กรกฎาคม,บางบัวทอง,เทศบาลเมืองบางรักพัฒนา,0.0,0.0
2420,2567,นนทบุรี,กรกฎาคม,บางบัวทอง,เทศบาลเมืองพิมลราช,0.0,0.0
2421,2567,นนทบุรี,กรกฎาคม,บางบัวทอง,เทศบาลเมืองใหม่บางบัวทอง,20.0,20.0
2422,2567,นนทบุรี,กรกฎาคม,บางบัวทอง,อบต.บางรักใหญ่,0.0,0.0
2423,2567,นนทบุรี,กรกฎาคม,บางบัวทอง,อบต.ละหาร,0.0,0.0
2424,2567,นนทบุรี,กรกฎาคม,บางใหญ่,เทศบาลเมืองบางแม่นาง,0.0,0.0
2425,2567,นนทบุรี,กรกฎาคม,บางใหญ่,เทศบาลเมืองเสาธงหิน,0.0,0.0
2426,2567,นนทบุรี,กรกฎาคม,บางใหญ่,เทศบาลตำบลบางม่วง,0.0,0.0
2427,2567,นนทบุรี,กรกฎาคม,บางใหญ่,เทศบาลตำบลบางเลน,0.64,0.64
2428,2567,นนทบุรี,กรกฎาคม,บางใหญ่,เทศบาลตำบลบางใหญ่,0.0,0.0
2429,2567,นนทบุรี,กรกฎาคม,บางใหญ่,อบต.บางใหญ่,2.0,2.0
2430,2567,นนทบุรี,กรกฎาคม,บางใหญ่,อบต.บ้านใหม่,0.0,0.0
2431,2567,นนทบุรี,กรกฎาคม,ปากเกร็ด,เทศบาลนครปากเกร็ด,30.336,30.336
2432,2567,นนทบุรี,กรกฎาคม,ปากเกร็ด,เทศบาลตำบลบางพลับ,0.001,0.001
2433,2567,นนทบุรี,กรกฎาคม,ปากเกร็ด,อบต.เกาะเกร็ด,0.0,0.0
2434,2567,นนทบุรี,กรกฎาคม,ปากเกร็ด,อบต.คลองข่อย,0.01,0.01
2435,2567,นนทบุรี,กรกฎาคม,ปากเกร็ด,อบต.คลองพระอุดม,0.0,0.0
2436,2567,นนทบุรี,กรกฎาคม,ปากเกร็ด,อบต.ท่าอิฐ,13.0,13.0
2437,2567,นนทบุรี,กรกฎาคม,ปากเกร็ด,อบต.บางตะไนย์,0.05,0.5
2438,2567,นนทบุรี,กรกฎาคม,ปากเกร็ด,อบต.อ้อมเกร็ด,0.0,0.0
2439,2567,นนทบุรี,กรกฎาคม,เมืองนนทบุรี,เทศบาลนครนนทบุรี,89.45,89.45
2440,2567,นนทบุรี,กรกฎาคม,เมืองนนทบุรี,เทศบาลเมืองไทรม้า,0.0,0.0
2441,2567,นนทบุรี,กรกฎาคม,เมืองนนทบุรี,เทศบาลเมืองบางศรีเมือง,0.0,0.0
2442,2567,นนทบุรี,กรกฎาคม,เมืองนนทบุรี,อบต.บางไผ่,0.0,0.0
2443,2567,นนทบุรี,กรกฎาคม,เมืองนนทบุรี,อบต.บางรักน้อย,0.5,0.0
2444,2567,นนทบุรี,สิงหาคม,ไทรน้อย,เทศบาลตำบลไทรน้อย,0.0,0.0
2445,2567,นนทบุรี,สิงหาคม,ไทรน้อย,อบต.ขุนศรี,0.0,0.0
2446,2567,นนทบุรี,สิงหาคม,ไทรน้อย,อบต.คลองขวาง,0.0,0.0
2447,2567,นนทบุรี,สิงหาคม,ไทรน้อย,อบต.ทวีวัฒนา,0.0,0.0
2448,2567,นนทบุรี,สิงหาคม,ไทรน้อย,อบต.ไทรน้อย,0.0,0.0
2449,2567,นนทบุรี,สิงหาคม,ไทรน้อย,อบต.ไทรใหญ่,0.0,0.0
2450,2567,นนทบุรี,สิงหาคม,ไทรน้อย,อบต.ราษฎร์นิยม,0.0,0.0
2451,2567,นนทบุรี,สิงหาคม,ไทรน้อย,อบต.หนองเพรางาย,0.06,0.06
2452,2567,นนทบุรี,สิงหาคม,บางกรวย,เทศบาลเมืองบางกรวย,0.0,0.0
2453,2567,นนทบุรี,สิงหาคม,บางกรวย,เทศบาลตำบลบางสีทอง,0.0,0.0
2454,2567,นนทบุรี,สิงหาคม,บางกรวย,เทศบาลตำบลศาลากลาง,0.0,0.0
2455,2567,นนทบุรี,สิงหาคม,บางกรวย,อบต.บางขนุน,0.0,0.0
2456,2567,นนทบุรี,สิงหาคม,บางกรวย,อบต.บางขุนกอง,0.0,0.0
2457,2567,นนทบุรี,สิงหาคม,บางกรวย,อบต.มหาสวัสดิ์,0.5,0.5
2458,2567,นนทบุรี,สิงหาคม,บางบัวทอง,เทศบาลนครบางบัวทอง,1.324,1.324
2459,2567,นนทบุรี,สิงหาคม,บางบัวทอง,เทศบาลเมืองบางคูรัด,0.0,0.0
2460,2567,นนทบุรี,สิงหาคม,บางบัวทอง,เทศบาลเมืองบางรักพัฒนา,0.0,0.0
2461,2567,นนทบุรี,สิงหาคม,บางบัวทอง,เทศบาลเมืองพิมลราช,0.0,0.0
2462,2567,นนทบุรี,สิงหาคม,บางบัวทอง,เทศบาลเมืองใหม่บางบัวทอง,5.0,5.0
2463,2567,นนทบุรี,สิงหาคม,บางบัวทอง,อบต.บางรักใหญ่,0.0,0.0
2464,2567,นนทบุรี,สิงหาคม,บางบัวทอง,อบต.ละหาร,0.0,0.0
2465,2567,นนทบุรี,สิงหาคม,บางใหญ่,เทศบาลเมืองบางแม่นาง,0.0,0.0
2466,2567,นนทบุรี,สิงหาคม,บางใหญ่,เทศบาลเมืองเสาธงหิน,0.0,0.0
2467,2567,นนทบุรี,สิงหาคม,บางใหญ่,เทศบาลตำบลบางม่วง,0.0,0.0
2468,2567,นนทบุรี,สิงหาคม,บางใหญ่,เทศบาลตำบลบางเลน,0.7,0.7
2469,2567,นนทบุรี,สิงหาคม,บางใหญ่,เทศบาลตำบลบางใหญ่,0.0,0.0
2470,2567,นนทบุรี,สิงหาคม,บางใหญ่,อบต.บางใหญ่,2.5,2.5
2471,2567,นนทบุรี,สิงหาคม,บางใหญ่,อบต.บ้านใหม่,0.0,0.0
2472,2567,นนทบุรี,สิงหาคม,ปากเกร็ด,เทศบาลนครปากเกร็ด,31.933,31.933
2473,2567,นนทบุรี,สิงหาคม,ปากเกร็ด,เทศบาลตำบลบางพลับ,0.002,0.002
2474,2567,นนทบุรี,สิงหาคม,ปากเกร็ด,อบต.เกาะเกร็ด,0.0,0.0
2475,2567,นนทบุรี,สิงหาคม,ปากเกร็ด,อบต.คลองข่อย,0.01,0.01
2476,2567,นนทบุรี,สิงหาคม,ปากเกร็ด,อบต.คลองพระอุดม,0.0,0.0
2477,2567,นนทบุรี,สิงหาคม,ปากเกร็ด,อบต.ท่าอิฐ,0.12,0.12
2478,2567,นนทบุรี,สิงหาคม,ปากเกร็ด,อบต.บางตะไนย์,0.05,0.5
2479,2567,นนทบุรี,สิงหาคม,ปากเกร็ด,อบต.อ้อมเกร็ด,0.0,0.0
2480,2567,นนทบุรี,สิงหาคม,เมืองนนทบุรี,เทศบาลนครนนทบุรี,93.417,93.417
2481,2567,นนทบุรี,สิงหาคม,เมืองนนทบุรี,เทศบาลเมืองไทรม้า,0.0,0.0
2482,2567,นนทบุรี,สิงหาคม,เมืองนนทบุรี,เทศบาลเมืองบางศรีเมือง,0.0,0.0
2483,2567,นนทบุรี,สิงหาคม,เมืองนนทบุรี,อบต.บางไผ่,0.0,0.0
2484,2567,นนทบุรี,สิงหาคม,เมืองนนทบุรี,อบต.บางรักน้อย,0.5,0.0
2485,2567,นนทบุรี,กันยายน,ไทรน้อย,เทศบาลตำบลไทรน้อย,0.0,0.0
2486,2567,นนทบุรี,กันยายน,ไทรน้อย,อบต.ขุนศรี,0.0,0.0
2487,2567,นนทบุรี,กันยายน,ไทรน้อย,อบต.คลองขวาง,0.0,0.0
2488,2567,นนทบุรี,กันยายน,ไทรน้อย,อบต.ทวีวัฒนา,0.0,0.0
2489,2567,นนทบุรี,กันยายน,ไทรน้อย,อบต.ไทรน้อย,0.0,0.0
2490,2567,นนทบุรี,กันยายน,ไทรน้อย,อบต.ราษฎร์นิยม,0.0,0.0
2491,2567,นนทบุรี,กันยายน,ไทรน้อย,อบต.หนองเพรางาย,0.06,0.06
2492,2567,นนทบุรี,กันยายน,บางกรวย,เทศบาลเมืองบางกรวย,0.0,0.0
2493,2567,นนทบุรี,กันยายน,บางกรวย,เทศบาลตำบลบางสีทอง,0.0,0.0
2494,2567,นนทบุรี,กันยายน,บางกรวย,เทศบาลตำบลศาลากลาง,0.01,0.01
2495,2567,นนทบุรี,กันยายน,บางกรวย,อบต.บางขนุน,0.0,0.0
2496,2567,นนทบุรี,กันยายน,บางกรวย,อบต.บางขุนกอง,0.0,0.0
2497,2567,นนทบุรี,กันยายน,บางกรวย,อบต.มหาสวัสดิ์,0.5,0.5
2498,2567,นนทบุรี,กันยายน,บางบัวทอง,เทศบาลนครบางบัวทอง,1.324,1.324
2499,2567,นนทบุรี,กันยายน,บางบัวทอง,เทศบาลเมืองบางคูรัด,0.0,0.0
2500,2567,นนทบุรี,กันยายน,บางบัวทอง,เทศบาลเมืองบางรักพัฒนา,0.0,0.0
2501,2567,นนทบุรี,กันยายน,บางบัวทอง,เทศบาลเมืองพิมลราช,0.0,0.0
2502,2567,นนทบุรี,กันยายน,บางบัวทอง,เทศบาลเมืองใหม่บางบัวทอง,10.0,10.0
2503,2567,นนทบุรี,กันยายน,บางบัวทอง,อบต.บางรักใหญ่,0.0,0.0
2504,2567,นนทบุรี,กันยายน,บางบัวทอง,อบต.ละหาร,0.0,0.0
2505,2567,นนทบุรี,กันยายน,บางใหญ่,เทศบาลเมืองบางแม่นาง,0.0,0.0
2506,2567,นนทบุรี,กันยายน,บางใหญ่,เทศบาลเมืองเสาธงหิน,0.0,0.0
2507,2567,นนทบุรี,กันยายน,บางใหญ่,เทศบาลตำบลบางม่วง,0.0,0.0
2508,2567,นนทบุรี,กันยายน,บางใหญ่,เทศบาลตำบลบางเลน,0.62,0.62
2509,2567,นนทบุรี,กันยายน,บางใหญ่,อบต.บ้านใหม่,0.0,0.0
2510,2567,นนทบุรี,กันยายน,ปากเกร็ด,เทศบาลนครปากเกร็ด,24.465,24.465
2511,2567,นนทบุรี,กันยายน,ปากเกร็ด,เทศบาลตำบลบางพลับ,0.02,0.02
2512,2567,นนทบุรี,กันยายน,ปากเกร็ด,อบต.เกาะเกร็ด,0.0,0.0
2513,2567,นนทบุรี,กันยายน,ปากเกร็ด,อบต.คลองข่อย,0.01,0.01
2514,2567,นนทบุรี,กันยายน,ปากเกร็ด,อบต.คลองพระอุดม,0.0,0.0
2515,2567,นนทบุรี,กันยายน,ปากเกร็ด,อบต.ท่าอิฐ,0.14,0.14
2516,2567,นนทบุรี,กันยายน,ปากเกร็ด,อบต.บางตะไนย์,0.05,55.0
2517,2567,นนทบุรี,กันยายน,ปากเกร็ด,อบต.อ้อมเกร็ด,0.0,0.0
2518,2567,นนทบุรี,กันยายน,เมืองนนทบุรี,เทศบาลนครนนทบุรี,84.25,84.25
2519,2567,นนทบุรี,กันยายน,เมืองนนทบุรี,เทศบาลเมืองไทรม้า,0.0,0.0
2520,2567,นนทบุรี,กันยายน,เมืองนนทบุรี,เทศบาลเมืองบางศรีเมือง,0.0,0.0
2521,2567,นนทบุรี,กันยายน,เมืองนนทบุรี,อบต.บางไผ่,0.0,0.0
2522,2567,นนทบุรี,กันยายน,เมืองนนทบุรี,อบต.บางรักน้อย,678.605,0.0
2523,2567,นนทบุรี,ตุลาคม,ไทรน้อย,เทศบาลตำบลไทรน้อย,0.0,0.0
2524,2567,นนทบุรี,ตุลาคม,ไทรน้อย,อบต.ขุนศรี,0.0,0.0
2525,2567,นนทบุรี,ตุลาคม,ไทรน้อย,อบต.คลองขวาง,0.0,0.0
2526,2567,นนทบุรี,ตุลาคม,ไทรน้อย,อบต.ทวีวัฒนา,0.0,0.0
2527,2567,นนทบุรี,ตุลาคม,ไทรน้อย,อบต.ไทรน้อย,0.0,0.0
2528,2567,นนทบุรี,ตุลาคม,ไทรน้อย,อบต.ไทรใหญ่,0.0,0.0
2529,2567,นนทบุรี,ตุลาคม,ไทรน้อย,อบต.ราษฎร์นิยม,0.0,0.0
2530,2567,นนทบุรี,ตุลาคม,ไทรน้อย,อบต.หนองเพรางาย,0.0,0.0
2531,2567,นนทบุรี,ตุลาคม,บางกรวย,เทศบาลเมืองบางกรวย,0.0,0.0
2532,2567,นนทบุรี,ตุลาคม,บางกรวย,เทศบาลตำบลบางสีทอง,0.0,0.0
2533,2567,นนทบุรี,ตุลาคม,บางกรวย,เทศบาลตำบลปลายบาง,0.2,0.2
2534,2567,นนทบุรี,ตุลาคม,บางกรวย,เทศบาลตำบลศาลากลาง,0.02,0.02
2535,2567,นนทบุรี,ตุลาคม,บางกรวย,อบต.บางขนุน,0.0,0.0
2536,2567,นนทบุรี,ตุลาคม,บางกรวย,อบต.บางขุนกอง,0.0,0.0
2537,2567,นนทบุรี,ตุลาคม,บางกรวย,อบต.มหาสวัสดิ์,0.5,0.5
2538,2567,นนทบุรี,ตุลาคม,บางบัวทอง,เทศบาลนครบางบัวทอง,1.2,1.2
2539,2567,นนทบุรี,ตุลาคม,บางบัวทอง,เทศบาลเมืองบางคูรัด,0.0,0.0
2540,2567,นนทบุรี,ตุลาคม,บางบัวทอง,เทศบาลเมืองบางรักพัฒนา,0.0,0.0
2541,2567,นนทบุรี,ตุลาคม,บางบัวทอง,เทศบาลเมืองพิมลราช,0.0,0.0
2542,2567,นนทบุรี,ตุลาคม,บางบัวทอง,เทศบาลเมืองใหม่บางบัวทอง,10.0,10.0
2543,2567,นนทบุรี,ตุลาคม,บางบัวทอง,อบต.บางรักใหญ่,0.0,0.0
2544,2567,นนทบุรี,ตุลาคม,บางบัวทอง,อบต.ละหาร,0.0,0.0
2545,2567,นนทบุรี,ตุลาคม,บางบัวทอง,อบต.ลำโพ,0.0,0.0
2546,2567,นนทบุรี,ตุลาคม,บางใหญ่,เทศบาลเมืองบางแม่นาง,0.0,0.0
2547,2567,นนทบุรี,ตุลาคม,บางใหญ่,เทศบาลเมืองเสาธงหิน,0.0,0.0
2548,2567,นนทบุรี,ตุลาคม,บางใหญ่,เทศบาลตำบลบางม่วง,0.017,0.017
2549,2567,นนทบุรี,ตุลาคม,บางใหญ่,เทศบาลตำบลบางเลน,1.0,1.0
2550,2567,นนทบุรี,ตุลาคม,บางใหญ่,เทศบาลตำบลบางใหญ่,0.0,0.0
2551,2567,นนทบุรี,ตุลาคม,บางใหญ่,อบต.บางใหญ่,0.0,0.0
2552,2567,นนทบุรี,ตุลาคม,บางใหญ่,อบต.บ้านใหม่,0.0,0.0
2553,2567,นนทบุรี,ตุลาคม,ปากเกร็ด,เทศบาลนครปากเกร็ด,28.716,28.716
2554,2567,นนทบุรี,ตุลาคม,ปากเกร็ด,เทศบาลตำบลบางพลับ,0.013,0.013
2555,2567,นนทบุรี,ตุลาคม,ปากเกร็ด,อบต.เกาะเกร็ด,0.0,0.0
2556,2567,นนทบุรี,ตุลาคม,ปากเกร็ด,อบต.คลองข่อย,0.0,0.0
2557,2567,นนทบุรี,ตุลาคม,ปากเกร็ด,อบต.คลองพระอุดม,0.0,0.0
2558,2567,นนทบุรี,ตุลาคม,ปากเกร็ด,อบต.ท่าอิฐ,0.012,0.012
2559,2567,นนทบุรี,ตุลาคม,ปากเกร็ด,อบต.บางตะไนย์,0.05,0.03
2560,2567,นนทบุรี,ตุลาคม,ปากเกร็ด,อบต.อ้อมเกร็ด,0.0,0.0
2561,2567,นนทบุรี,ตุลาคม,เมืองนนทบุรี,เทศบาลนครนนทบุรี,83.48,83.48
2562,2567,นนทบุรี,ตุลาคม,เมืองนนทบุรี,เทศบาลเมืองไทรม้า,0.0,0.0
2563,2567,นนทบุรี,ตุลาคม,เมืองนนทบุรี,เทศบาลเมืองบางกร่าง,1.03,1.03
2564,2567,นนทบุรี,ตุลาคม,เมืองนนทบุรี,เทศบาลเมืองบางศรีเมือง,0.384,0.384
2565,2567,นนทบุรี,ตุลาคม,เมืองนนทบุรี,อบต.บางไผ่,0.0,0.0
2566,2567,นนทบุรี,ตุลาคม,เมืองนนทบุรี,อบต.บางรักน้อย,0.03,0.03
2567,2567,นนทบุรี,พฤศจิกายน,ไทรน้อย,เทศบาลตำบลไทรน้อย,0.0,0.0
2568,2567,นนทบุรี,พฤศจิกายน,ไทรน้อย,อบต.ขุนศรี,0.0,0.0
2569,2567,นนทบุรี,พฤศจิกายน,ไทรน้อย,อบต.คลองขวาง,0.0,0.0
2570,2567,นนทบุรี,พฤศจิกายน,ไทรน้อย,อบต.ทวีวัฒนา,0.0,0.0
2571,2567,นนทบุรี,พฤศจิกายน,ไทรน้อย,อบต.ไทรน้อย,0.0,0.0
2572,2567,นนทบุรี,พฤศจิกายน,ไทรน้อย,อบต.ไทรใหญ่,0.0,0.0
2573,2567,นนทบุรี,พฤศจิกายน,ไทรน้อย,อบต.ราษฎร์นิยม,0.0,0.0
2574,2567,นนทบุรี,พฤศจิกายน,ไทรน้อย,อบต.หนองเพรางาย,0.06,0.0
2575,2567,นนทบุรี,พฤศจิกายน,บางกรวย,เทศบาลเมืองบางกรวย,0.0,0.0
2576,2567,นนทบุรี,พฤศจิกายน,บางกรวย,เทศบาลตำบลบางสีทอง,0.0,0.0
2577,2567,นนทบุรี,พฤศจิกายน,บางกรวย,เทศบาลตำบลปลายบาง,0.2,0.2
2578,2567,นนทบุรี,พฤศจิกายน,บางกรวย,เทศบาลตำบลศาลากลาง,0.0,0.0
2579,2567,นนทบุรี,พฤศจิกายน,บางกรวย,อบต.บางขนุน,0.0,0.0
2580,2567,นนทบุรี,พฤศจิกายน,บางกรวย,อบต.บางขุนกอง,0.0,0.0
2581,2567,นนทบุรี,พฤศจิกายน,บางกรวย,อบต.มหาสวัสดิ์,0.5,0.5
2582,2567,นนทบุรี,พฤศจิกายน,บางบัวทอง,เทศบาลนครบางบัวทอง,1.13,1.13
2583,2567,นนทบุรี,พฤศจิกายน,บางบัวทอง,เทศบาลเมืองบางคูรัด,0.0,0.0
2584,2567,นนทบุรี,พฤศจิกายน,บางบัวทอง,เทศบาลเมืองบางรักพัฒนา,0.0,0.0
2585,2567,นนทบุรี,พฤศจิกายน,บางบัวทอง,เทศบาลเมืองพิมลราช,0.0,0.0
2586,2567,นนทบุรี,พฤศจิกายน,บางบัวทอง,เทศบาลเมืองใหม่บางบัวทอง,5.0,5.0
2587,2567,นนทบุรี,พฤศจิกายน,บางบัวทอง,อบต.บางรักใหญ่,0.0,0.0
2588,2567,นนทบุรี,พฤศจิกายน,บางบัวทอง,อบต.ละหาร,0.0,0.0
2589,2567,นนทบุรี,พฤศจิกายน,บางบัวทอง,อบต.ลำโพ,0.0,0.0
2590,2567,นนทบุรี,พฤศจิกายน,บางใหญ่,เทศบาลเมืองบางแม่นาง,0.0,0.0
2591,2567,นนทบุรี,พฤศจิกายน,บางใหญ่,เทศบาลเมืองเสาธงหิน,0.0,0.0
2592,2567,นนทบุรี,พฤศจิกายน,บางใหญ่,เทศบาลตำบลบางม่วง,0.0,0.0
2593,2567,นนทบุรี,พฤศจิกายน,บางใหญ่,เทศบาลตำบลบางเลน,0.015,0.015
2594,2567,นนทบุรี,พฤศจิกายน,บางใหญ่,เทศบาลตำบลบางใหญ่,0.0,0.0
2595,2567,นนทบุรี,พฤศจิกายน,บางใหญ่,อบต.บางใหญ่,0.0,0.0
2596,2567,นนทบุรี,พฤศจิกายน,บางใหญ่,อบต.บ้านใหม่,0.0,0.0
2597,2567,นนทบุรี,พฤศจิกายน,ปากเกร็ด,เทศบาลนครปากเกร็ด,29.192,29.192
2598,2567,นนทบุรี,พฤศจิกายน,ปากเกร็ด,เทศบาลตำบลบางพลับ,0.016,0.016
2599,2567,นนทบุรี,พฤศจิกายน,ปากเกร็ด,อบต.เกาะเกร็ด,0.0,0.0
2600,2567,นนทบุรี,พฤศจิกายน,ปากเกร็ด,อบต.คลองข่อย,0.0,0.0
2601,2567,นนทบุรี,พฤศจิกายน,ปากเกร็ด,อบต.คลองพระอุดม,0.0,0.0
2602,2567,นนทบุรี,พฤศจิกายน,ปากเกร็ด,อบต.ท่าอิฐ,0.01,0.01
2603,2567,นนทบุรี,พฤศจิกายน,ปากเกร็ด,อบต.บางตะไนย์,0.05,0.03
2604,2567,นนทบุรี,พฤศจิกายน,ปากเกร็ด,อบต.อ้อมเกร็ด,0.0,0.0
2605,2567,นนทบุรี,พฤศจิกายน,เมืองนนทบุรี,เทศบาลนครนนทบุรี,87.409,87.409
2606,2567,นนทบุรี,พฤศจิกายน,เมืองนนทบุรี,เทศบาลเมืองไทรม้า,0.0,0.0
2607,2567,นนทบุรี,พฤศจิกายน,เมืองนนทบุรี,เทศบาลเมืองบางกร่าง,1.03,1.03
2608,2567,นนทบุรี,พฤศจิกายน,เมืองนนทบุรี,เทศบาลเมืองบางศรีเมือง,0.0,0.0
2609,2567,นนทบุรี,พฤศจิกายน,เมืองนนทบุรี,อบต.บางไผ่,0.0,0.0
2610,2567,นนทบุรี,พฤศจิกายน,เมืองนนทบุรี,อบต.บางรักน้อย,0.03,0.03
2611,2567,นนทบุรี,ธันวาคม,ไทรน้อย,เทศบาลตำบลไทรน้อย,0.0,0.0
2612,2567,นนทบุรี,ธันวาคม,ไทรน้อย,อบต.ขุนศรี,0.0,0.0
2613,2567,นนทบุรี,ธันวาคม,ไทรน้อย,อบต.คลองขวาง,0.0,0.0
2614,2567,นนทบุรี,ธันวาคม,ไทรน้อย,อบต.ทวีวัฒนา,0.0,0.0
2615,2567,นนทบุรี,ธันวาคม,ไทรน้อย,อบต.ไทรน้อย,0.0,0.0
2616,2567,นนทบุรี,ธันวาคม,ไทรน้อย,อบต.ไทรใหญ่,0.0,0.0
2617,2567,นนทบุรี,ธันวาคม,ไทรน้อย,อบต.ราษฎร์นิยม,0.0,0.0
2618,2567,นนทบุรี,ธันวาคม,ไทรน้อย,อบต.หนองเพรางาย,0.06,0.06
2619,2567,นนทบุรี,ธันวาคม,บางกรวย,เทศบาลเมืองบางกรวย,0.0,0.0
2620,2567,นนทบุรี,ธันวาคม,บางกรวย,เทศบาลตำบลบางสีทอง,0.0,0.0
2621,2567,นนทบุรี,ธันวาคม,บางกรวย,เทศบาลตำบลปลายบาง,0.2,0.2
2622,2567,นนทบุรี,ธันวาคม,บางกรวย,เทศบาลตำบลศาลากลาง,0.0,0.0
2623,2567,นนทบุรี,ธันวาคม,บางกรวย,อบต.บางขนุน,0.0,0.0
2624,2567,นนทบุรี,ธันวาคม,บางกรวย,อบต.บางขุนกอง,0.0,0.0
2625,2567,นนทบุรี,ธันวาคม,บางกรวย,อบต.มหาสวัสดิ์,0.5,0.5
2626,2567,นนทบุรี,ธันวาคม,บางบัวทอง,เทศบาลนครบางบัวทอง,1.16,1.16
2627,2567,นนทบุรี,ธันวาคม,บางบัวทอง,เทศบาลเมืองบางคูรัด,0.0,0.0
2628,2567,นนทบุรี,ธันวาคม,บางบัวทอง,เทศบาลเมืองบางรักพัฒนา,0.0,0.0
2629,2567,นนทบุรี,ธันวาคม,บางบัวทอง,เทศบาลเมืองพิมลราช,0.0,0.0
2630,2567,นนทบุรี,ธันวาคม,บางบัวทอง,เทศบาลเมืองใหม่บางบัวทอง,10.0,10.0
2631,2567,นนทบุรี,ธันวาคม,บางบัวทอง,อบต.บางรักใหญ่,0.0,0.0
2632,2567,นนทบุรี,ธันวาคม,บางบัวทอง,อบต.ละหาร,0.0,0.0
2633,2567,นนทบุรี,ธันวาคม,บางบัวทอง,อบต.ลำโพ,0.0,0.0
2634,2567,นนทบุรี,ธันวาคม,บางใหญ่,เทศบาลเมืองบางแม่นาง,0.0,0.0
2635,2567,นนทบุรี,ธันวาคม,บางใหญ่,เทศบาลเมืองเสาธงหิน,0.0,0.0
2636,2567,นนทบุรี,ธันวาคม,บางใหญ่,เทศบาลตำบลบางม่วง,0.0,0.0
2637,2567,นนทบุรี,ธันวาคม,บางใหญ่,เทศบาลตำบลบางเลน,1.0,1.0
2638,2567,นนทบุรี,ธันวาคม,บางใหญ่,เทศบาลตำบลบางใหญ่,0.0,0.0
2639,2567,นนทบุรี,ธันวาคม,บางใหญ่,อบต.บางใหญ่,0.0,0.0
2640,2567,นนทบุรี,ธันวาคม,บางใหญ่,อบต.บ้านใหม่,0.0,0.0
2641,2567,นนทบุรี,ธันวาคม,ปากเกร็ด,เทศบาลนครปากเกร็ด,27.623,27.623
2642,2567,นนทบุรี,ธันวาคม,ปากเกร็ด,เทศบาลตำบลบางพลับ,0.023,0.023
2643,2567,นนทบุรี,ธันวาคม,ปากเกร็ด,อบต.เกาะเกร็ด,0.0,0.0
2644,2567,นนทบุรี,ธันวาคม,ปากเกร็ด,อบต.คลองข่อย,0.0,0.0
2645,2567,นนทบุรี,ธันวาคม,ปากเกร็ด,อบต.คลองพระอุดม,0.0,0.0
2646,2567,นนทบุรี,ธันวาคม,ปากเกร็ด,อบต.ท่าอิฐ,0.012,0.012
2647,2567,นนทบุรี,ธันวาคม,ปากเกร็ด,อบต.บางตะไนย์,0.05,0.03
2648,2567,นนทบุรี,ธันวาคม,ปากเกร็ด,อบต.อ้อมเกร็ด,0.0,0.0
2649,2567,นนทบุรี,ธันวาคม,เมืองนนทบุรี,เทศบาลนครนนทบุรี,82.99,82.99
2650,2567,นนทบุรี,ธันวาคม,เมืองนนทบุรี,เทศบาลเมืองไทรม้า,0.0,0.0
2651,2567,นนทบุรี,ธันวาคม,เมืองนนทบุรี,เทศบาลเมืองบางกร่าง,1.03,1.03
2652,2567,นนทบุรี,ธันวาคม,เมืองนนทบุรี,เทศบาลเมืองบางศรีเมือง,0.0,0.0
2653,2567,นนทบุรี,ธันวาคม,เมืองนนทบุรี,อบต.บางไผ่,0.0,0.0
2654,2567,นนทบุรี,ธันวาคม,เมืองนนทบุรี,อบต.บางรักน้อย,0.03,0.03
