ปี,เดือน,จังหวัด,อำเภอ,อปท.,ขยะมูลฝอยชุมชน(ตัน)
2563,มกราคม,นนทบุรี,ไทรน้อย,เทศบาลตำบลไทรน้อย,189.12
2563,มกราคม,นนทบุรี,ไทรน้อย,อบต.ขุนศรี,123.84
2563,มกราคม,นนทบุรี,ไทรน้อย,อบต.คลองขวาง,154.2
2563,มกราคม,นนทบุรี,ไทรน้อย,อบต.ทวีวัฒนา,232.13
2563,มกราคม,นนทบุรี,ไทรน้อย,อบต.ไทรน้อย,642.67
2563,มกราคม,นนทบุรี,ไทรน้อย,อบต.ไทรใหญ่,160.19
2563,มกราคม,นนทบุรี,ไทรน้อย,อบต.ราษฎร์นิยม,600.01
2563,มกราคม,นนทบุรี,ไทรน้อย,อบต.หนองเพรางาย,217.0
2563,มกราคม,นนทบุรี,บางกรวย,เทศบาลเมืองบางกรวย,1489.64
2563,มกราคม,นนทบุรี,บางกรวย,เทศบาลตำบลบางสีทอง,436.22
2563,มกราคม,นนทบุรี,บางกรวย,เทศบาลตำบลปลายบาง,1550.61
2563,มกราคม,นนทบุรี,บางกรวย,เทศบาลตำบลศาลากลาง,307.99
2563,มกราคม,นนทบุรี,บางกรวย,อบต.บางขนุน,353.63
2563,มกราคม,นนทบุรี,บางกรวย,อบต.บางขุนกอง,1000.0
2563,มกราคม,นนทบุรี,บางกรวย,อบต.มหาสวัสดิ์,263.32
2563,มกราคม,นนทบุรี,บางบัวทอง,เทศบาลเมืองบางคูรัด,1380.1
2563,มกราคม,นนทบุรี,บางบัวทอง,เทศบาลเมืองบางบัวทอง,1852.54
2563,มกราคม,นนทบุรี,บางบัวทอง,เทศบาลเมืองบางรักพัฒนา,1528.77
2563,มกราคม,นนทบุรี,บางบัวทอง,เทศบาลเมืองพิมลราช,1618.88
2563,มกราคม,นนทบุรี,บางบัวทอง,เทศบาลเมืองใหม่บางบัวทอง,1475.23
2563,มกราคม,นนทบุรี,บางบัวทอง,อบต.บางรักใหญ่,169.8
2563,มกราคม,นนทบุรี,บางบัวทอง,อบต.ละหาร,4965.94
2563,มกราคม,นนทบุรี,บางบัวทอง,อบต.ลำโพ,572.82
2563,มกราคม,นนทบุรี,บางใหญ่,เทศบาลเมืองบางแม่นาง,733.96
2563,มกราคม,นนทบุรี,บางใหญ่,เทศบาลตำบลบางม่วง,184.72
2563,มกราคม,นนทบุรี,บางใหญ่,เทศบาลตำบลบางเลน,650.0
2563,มกราคม,นนทบุรี,บางใหญ่,เทศบาลตำบลบางใหญ่,350.89
2563,มกราคม,นนทบุรี,บางใหญ่,เทศบาลตำบลบ้านบางม่วง,595.14
2563,มกราคม,นนทบุรี,บางใหญ่,เทศบาลตำบลเสาธงหิน,2098.57
2563,มกราคม,นนทบุรี,บางใหญ่,อบต.บางใหญ่,318.07
2563,มกราคม,นนทบุรี,บางใหญ่,อบต.บ้านใหม่,189.55
2563,มกราคม,นนทบุรี,ปากเกร็ด,เทศบาลนครปากเกร็ด,10793.7
2563,มกราคม,นนทบุรี,ปากเกร็ด,เทศบาลตำบลบางพลับ,427.44
2563,มกราคม,นนทบุรี,ปากเกร็ด,อบต.เกาะเกร็ด,48.0
2563,มกราคม,นนทบุรี,ปากเกร็ด,อบต.คลองข่อย,351.0
2563,มกราคม,นนทบุรี,ปากเกร็ด,อบต.คลองพระอุดม,265.0
2563,มกราคม,นนทบุรี,ปากเกร็ด,อบต.ท่าอิฐ,448.52
2563,มกราคม,นนทบุรี,ปากเกร็ด,อบต.บางตะไนย์,86.52
2563,มกราคม,นนทบุรี,ปากเกร็ด,อบต.อ้อมเกร็ด,263.75
2563,มกราคม,นนทบุรี,เมืองนนทบุรี,เทศบาลนครนนทบุรี,13249.0
2563,มกราคม,นนทบุรี,เมืองนนทบุรี,เทศบาลเมืองไทรม้า,866.5
2563,มกราคม,นนทบุรี,เมืองนนทบุรี,เทศบาลเมืองบางกร่าง,880.84
2563,มกราคม,นนทบุรี,เมืองนนทบุรี,เทศบาลเมืองบางศรีเมือง,1150.63
2563,มกราคม,นนทบุรี,เมืองนนทบุรี,อบต.บางไผ่,478.73
2563,มกราคม,นนทบุรี,เมืองนนทบุรี,เทศบาลตำบลไทรน้อย,702.44
2563,กุมภาพันธ์,นนทบุรี,ไทรน้อย,เทศบาลตำบลไทรน้อย,163.84
2563,กุมภาพันธ์,นนทบุรี,ไทรน้อย,อบต.ขุนศรี,109.38
2563,กุมภาพันธ์,นนทบุรี,ไทรน้อย,อบต.คลองขวาง,118.82
2563,กุมภาพันธ์,นนทบุรี,ไทรน้อย,อบต.ทวีวัฒนา,232.13
2563,กุมภาพันธ์,นนทบุรี,ไทรน้อย,อบต.ไทรน้อย,589.09
2563,กุมภาพันธ์,นนทบุรี,ไทรน้อย,อบต.ไทรใหญ่,132.39
2563,กุมภาพันธ์,นนทบุรี,ไทรน้อย,อบต.ราษฎร์นิยม,587.29
2563,กุมภาพันธ์,นนทบุรี,ไทรน้อย,อบต.หนองเพรางาย,220.0
2563,กุมภาพันธ์,นนทบุรี,บางกรวย,เทศบาลเมืองบางกรวย,1489.64
2563,กุมภาพันธ์,นนทบุรี,บางกรวย,เทศบาลตำบลบางสีทอง,364.81
2563,กุมภาพันธ์,นนทบุรี,บางกรวย,เทศบาลตำบลปลายบาง,1412.54
2563,กุมภาพันธ์,นนทบุรี,บางกรวย,เทศบาลตำบลศาลากลาง,576.78
2563,กุมภาพันธ์,นนทบุรี,บางกรวย,อบต.บางขนุน,358.57
2563,กุมภาพันธ์,นนทบุรี,บางกรวย,อบต.บางขุนกอง,1000.0
2563,กุมภาพันธ์,นนทบุรี,บางกรวย,อบต.มหาสวัสดิ์,207.47
2563,กุมภาพันธ์,นนทบุรี,บางบัวทอง,เทศบาลเมืองบางคูรัด,1380.1
2563,กุมภาพันธ์,นนทบุรี,บางบัวทอง,เทศบาลเมืองบางบัวทอง,1681.95
2563,กุมภาพันธ์,นนทบุรี,บางบัวทอง,เทศบาลเมืองบางรักพัฒนา,1325.92
2563,กุมภาพันธ์,นนทบุรี,บางบัวทอง,เทศบาลเมืองพิมลราช,1009.25
2563,กุมภาพันธ์,นนทบุรี,บางบัวทอง,เทศบาลเมืองใหม่บางบัวทอง,1342.27
2563,กุมภาพันธ์,นนทบุรี,บางบัวทอง,อบต.บางรักใหญ่,144.05
2563,กุมภาพันธ์,นนทบุรี,บางบัวทอง,อบต.ละหาร,4647.96
2563,กุมภาพันธ์,นนทบุรี,บางบัวทอง,อบต.ลำโพ,552.24
2563,กุมภาพันธ์,นนทบุรี,บางใหญ่,เทศบาลเมืองบางแม่นาง,665.66
2563,กุมภาพันธ์,นนทบุรี,บางใหญ่,เทศบาลตำบลบางม่วง,195.5
2563,กุมภาพันธ์,นนทบุรี,บางใหญ่,เทศบาลตำบลบางเลน,600.0
2563,กุมภาพันธ์,นนทบุรี,บางใหญ่,เทศบาลตำบลบางใหญ่,350.89
2563,กุมภาพันธ์,นนทบุรี,บางใหญ่,เทศบาลตำบลบ้านบางม่วง,704.43
2563,กุมภาพันธ์,นนทบุรี,บางใหญ่,เทศบาลตำบลเสาธงหิน,1841.78
2563,กุมภาพันธ์,นนทบุรี,บางใหญ่,อบต.บางใหญ่,318.07
2563,กุมภาพันธ์,นนทบุรี,บางใหญ่,อบต.บ้านใหม่,171.29
2563,กุมภาพันธ์,นนทบุรี,ปากเกร็ด,เทศบาลนครปากเกร็ด,10795.06
2563,กุมภาพันธ์,นนทบุรี,ปากเกร็ด,เทศบาลตำบลบางพลับ,401.22
2563,กุมภาพันธ์,นนทบุรี,ปากเกร็ด,อบต.เกาะเกร็ด,48.0
2563,กุมภาพันธ์,นนทบุรี,ปากเกร็ด,อบต.คลองข่อย,320.0
2563,กุมภาพันธ์,นนทบุรี,ปากเกร็ด,อบต.คลองพระอุดม,216.4
2563,กุมภาพันธ์,นนทบุรี,ปากเกร็ด,อบต.ท่าอิฐ,449.39
2563,กุมภาพันธ์,นนทบุรี,ปากเกร็ด,อบต.บางตะไนย์,141.63
2563,กุมภาพันธ์,นนทบุรี,ปากเกร็ด,อบต.อ้อมเกร็ด,231.43
2563,กุมภาพันธ์,นนทบุรี,เมืองนนทบุรี,เทศบาลนครนนทบุรี,12792.66
2563,กุมภาพันธ์,นนทบุรี,เมืองนนทบุรี,เทศบาลเมืองไทรม้า,865.4
2563,กุมภาพันธ์,นนทบุรี,เมืองนนทบุรี,เทศบาลเมืองบางกร่าง,834.57
2563,กุมภาพันธ์,นนทบุรี,เมืองนนทบุรี,เทศบาลเมืองบางศรีเมือง,1137.12
2563,กุมภาพันธ์,นนทบุรี,เมืองนนทบุรี,อบต.บางไผ่,432.7
2563,กุมภาพันธ์,นนทบุรี,เมืองนนทบุรี,อบต.บางรักน้อย,708.85
2563,มีนาคม,นนทบุรี,ไทรน้อย,เทศบาลตำบลไทรน้อย,163.84
2563,มีนาคม,นนทบุรี,ไทรน้อย,อบต.ขุนศรี,137.81
2563,มีนาคม,นนทบุรี,ไทรน้อย,อบต.คลองขวาง,134.81
2563,มีนาคม,นนทบุรี,ไทรน้อย,อบต.ทวีวัฒนา,232.13
2563,มีนาคม,นนทบุรี,ไทรน้อย,อบต.ไทรน้อย,638.46
2563,มีนาคม,นนทบุรี,ไทรน้อย,อบต.ไทรใหญ่,151.23
2563,มีนาคม,นนทบุรี,ไทรน้อย,อบต.ราษฎร์นิยม,642.88
2563,มีนาคม,นนทบุรี,ไทรน้อย,อบต.หนองเพรางาย,230.0
2563,มีนาคม,นนทบุรี,บางกรวย,เทศบาลเมืองบางกรวย,1376.0
2563,มีนาคม,นนทบุรี,บางกรวย,เทศบาลตำบลบางสีทอง,419.09
2563,มีนาคม,นนทบุรี,บางกรวย,เทศบาลตำบลปลายบาง,1547.78
2563,มีนาคม,นนทบุรี,บางกรวย,เทศบาลตำบลศาลากลาง,579.84
2563,มีนาคม,นนทบุรี,บางกรวย,อบต.บางขนุน,383.98
2563,มีนาคม,นนทบุรี,บางกรวย,อบต.บางขุนกอง,680.29
2563,มีนาคม,นนทบุรี,บางกรวย,อบต.มหาสวัสดิ์,230.18
2563,มีนาคม,นนทบุรี,บางบัวทอง,เทศบาลเมืองบางคูรัด,1380.1
2563,มีนาคม,นนทบุรี,บางบัวทอง,เทศบาลเมืองบางบัวทอง,1800.3
2563,มีนาคม,นนทบุรี,บางบัวทอง,เทศบาลเมืองบางรักพัฒนา,1528.25
2563,มีนาคม,นนทบุรี,บางบัวทอง,เทศบาลเมืองพิมลราช,1072.46
2563,มีนาคม,นนทบุรี,บางบัวทอง,เทศบาลเมืองใหม่บางบัวทอง,1458.97
2563,มีนาคม,นนทบุรี,บางบัวทอง,อบต.บางรักใหญ่,177.56
2563,มีนาคม,นนทบุรี,บางบัวทอง,อบต.ละหาร,4536.38
2563,มีนาคม,นนทบุรี,บางบัวทอง,อบต.ลำโพ,565.0
2563,มีนาคม,นนทบุรี,บางใหญ่,เทศบาลเมืองบางแม่นาง,729.76
2563,มีนาคม,นนทบุรี,บางใหญ่,เทศบาลตำบลบางม่วง,190.55
2563,มีนาคม,นนทบุรี,บางใหญ่,เทศบาลตำบลบางเลน,700.0
2563,มีนาคม,นนทบุรี,บางใหญ่,เทศบาลตำบลบางใหญ่,400.23
2563,มีนาคม,นนทบุรี,บางใหญ่,เทศบาลตำบลบ้านบางม่วง,797.56
2563,มีนาคม,นนทบุรี,บางใหญ่,เทศบาลตำบลเสาธงหิน,2017.45
2563,มีนาคม,นนทบุรี,บางใหญ่,อบต.บางใหญ่,318.07
2563,มีนาคม,นนทบุรี,บางใหญ่,อบต.บ้านใหม่,204.82
2563,มีนาคม,นนทบุรี,ปากเกร็ด,เทศบาลนครปากเกร็ด,10796.59
2563,มีนาคม,นนทบุรี,ปากเกร็ด,เทศบาลตำบลบางพลับ,430.28
2563,มีนาคม,นนทบุรี,ปากเกร็ด,อบต.เกาะเกร็ด,48.0
2563,มีนาคม,นนทบุรี,ปากเกร็ด,อบต.คลองข่อย,220.0
2563,มีนาคม,นนทบุรี,ปากเกร็ด,อบต.คลองพระอุดม,253.49
2563,มีนาคม,นนทบุรี,ปากเกร็ด,อบต.ท่าอิฐ,552.93
2563,มีนาคม,นนทบุรี,ปากเกร็ด,อบต.บางตะไนย์,141.63
2563,มีนาคม,นนทบุรี,ปากเกร็ด,อบต.อ้อมเกร็ด,261.74
2563,มีนาคม,นนทบุรี,เมืองนนทบุรี,เทศบาลนครนนทบุรี,14409.97
2563,มีนาคม,นนทบุรี,เมืองนนทบุรี,เทศบาลเมืองไทรม้า,942.2
2563,มีนาคม,นนทบุรี,เมืองนนทบุรี,เทศบาลเมืองบางกร่าง,879.92
2563,มีนาคม,นนทบุรี,เมืองนนทบุรี,เทศบาลเมืองบางศรีเมือง,1137.5
2563,มีนาคม,นนทบุรี,เมืองนนทบุรี,อบต.บางไผ่,444.78
2563,มีนาคม,นนทบุรี,เมืองนนทบุรี,อบต.บางรักน้อย,772.19
2563,เมษายน,นนทบุรี,ไทรน้อย,เทศบาลตำบลไทรน้อย,147.68
2563,เมษายน,นนทบุรี,ไทรน้อย,อบต.ขุนศรี,129.48
2563,เมษายน,นนทบุรี,ไทรน้อย,อบต.คลองขวาง,161.14
2563,เมษายน,นนทบุรี,ไทรน้อย,อบต.ทวีวัฒนา,232.13
2563,เมษายน,นนทบุรี,ไทรน้อย,อบต.ไทรน้อย,704.25
2563,เมษายน,นนทบุรี,ไทรน้อย,อบต.ไทรใหญ่,150.51
2563,เมษายน,นนทบุรี,ไทรน้อย,อบต.ราษฎร์นิยม,749.0
2563,เมษายน,นนทบุรี,ไทรน้อย,อบต.หนองเพรางาย,220.0
2563,เมษายน,นนทบุรี,บางกรวย,เทศบาลเมืองบางกรวย,1484.37
2563,เมษายน,นนทบุรี,บางกรวย,เทศบาลตำบลบางสีทอง,431.2
2563,เมษายน,นนทบุรี,บางกรวย,เทศบาลตำบลปลายบาง,1656.42
2563,เมษายน,นนทบุรี,บางกรวย,เทศบาลตำบลศาลากลาง,591.0
2563,เมษายน,นนทบุรี,บางกรวย,อบต.บางขนุน,355.57
2563,เมษายน,นนทบุรี,บางกรวย,อบต.บางขุนกอง,1000.0
2563,เมษายน,นนทบุรี,บางกรวย,อบต.มหาสวัสดิ์,251.09
2563,เมษายน,นนทบุรี,บางบัวทอง,เทศบาลเมืองบางคูรัด,1380.1
2563,เมษายน,นนทบุรี,บางบัวทอง,เทศบาลเมืองบางบัวทอง,1787.3
2563,เมษายน,นนทบุรี,บางบัวทอง,เทศบาลเมืองบางรักพัฒนา,1636.01
2563,เมษายน,นนทบุรี,บางบัวทอง,เทศบาลเมืองพิมลราช,1194.1
2563,เมษายน,นนทบุรี,บางบัวทอง,เทศบาลเมืองใหม่บางบัวทอง,1593.0
2563,เมษายน,นนทบุรี,บางบัวทอง,อบต.บางรักใหญ่,193.32
2563,เมษายน,นนทบุรี,บางบัวทอง,อบต.ละหาร,5096.17
2563,เมษายน,นนทบุรี,บางบัวทอง,อบต.ลำโพ,604.97
2563,เมษายน,นนทบุรี,บางใหญ่,เทศบาลเมืองบางแม่นาง,806.1
2563,เมษายน,นนทบุรี,บางใหญ่,เทศบาลตำบลบางม่วง,235.56
2563,เมษายน,นนทบุรี,บางใหญ่,เทศบาลตำบลบางเลน,720.0
2563,เมษายน,นนทบุรี,บางใหญ่,เทศบาลตำบลบางใหญ่,409.18
2563,เมษายน,นนทบุรี,บางใหญ่,เทศบาลตำบลบ้านบางม่วง,797.56
2563,เมษายน,นนทบุรี,บางใหญ่,เทศบาลตำบลเสาธงหิน,1209.86
2563,เมษายน,นนทบุรี,บางใหญ่,อบต.บางใหญ่,318.07
2563,เมษายน,นนทบุรี,บางใหญ่,อบต.บ้านใหม่,234.75
2563,เมษายน,นนทบุรี,ปากเกร็ด,เทศบาลนครปากเกร็ด,10796.59
2563,เมษายน,นนทบุรี,ปากเกร็ด,เทศบาลตำบลบางพลับ,417.23
2563,เมษายน,นนทบุรี,ปากเกร็ด,อบต.เกาะเกร็ด,48.0
2563,เมษายน,นนทบุรี,ปากเกร็ด,อบต.คลองข่อย,430.46
2563,เมษายน,นนทบุรี,ปากเกร็ด,อบต.คลองพระอุดม,244.21
2563,เมษายน,นนทบุรี,ปากเกร็ด,อบต.ท่าอิฐ,602.59
2563,เมษายน,นนทบุรี,ปากเกร็ด,อบต.บางตะไนย์,165.71
2563,เมษายน,นนทบุรี,ปากเกร็ด,อบต.อ้อมเกร็ด,258.25
2563,เมษายน,นนทบุรี,เมืองนนทบุรี,เทศบาลนครนนทบุรี,14409.85
2563,เมษายน,นนทบุรี,เมืองนนทบุรี,เทศบาลเมืองไทรม้า,993.47
2563,เมษายน,นนทบุรี,เมืองนนทบุรี,เทศบาลเมืองบางกร่าง,944.81
2563,เมษายน,นนทบุรี,เมืองนนทบุรี,เทศบาลเมืองบางศรีเมือง,1163.44
2563,เมษายน,นนทบุรี,เมืองนนทบุรี,อบต.บางไผ่,508.89
2563,เมษายน,นนทบุรี,เมืองนนทบุรี,อบต.บางรักน้อย,738.47
2563,พฤษภาคม,นนทบุรี,ไทรน้อย,เทศบาลตำบลไทรน้อย,157.22
2563,พฤษภาคม,นนทบุรี,ไทรน้อย,อบต.ขุนศรี,111.83
2563,พฤษภาคม,นนทบุรี,ไทรน้อย,อบต.คลองขวาง,130.64
2563,พฤษภาคม,นนทบุรี,ไทรน้อย,อบต.ทวีวัฒนา,232.13
2563,พฤษภาคม,นนทบุรี,ไทรน้อย,อบต.ไทรน้อย,674.18
2563,พฤษภาคม,นนทบุรี,ไทรน้อย,อบต.ไทรใหญ่,141.14
2563,พฤษภาคม,นนทบุรี,ไทรน้อย,อบต.ราษฎร์นิยม,575.87
2563,พฤษภาคม,นนทบุรี,ไทรน้อย,อบต.หนองเพรางาย,280.0
2563,พฤษภาคม,นนทบุรี,บางกรวย,เทศบาลเมืองบางกรวย,1527.02
2563,พฤษภาคม,นนทบุรี,บางกรวย,เทศบาลตำบลบางสีทอง,433.94
2563,พฤษภาคม,นนทบุรี,บางกรวย,เทศบาลตำบลปลายบาง,1714.3
2563,พฤษภาคม,นนทบุรี,บางกรวย,เทศบาลตำบลศาลากลาง,579.84
2563,พฤษภาคม,นนทบุรี,บางกรวย,อบต.บางขนุน,363.42
2563,พฤษภาคม,นนทบุรี,บางกรวย,อบต.บางขุนกอง,1000.0
2563,พฤษภาคม,นนทบุรี,บางกรวย,อบต.มหาสวัสดิ์,252.91
2563,พฤษภาคม,นนทบุรี,บางบัวทอง,เทศบาลเมืองบางคูรัด,1380.1
2563,พฤษภาคม,นนทบุรี,บางบัวทอง,เทศบาลเมืองบางบัวทอง,1858.55
2563,พฤษภาคม,นนทบุรี,บางบัวทอง,เทศบาลเมืองบางรักพัฒนา,1639.55
2563,พฤษภาคม,นนทบุรี,บางบัวทอง,เทศบาลเมืองพิมลราช,1208.01
2563,พฤษภาคม,นนทบุรี,บางบัวทอง,เทศบาลเมืองใหม่บางบัวทอง,1603.17
2563,พฤษภาคม,นนทบุรี,บางบัวทอง,อบต.บางรักใหญ่,188.63
2563,พฤษภาคม,นนทบุรี,บางบัวทอง,อบต.ละหาร,5031.08
2563,พฤษภาคม,นนทบุรี,บางบัวทอง,อบต.ลำโพ,64.78
2563,พฤษภาคม,นนทบุรี,บางใหญ่,เทศบาลเมืองบางแม่นาง,810.47
2563,พฤษภาคม,นนทบุรี,บางใหญ่,เทศบาลตำบลบางม่วง,243.29
2563,พฤษภาคม,นนทบุรี,บางใหญ่,เทศบาลตำบลบางเลน,712.0
2563,พฤษภาคม,นนทบุรี,บางใหญ่,เทศบาลตำบลบางใหญ่,420.18
2563,พฤษภาคม,นนทบุรี,บางใหญ่,เทศบาลตำบลบ้านบางม่วง,740.76
2563,พฤษภาคม,นนทบุรี,บางใหญ่,เทศบาลตำบลเสาธงหิน,1799.48
2563,พฤษภาคม,นนทบุรี,บางใหญ่,อบต.บางใหญ่,318.07
2563,พฤษภาคม,นนทบุรี,บางใหญ่,อบต.บ้านใหม่,215.29
2563,พฤษภาคม,นนทบุรี,ปากเกร็ด,เทศบาลนครปากเกร็ด,10800.5
2563,พฤษภาคม,นนทบุรี,ปากเกร็ด,เทศบาลตำบลบางพลับ,432.69
2563,พฤษภาคม,นนทบุรี,ปากเกร็ด,อบต.เกาะเกร็ด,48.0
2563,พฤษภาคม,นนทบุรี,ปากเกร็ด,อบต.คลองข่อย,400.0
2563,พฤษภาคม,นนทบุรี,ปากเกร็ด,อบต.คลองพระอุดม,254.63
2563,พฤษภาคม,นนทบุรี,ปากเกร็ด,อบต.ท่าอิฐ,565.52
2563,พฤษภาคม,นนทบุรี,ปากเกร็ด,อบต.บางตะไนย์,215.48
2563,พฤษภาคม,นนทบุรี,ปากเกร็ด,อบต.อ้อมเกร็ด,249.07
2563,พฤษภาคม,นนทบุรี,เมืองนนทบุรี,เทศบาลนครนนทบุรี,14932.44
2563,พฤษภาคม,นนทบุรี,เมืองนนทบุรี,เทศบาลเมืองไทรม้า,1006.75
2563,พฤษภาคม,นนทบุรี,เมืองนนทบุรี,เทศบาลเมืองบางกร่าง,915.3
2563,พฤษภาคม,นนทบุรี,เมืองนนทบุรี,เทศบาลเมืองบางศรีเมือง,1217.48
2563,พฤษภาคม,นนทบุรี,เมืองนนทบุรี,อบต.บางไผ่,509.84
2563,พฤษภาคม,นนทบุรี,เมืองนนทบุรี,อบต.บางรักน้อย,780.35
2563,มิถุนายน,นนทบุรี,ไทรน้อย,เทศบาลตำบลไทรน้อย,150.03
2563,มิถุนายน,นนทบุรี,ไทรน้อย,อบต.ขุนศรี,134.08
2563,มิถุนายน,นนทบุรี,ไทรน้อย,อบต.คลองขวาง,134.09
2563,มิถุนายน,นนทบุรี,ไทรน้อย,อบต.ทวีวัฒนา,232.13
2563,มิถุนายน,นนทบุรี,ไทรน้อย,อบต.ไทรน้อย,702.73
2563,มิถุนายน,นนทบุรี,ไทรน้อย,อบต.ไทรใหญ่,167.61
2563,มิถุนายน,นนทบุรี,ไทรน้อย,อบต.ราษฎร์นิยม,696.01
2563,มิถุนายน,นนทบุรี,ไทรน้อย,อบต.หนองเพรางาย,315.0
2563,มิถุนายน,นนทบุรี,บางกรวย,เทศบาลเมืองบางกรวย,1538.06
2563,มิถุนายน,นนทบุรี,บางกรวย,เทศบาลตำบลบางสีทอง,461.7
2563,มิถุนายน,นนทบุรี,บางกรวย,เทศบาลตำบลปลายบาง,1470.48
2563,มิถุนายน,นนทบุรี,บางกรวย,เทศบาลตำบลศาลากลาง,576.78
2563,มิถุนายน,นนทบุรี,บางกรวย,อบต.บางขนุน,392.58
2563,มิถุนายน,นนทบุรี,บางกรวย,อบต.บางขุนกอง,1000.0
2563,มิถุนายน,นนทบุรี,บางกรวย,อบต.มหาสวัสดิ์,254.35
2563,มิถุนายน,นนทบุรี,บางบัวทอง,เทศบาลเมืองบางคูรัด,1380.1
2563,มิถุนายน,นนทบุรี,บางบัวทอง,เทศบาลเมืองบางบัวทอง,1895.28
2563,มิถุนายน,นนทบุรี,บางบัวทอง,เทศบาลเมืองบางรักพัฒนา,1668.35
2563,มิถุนายน,นนทบุรี,บางบัวทอง,เทศบาลเมืองพิมลราช,1632.06
2563,มิถุนายน,นนทบุรี,บางบัวทอง,เทศบาลเมืองใหม่บางบัวทอง,1604.44
2563,มิถุนายน,นนทบุรี,บางบัวทอง,อบต.บางรักใหญ่,193.67
2563,มิถุนายน,นนทบุรี,บางบัวทอง,อบต.ละหาร,5535.94
2563,มิถุนายน,นนทบุรี,บางบัวทอง,อบต.ลำโพ,647.5
2563,มิถุนายน,นนทบุรี,บางใหญ่,เทศบาลเมืองบางแม่นาง,810.47
2563,มิถุนายน,นนทบุรี,บางใหญ่,เทศบาลตำบลบางม่วง,236.07
2563,มิถุนายน,นนทบุรี,บางใหญ่,เทศบาลตำบลบางเลน,735.0
2563,มิถุนายน,นนทบุรี,บางใหญ่,เทศบาลตำบลบางใหญ่,458.2
2563,มิถุนายน,นนทบุรี,บางใหญ่,เทศบาลตำบลบ้านบางม่วง,765.59
2563,มิถุนายน,นนทบุรี,บางใหญ่,เทศบาลตำบลเสาธงหิน,1857.46
2563,มิถุนายน,นนทบุรี,บางใหญ่,อบต.บางใหญ่,318.07
2563,มิถุนายน,นนทบุรี,บางใหญ่,อบต.บ้านใหม่,232.68
2563,มิถุนายน,นนทบุรี,ปากเกร็ด,เทศบาลนครปากเกร็ด,10800.39
2563,มิถุนายน,นนทบุรี,ปากเกร็ด,เทศบาลตำบลบางพลับ,442.9
2563,มิถุนายน,นนทบุรี,ปากเกร็ด,อบต.เกาะเกร็ด,48.0
2563,มิถุนายน,นนทบุรี,ปากเกร็ด,อบต.คลองข่อย,456.94
2563,มิถุนายน,นนทบุรี,ปากเกร็ด,อบต.คลองพระอุดม,276.84
2563,มิถุนายน,นนทบุรี,ปากเกร็ด,อบต.ท่าอิฐ,598.15
2563,มิถุนายน,นนทบุรี,ปากเกร็ด,อบต.บางตะไนย์,202.07
2563,มิถุนายน,นนทบุรี,ปากเกร็ด,อบต.อ้อมเกร็ด,285.07
2563,มิถุนายน,นนทบุรี,เมืองนนทบุรี,เทศบาลนครนนทบุรี,15816.1
2563,มิถุนายน,นนทบุรี,เมืองนนทบุรี,เทศบาลเมืองไทรม้า,1035.83
2563,มิถุนายน,นนทบุรี,เมืองนนทบุรี,เทศบาลเมืองบางกร่าง,968.47
2563,มิถุนายน,นนทบุรี,เมืองนนทบุรี,เทศบาลเมืองบางศรีเมือง,1383.94
2563,มิถุนายน,นนทบุรี,เมืองนนทบุรี,อบต.บางไผ่,530.62
2563,มิถุนายน,นนทบุรี,เมืองนนทบุรี,อบต.บางรักน้อย,843.38
2563,กรกฎาคม,นนทบุรี,ไทรน้อย,เทศบาลตำบลไทรน้อย,155.45
2563,กรกฎาคม,นนทบุรี,ไทรน้อย,อบต.ขุนศรี,132.43
2563,กรกฎาคม,นนทบุรี,ไทรน้อย,อบต.คลองขวาง,154.95
2563,กรกฎาคม,นนทบุรี,ไทรน้อย,อบต.ทวีวัฒนา,232.13
2563,กรกฎาคม,นนทบุรี,ไทรน้อย,อบต.ไทรน้อย,751.89
2563,กรกฎาคม,นนทบุรี,ไทรน้อย,อบต.ไทรใหญ่,145.94
2563,กรกฎาคม,นนทบุรี,ไทรน้อย,อบต.ราษฎร์นิยม,649.18
2563,กรกฎาคม,นนทบุรี,ไทรน้อย,อบต.หนองเพรางาย,365.0
2563,กรกฎาคม,นนทบุรี,บางกรวย,เทศบาลเมืองบางกรวย,1624.22
2563,กรกฎาคม,นนทบุรี,บางกรวย,เทศบาลตำบลบางสีทอง,463.12
2563,กรกฎาคม,นนทบุรี,บางกรวย,เทศบาลตำบลปลายบาง,1659.12
2563,กรกฎาคม,นนทบุรี,บางกรวย,เทศบาลตำบลศาลากลาง,579.84
2563,กรกฎาคม,นนทบุรี,บางกรวย,อบต.บางขนุน,402.72
2563,กรกฎาคม,นนทบุรี,บางกรวย,อบต.บางขุนกอง,1000.0
2563,กรกฎาคม,นนทบุรี,บางกรวย,อบต.มหาสวัสดิ์,240.97
2563,กรกฎาคม,นนทบุรี,บางบัวทอง,เทศบาลเมืองบางคูรัด,1380.1
2563,กรกฎาคม,นนทบุรี,บางบัวทอง,เทศบาลเมืองบางบัวทอง,1900.25
2563,กรกฎาคม,นนทบุรี,บางบัวทอง,เทศบาลเมืองบางรักพัฒนา,1672.02
2563,กรกฎาคม,นนทบุรี,บางบัวทอง,เทศบาลเมืองพิมลราช,1197.69
2563,กรกฎาคม,นนทบุรี,บางบัวทอง,เทศบาลเมืองใหม่บางบัวทอง,1619.36
2563,กรกฎาคม,นนทบุรี,บางบัวทอง,อบต.บางรักใหญ่,178.12
2563,กรกฎาคม,นนทบุรี,บางบัวทอง,อบต.ละหาร,5482.89
2563,กรกฎาคม,นนทบุรี,บางบัวทอง,อบต.ลำโพ,604.59
2563,กรกฎาคม,นนทบุรี,บางใหญ่,เทศบาลเมืองบางแม่นาง,832.17
2563,กรกฎาคม,นนทบุรี,บางใหญ่,เทศบาลตำบลบางม่วง,244.26
2563,กรกฎาคม,นนทบุรี,บางใหญ่,เทศบาลตำบลบางเลน,740.0
2563,กรกฎาคม,นนทบุรี,บางใหญ่,เทศบาลตำบลบางใหญ่,433.64
2563,กรกฎาคม,นนทบุรี,บางใหญ่,เทศบาลตำบลบ้านบางม่วง,900.01
2563,กรกฎาคม,นนทบุรี,บางใหญ่,เทศบาลตำบลเสาธงหิน,1747.12
2563,กรกฎาคม,นนทบุรี,บางใหญ่,อบต.บางใหญ่,318.07
2563,กรกฎาคม,นนทบุรี,บางใหญ่,อบต.บ้านใหม่,227.43
2563,กรกฎาคม,นนทบุรี,ปากเกร็ด,เทศบาลนครปากเกร็ด,10800.39
2563,กรกฎาคม,นนทบุรี,ปากเกร็ด,เทศบาลตำบลบางพลับ,459.85
2563,กรกฎาคม,นนทบุรี,ปากเกร็ด,อบต.เกาะเกร็ด,55.0
2563,กรกฎาคม,นนทบุรี,ปากเกร็ด,อบต.คลองข่อย,350.0
2563,กรกฎาคม,นนทบุรี,ปากเกร็ด,อบต.คลองพระอุดม,323.4
2563,กรกฎาคม,นนทบุรี,ปากเกร็ด,อบต.ท่าอิฐ,588.96
2563,กรกฎาคม,นนทบุรี,ปากเกร็ด,อบต.บางตะไนย์,259.22
2563,กรกฎาคม,นนทบุรี,ปากเกร็ด,อบต.อ้อมเกร็ด,280.76
2563,กรกฎาคม,นนทบุรี,เมืองนนทบุรี,เทศบาลนครนนทบุรี,14510.33
2563,กรกฎาคม,นนทบุรี,เมืองนนทบุรี,เทศบาลเมืองไทรม้า,1033.2
2563,กรกฎาคม,นนทบุรี,เมืองนนทบุรี,เทศบาลเมืองบางกร่าง,986.82
2563,กรกฎาคม,นนทบุรี,เมืองนนทบุรี,เทศบาลเมืองบางศรีเมือง,1410.49
2563,กรกฎาคม,นนทบุรี,เมืองนนทบุรี,อบต.บางไผ่,3382.03
2563,กรกฎาคม,นนทบุรี,เมืองนนทบุรี,อบต.บางรักน้อย,894.24
2563,สิงหาคม,นนทบุรี,ไทรน้อย,เทศบาลตำบลไทรน้อย,168.36
2563,สิงหาคม,นนทบุรี,ไทรน้อย,อบต.ขุนศรี,125.82
2563,สิงหาคม,นนทบุรี,ไทรน้อย,อบต.คลองขวาง,140.46
2563,สิงหาคม,นนทบุรี,ไทรน้อย,อบต.ทวีวัฒนา,232.13
2563,สิงหาคม,นนทบุรี,ไทรน้อย,อบต.ไทรน้อย,742.39
2563,สิงหาคม,นนทบุรี,ไทรน้อย,อบต.ไทรใหญ่,153.94
2563,สิงหาคม,นนทบุรี,ไทรน้อย,อบต.ราษฎร์นิยม,670.83
2563,สิงหาคม,นนทบุรี,ไทรน้อย,อบต.หนองเพรางาย,202.46
2563,สิงหาคม,นนทบุรี,บางกรวย,เทศบาลเมืองบางกรวย,1775.3
2563,สิงหาคม,นนทบุรี,บางกรวย,เทศบาลตำบลบางสีทอง,424.07
2563,สิงหาคม,นนทบุรี,บางกรวย,เทศบาลตำบลปลายบาง,1664.8
2563,สิงหาคม,นนทบุรี,บางกรวย,เทศบาลตำบลศาลากลาง,520.0
2563,สิงหาคม,นนทบุรี,บางกรวย,อบต.บางขนุน,377.58
2563,สิงหาคม,นนทบุรี,บางกรวย,อบต.บางขุนกอง,1000.0
2563,สิงหาคม,นนทบุรี,บางกรวย,อบต.มหาสวัสดิ์,224.75
2563,สิงหาคม,นนทบุรี,บางบัวทอง,เทศบาลเมืองบางคูรัด,1380.1
2563,สิงหาคม,นนทบุรี,บางบัวทอง,เทศบาลเมืองบางบัวทอง,1901.95
2563,สิงหาคม,นนทบุรี,บางบัวทอง,เทศบาลเมืองบางรักพัฒนา,1572.82
2563,สิงหาคม,นนทบุรี,บางบัวทอง,เทศบาลเมืองพิมลราช,1636.68
2563,สิงหาคม,นนทบุรี,บางบัวทอง,เทศบาลเมืองใหม่บางบัวทอง,1438.63
2563,สิงหาคม,นนทบุรี,บางบัวทอง,อบต.บางรักใหญ่,174.34
2563,สิงหาคม,นนทบุรี,บางบัวทอง,อบต.ละหาร,5429.72
2563,สิงหาคม,นนทบุรี,บางบัวทอง,อบต.ลำโพ,604.59
2563,สิงหาคม,นนทบุรี,บางใหญ่,เทศบาลเมืองบางแม่นาง,784.85
2563,สิงหาคม,นนทบุรี,บางใหญ่,เทศบาลตำบลบางม่วง,244.42
2563,สิงหาคม,นนทบุรี,บางใหญ่,เทศบาลตำบลบางเลน,740.0
2563,สิงหาคม,นนทบุรี,บางใหญ่,เทศบาลตำบลบางใหญ่,410.44
2563,สิงหาคม,นนทบุรี,บางใหญ่,เทศบาลตำบลบ้านบางม่วง,806.55
2563,สิงหาคม,นนทบุรี,บางใหญ่,เทศบาลตำบลเสาธงหิน,1691.57
2563,สิงหาคม,นนทบุรี,บางใหญ่,อบต.บางใหญ่,318.07
2563,สิงหาคม,นนทบุรี,บางใหญ่,อบต.บ้านใหม่,218.76
2563,สิงหาคม,นนทบุรี,ปากเกร็ด,เทศบาลนครปากเกร็ด,10818.19
2563,สิงหาคม,นนทบุรี,ปากเกร็ด,เทศบาลตำบลบางพลับ,454.28
2563,สิงหาคม,นนทบุรี,ปากเกร็ด,อบต.เกาะเกร็ด,56.0
2563,สิงหาคม,นนทบุรี,ปากเกร็ด,อบต.คลองข่อย,380.0
2563,สิงหาคม,นนทบุรี,ปากเกร็ด,อบต.คลองพระอุดม,327.73
2563,สิงหาคม,นนทบุรี,ปากเกร็ด,อบต.ท่าอิฐ,553.66
2563,สิงหาคม,นนทบุรี,ปากเกร็ด,อบต.บางตะไนย์,207.81
2563,สิงหาคม,นนทบุรี,ปากเกร็ด,อบต.อ้อมเกร็ด,272.98
2563,สิงหาคม,นนทบุรี,เมืองนนทบุรี,เทศบาลนครนนทบุรี,14309.51
2563,สิงหาคม,นนทบุรี,เมืองนนทบุรี,เทศบาลเมืองไทรม้า,1007.64
2563,สิงหาคม,นนทบุรี,เมืองนนทบุรี,เทศบาลเมืองบางกร่าง,904.02
2563,สิงหาคม,นนทบุรี,เมืองนนทบุรี,เทศบาลเมืองบางศรีเมือง,1219.54
2563,สิงหาคม,นนทบุรี,เมืองนนทบุรี,อบต.บางไผ่,480.57
2563,สิงหาคม,นนทบุรี,เมืองนนทบุรี,อบต.บางรักน้อย,124.41
2563,กันยายน,นนทบุรี,ไทรน้อย,เทศบาลตำบลไทรน้อย,156.17
2563,กันยายน,นนทบุรี,ไทรน้อย,อบต.ขุนศรี,130.64
2563,กันยายน,นนทบุรี,ไทรน้อย,อบต.คลองขวาง,145.62
2563,กันยายน,นนทบุรี,ไทรน้อย,อบต.ทวีวัฒนา,232.13
2563,กันยายน,นนทบุรี,ไทรน้อย,อบต.ไทรน้อย,695.73
2563,กันยายน,นนทบุรี,ไทรน้อย,อบต.ไทรใหญ่,148.38
2563,กันยายน,นนทบุรี,ไทรน้อย,อบต.ราษฎร์นิยม,685.12
2563,กันยายน,นนทบุรี,ไทรน้อย,อบต.หนองเพรางาย,270.0
2563,กันยายน,นนทบุรี,บางกรวย,เทศบาลเมืองบางกรวย,1557.2
2563,กันยายน,นนทบุรี,บางกรวย,เทศบาลตำบลบางสีทอง,448.38
2563,กันยายน,นนทบุรี,บางกรวย,เทศบาลตำบลปลายบาง,1687.78
2563,กันยายน,นนทบุรี,บางกรวย,เทศบาลตำบลศาลากลาง,620.0
2563,กันยายน,นนทบุรี,บางกรวย,อบต.บางขนุน,395980.0
2563,กันยายน,นนทบุรี,บางกรวย,อบต.บางขุนกอง,10000.0
2563,กันยายน,นนทบุรี,บางกรวย,อบต.มหาสวัสดิ์,229.05
2563,กันยายน,นนทบุรี,บางบัวทอง,เทศบาลเมืองบางคูรัด,1041.17
2563,กันยายน,นนทบุรี,บางบัวทอง,เทศบาลเมืองบางบัวทอง,1869.55
2563,กันยายน,นนทบุรี,บางบัวทอง,เทศบาลเมืองบางรักพัฒนา,1666.97
2563,กันยายน,นนทบุรี,บางบัวทอง,เทศบาลเมืองพิมลราช,1168.45
2563,กันยายน,นนทบุรี,บางบัวทอง,เทศบาลเมืองใหม่บางบัวทอง,1438.63
2563,กันยายน,นนทบุรี,บางบัวทอง,อบต.บางรักใหญ่,179.13
2563,กันยายน,นนทบุรี,บางบัวทอง,อบต.ละหาร,5310.17
2563,กันยายน,นนทบุรี,บางบัวทอง,อบต.ลำโพ,614.09
2563,กันยายน,นนทบุรี,บางใหญ่,เทศบาลเมืองบางแม่นาง,796.47
2563,กันยายน,นนทบุรี,บางใหญ่,เทศบาลตำบลบางม่วง,236.57
2563,กันยายน,นนทบุรี,บางใหญ่,เทศบาลตำบลบางเลน,773.0
2563,กันยายน,นนทบุรี,บางใหญ่,เทศบาลตำบลบางใหญ่,405.37
2563,กันยายน,นนทบุรี,บางใหญ่,เทศบาลตำบลบ้านบางม่วง,1464.4
2563,กันยายน,นนทบุรี,บางใหญ่,เทศบาลตำบลเสาธงหิน,2212.57
2563,กันยายน,นนทบุรี,บางใหญ่,อบต.บางใหญ่,318.07
2563,กันยายน,นนทบุรี,บางใหญ่,อบต.บ้านใหม่,218.61
2563,กันยายน,นนทบุรี,ปากเกร็ด,เทศบาลนครปากเกร็ด,10736.49
2563,กันยายน,นนทบุรี,ปากเกร็ด,เทศบาลตำบลบางพลับ,452.45
2563,กันยายน,นนทบุรี,ปากเกร็ด,อบต.เกาะเกร็ด,56.0
2563,กันยายน,นนทบุรี,ปากเกร็ด,อบต.คลองข่อย,418.91
2563,กันยายน,นนทบุรี,ปากเกร็ด,อบต.คลองพระอุดม,324.12
2563,กันยายน,นนทบุรี,ปากเกร็ด,อบต.ท่าอิฐ,549.55
2563,กันยายน,นนทบุรี,ปากเกร็ด,อบต.บางตะไนย์,293.11
2563,กันยายน,นนทบุรี,ปากเกร็ด,อบต.อ้อมเกร็ด,294.66
2563,กันยายน,นนทบุรี,เมืองนนทบุรี,เทศบาลนครนนทบุรี,14519.07
2563,กันยายน,นนทบุรี,เมืองนนทบุรี,เทศบาลเมืองไทรม้า,979.64
2563,กันยายน,นนทบุรี,เมืองนนทบุรี,เทศบาลเมืองบางกร่าง,936.31
2563,กันยายน,นนทบุรี,เมืองนนทบุรี,เทศบาลเมืองบางศรีเมือง,1211.68
2563,กันยายน,นนทบุรี,เมืองนนทบุรี,อบต.บางไผ่,508370.1
2563,กันยายน,นนทบุรี,เมืองนนทบุรี,อบต.บางรักน้อย,833.38
2563,ตุลาคม,นนทบุรี,ไทรน้อย,เทศบาลตำบลไทรน้อย,127.84
2563,ตุลาคม,นนทบุรี,ไทรน้อย,อบต.ขุนศรี,111.85
2563,ตุลาคม,นนทบุรี,ไทรน้อย,อบต.คลองขวาง,138.3
2563,ตุลาคม,นนทบุรี,ไทรน้อย,อบต.ทวีวัฒนา,232.13
2563,ตุลาคม,นนทบุรี,ไทรน้อย,อบต.ไทรน้อย,605.02
2563,ตุลาคม,นนทบุรี,ไทรน้อย,อบต.ไทรใหญ่,141.68
2563,ตุลาคม,นนทบุรี,ไทรน้อย,อบต.ราษฎร์นิยม,216.87
2563,ตุลาคม,นนทบุรี,ไทรน้อย,อบต.หนองเพรางาย,200.0
2563,ตุลาคม,นนทบุรี,บางกรวย,เทศบาลเมืองบางกรวย,1489.64
2563,ตุลาคม,นนทบุรี,บางกรวย,เทศบาลตำบลบางสีทอง,443.28
2563,ตุลาคม,นนทบุรี,บางกรวย,เทศบาลตำบลปลายบาง,1489.13
2563,ตุลาคม,นนทบุรี,บางกรวย,เทศบาลตำบลศาลากลาง,575.86
2563,ตุลาคม,นนทบุรี,บางกรวย,อบต.บางขนุน,100.97
2563,ตุลาคม,นนทบุรี,บางกรวย,อบต.บางขุนกอง,1000.0
2563,ตุลาคม,นนทบุรี,บางกรวย,อบต.มหาสวัสดิ์,259.61
2563,ตุลาคม,นนทบุรี,บางบัวทอง,เทศบาลเมืองบางคูรัด,915.62
2563,ตุลาคม,นนทบุรี,บางบัวทอง,เทศบาลเมืองบางบัวทอง,1798.33
2563,ตุลาคม,นนทบุรี,บางบัวทอง,เทศบาลเมืองบางรักพัฒนา,1530.61
2563,ตุลาคม,นนทบุรี,บางบัวทอง,เทศบาลเมืองพิมลราช,1072.84
2563,ตุลาคม,นนทบุรี,บางบัวทอง,เทศบาลเมืองใหม่บางบัวทอง,1438.63
2563,ตุลาคม,นนทบุรี,บางบัวทอง,อบต.บางรักใหญ่,168.61
2563,ตุลาคม,นนทบุรี,บางบัวทอง,อบต.ละหาร,4303.78
2563,ตุลาคม,นนทบุรี,บางบัวทอง,อบต.ลำโพ,572.63
2563,ตุลาคม,นนทบุรี,บางใหญ่,เทศบาลเมืองบางแม่นาง,1224.92
2563,ตุลาคม,นนทบุรี,บางใหญ่,เทศบาลตำบลบางม่วง,184.63
2563,ตุลาคม,นนทบุรี,บางใหญ่,เทศบาลตำบลบางเลน,570.0
2563,ตุลาคม,นนทบุรี,บางใหญ่,เทศบาลตำบลบางใหญ่,396.6
2563,ตุลาคม,นนทบุรี,บางใหญ่,เทศบาลตำบลบ้านบางม่วง,772.79
2563,ตุลาคม,นนทบุรี,บางใหญ่,เทศบาลตำบลเสาธงหิน,2179.23
2563,ตุลาคม,นนทบุรี,บางใหญ่,อบต.บางใหญ่,318.07
2563,ตุลาคม,นนทบุรี,บางใหญ่,อบต.บ้านใหม่,184.8
2563,ตุลาคม,นนทบุรี,ปากเกร็ด,เทศบาลนครปากเกร็ด,10770.28
2563,ตุลาคม,นนทบุรี,ปากเกร็ด,เทศบาลตำบลบางพลับ,421.05
2563,ตุลาคม,นนทบุรี,ปากเกร็ด,อบต.เกาะเกร็ด,48.0
2563,ตุลาคม,นนทบุรี,ปากเกร็ด,อบต.คลองข่อย,369.58
2563,ตุลาคม,นนทบุรี,ปากเกร็ด,อบต.คลองพระอุดม,227.9
2563,ตุลาคม,นนทบุรี,ปากเกร็ด,อบต.ท่าอิฐ,398.9
2563,ตุลาคม,นนทบุรี,ปากเกร็ด,อบต.บางตะไนย์,137.13
2563,ตุลาคม,นนทบุรี,ปากเกร็ด,อบต.อ้อมเกร็ด,237.78
2563,ตุลาคม,นนทบุรี,เมืองนนทบุรี,เทศบาลนครนนทบุรี,13257.77
2563,ตุลาคม,นนทบุรี,เมืองนนทบุรี,เทศบาลเมืองไทรม้า,771.43
2563,ตุลาคม,นนทบุรี,เมืองนนทบุรี,เทศบาลเมืองบางกร่าง,817.69
2563,ตุลาคม,นนทบุรี,เมืองนนทบุรี,เทศบาลเมืองบางศรีเมือง,1131.53
2563,ตุลาคม,นนทบุรี,เมืองนนทบุรี,อบต.บางไผ่,449.03
2563,ตุลาคม,นนทบุรี,เมืองนนทบุรี,อบต.บางรักน้อย,654.14
2563,พฤศจิกายน,นนทบุรี,ไทรน้อย,เทศบาลตำบลไทรน้อย,120.48
2563,พฤศจิกายน,นนทบุรี,ไทรน้อย,อบต.ขุนศรี,94.35
2563,พฤศจิกายน,นนทบุรี,ไทรน้อย,อบต.คลองขวาง,123.1
2563,พฤศจิกายน,นนทบุรี,ไทรน้อย,อบต.ทวีวัฒนา,232.13
2563,พฤศจิกายน,นนทบุรี,ไทรน้อย,อบต.ไทรน้อย,543.4
2563,พฤศจิกายน,นนทบุรี,ไทรน้อย,อบต.ไทรใหญ่,119.01
2563,พฤศจิกายน,นนทบุรี,ไทรน้อย,อบต.ราษฎร์นิยม,170.43
2563,พฤศจิกายน,นนทบุรี,ไทรน้อย,อบต.หนองเพรางาย,202.46
2563,พฤศจิกายน,นนทบุรี,บางกรวย,เทศบาลเมืองบางกรวย,1489.64
2563,พฤศจิกายน,นนทบุรี,บางกรวย,เทศบาลตำบลบางสีทอง,340.55
2563,พฤศจิกายน,นนทบุรี,บางกรวย,เทศบาลตำบลปลายบาง,1333.61
2563,พฤศจิกายน,นนทบุรี,บางกรวย,เทศบาลตำบลศาลากลาง,307.99
2563,พฤศจิกายน,นนทบุรี,บางกรวย,อบต.บางขนุน,356.16
2563,พฤศจิกายน,นนทบุรี,บางกรวย,อบต.บางขุนกอง,1000.0
2563,พฤศจิกายน,นนทบุรี,บางกรวย,อบต.มหาสวัสดิ์,207.77
2563,พฤศจิกายน,นนทบุรี,บางบัวทอง,เทศบาลเมืองบางคูรัด,767.58
2563,พฤศจิกายน,นนทบุรี,บางบัวทอง,เทศบาลเมืองบางบัวทอง,1556.67
2563,พฤศจิกายน,นนทบุรี,บางบัวทอง,เทศบาลเมืองบางรักพัฒนา,1277.43
2563,พฤศจิกายน,นนทบุรี,บางบัวทอง,เทศบาลเมืองพิมลราช,900.0
2563,พฤศจิกายน,นนทบุรี,บางบัวทอง,เทศบาลเมืองใหม่บางบัวทอง,1166.55
2563,พฤศจิกายน,นนทบุรี,บางบัวทอง,อบต.บางรักใหญ่,136.67
2563,พฤศจิกายน,นนทบุรี,บางบัวทอง,อบต.ละหาร,3721.59
2563,พฤศจิกายน,นนทบุรี,บางบัวทอง,อบต.ลำโพ,500.2
2563,พฤศจิกายน,นนทบุรี,บางใหญ่,เทศบาลเมืองบางแม่นาง,605.83
2563,พฤศจิกายน,นนทบุรี,บางใหญ่,เทศบาลตำบลบางม่วง,178.53
2563,พฤศจิกายน,นนทบุรี,บางใหญ่,เทศบาลตำบลบางเลน,480.0
2563,พฤศจิกายน,นนทบุรี,บางใหญ่,เทศบาลตำบลบางใหญ่,350.89
2563,พฤศจิกายน,นนทบุรี,บางใหญ่,เทศบาลตำบลบ้านบางม่วง,784.89
2563,พฤศจิกายน,นนทบุรี,บางใหญ่,เทศบาลตำบลเสาธงหิน,1384.57
2563,พฤศจิกายน,นนทบุรี,บางใหญ่,อบต.บางใหญ่,318.07
2563,พฤศจิกายน,นนทบุรี,บางใหญ่,อบต.บ้านใหม่,154.47
2563,พฤศจิกายน,นนทบุรี,ปากเกร็ด,เทศบาลนครปากเกร็ด,10770.28
2563,พฤศจิกายน,นนทบุรี,ปากเกร็ด,เทศบาลตำบลบางพลับ,408.14
2563,พฤศจิกายน,นนทบุรี,ปากเกร็ด,อบต.เกาะเกร็ด,48.0
2563,พฤศจิกายน,นนทบุรี,ปากเกร็ด,อบต.คลองข่อย,321.0
2563,พฤศจิกายน,นนทบุรี,ปากเกร็ด,อบต.คลองพระอุดม,206.77
2563,พฤศจิกายน,นนทบุรี,ปากเกร็ด,อบต.ท่าอิฐ,348.25
2563,พฤศจิกายน,นนทบุรี,ปากเกร็ด,อบต.บางตะไนย์,137.13
2563,พฤศจิกายน,นนทบุรี,ปากเกร็ด,อบต.อ้อมเกร็ด,210.57
2563,พฤศจิกายน,นนทบุรี,เมืองนนทบุรี,เทศบาลนครนนทบุรี,14384.96
2563,พฤศจิกายน,นนทบุรี,เมืองนนทบุรี,เทศบาลเมืองไทรม้า,678.67
2563,พฤศจิกายน,นนทบุรี,เมืองนนทบุรี,เทศบาลเมืองบางกร่าง,637.54
2563,พฤศจิกายน,นนทบุรี,เมืองนนทบุรี,เทศบาลเมืองบางศรีเมือง,1132.64
2563,พฤศจิกายน,นนทบุรี,เมืองนนทบุรี,อบต.บางไผ่,347.78
2563,พฤศจิกายน,นนทบุรี,เมืองนนทบุรี,อบต.บางรักน้อย,533.84
2563,ธันวาคม,นนทบุรี,ไทรน้อย,เทศบาลตำบลไทรน้อย,127.71
2563,ธันวาคม,นนทบุรี,ไทรน้อย,อบต.ขุนศรี,84.98
2563,ธันวาคม,นนทบุรี,ไทรน้อย,อบต.คลองขวาง,126.7
2563,ธันวาคม,นนทบุรี,ไทรน้อย,อบต.ทวีวัฒนา,232.13
2563,ธันวาคม,นนทบุรี,ไทรน้อย,อบต.ไทรน้อย,586.05
2563,ธันวาคม,นนทบุรี,ไทรน้อย,อบต.ไทรใหญ่,119.02
2563,ธันวาคม,นนทบุรี,ไทรน้อย,อบต.ราษฎร์นิยม,157.1
2563,ธันวาคม,นนทบุรี,ไทรน้อย,อบต.หนองเพรางาย,202.46
2563,ธันวาคม,นนทบุรี,บางกรวย,เทศบาลเมืองบางกรวย,1489.64
2563,ธันวาคม,นนทบุรี,บางกรวย,เทศบาลตำบลบางสีทอง,340.55
2563,ธันวาคม,นนทบุรี,บางกรวย,เทศบาลตำบลปลายบาง,1383.19
2563,ธันวาคม,นนทบุรี,บางกรวย,เทศบาลตำบลศาลากลาง,307.99
2563,ธันวาคม,นนทบุรี,บางกรวย,อบต.บางขนุน,362.42
2563,ธันวาคม,นนทบุรี,บางกรวย,อบต.บางขุนกอง,1000.0
2563,ธันวาคม,นนทบุรี,บางกรวย,อบต.มหาสวัสดิ์,257.09
2563,ธันวาคม,นนทบุรี,บางบัวทอง,เทศบาลเมืองบางคูรัด,1380.1
2563,ธันวาคม,นนทบุรี,บางบัวทอง,เทศบาลเมืองบางบัวทอง,1743.73
2563,ธันวาคม,นนทบุรี,บางบัวทอง,เทศบาลเมืองบางรักพัฒนา,1344.47
2563,ธันวาคม,นนทบุรี,บางบัวทอง,เทศบาลเมืองพิมลราช,2000.29
2563,ธันวาคม,นนทบุรี,บางบัวทอง,เทศบาลเมืองใหม่บางบัวทอง,1244.34
2563,ธันวาคม,นนทบุรี,บางบัวทอง,อบต.บางรักใหญ่,129.17
2563,ธันวาคม,นนทบุรี,บางบัวทอง,อบต.ละหาร,4062.04
2563,ธันวาคม,นนทบุรี,บางบัวทอง,อบต.ลำโพ,500.2
2563,ธันวาคม,นนทบุรี,บางใหญ่,เทศบาลเมืองบางแม่นาง,1224.92
2563,ธันวาคม,นนทบุรี,บางใหญ่,เทศบาลตำบลบางม่วง,184.76
2563,ธันวาคม,นนทบุรี,บางใหญ่,เทศบาลตำบลบางเลน,550.0
2563,ธันวาคม,นนทบุรี,บางใหญ่,เทศบาลตำบลบางใหญ่,350.89
2563,ธันวาคม,นนทบุรี,บางใหญ่,เทศบาลตำบลบ้านบางม่วง,594.94
2563,ธันวาคม,นนทบุรี,บางใหญ่,เทศบาลตำบลเสาธงหิน,1852.59
2563,ธันวาคม,นนทบุรี,บางใหญ่,อบต.บางใหญ่,318.07
2563,ธันวาคม,นนทบุรี,บางใหญ่,อบต.บ้านใหม่,155.52
2563,ธันวาคม,นนทบุรี,ปากเกร็ด,เทศบาลนครปากเกร็ด,10770.28
2563,ธันวาคม,นนทบุรี,ปากเกร็ด,เทศบาลตำบลบางพลับ,425.95
2563,ธันวาคม,นนทบุรี,ปากเกร็ด,อบต.เกาะเกร็ด,48.0
2563,ธันวาคม,นนทบุรี,ปากเกร็ด,อบต.คลองข่อย,351.75
2563,ธันวาคม,นนทบุรี,ปากเกร็ด,อบต.คลองพระอุดม,216.54
2563,ธันวาคม,นนทบุรี,ปากเกร็ด,อบต.ท่าอิฐ,375.21
2563,ธันวาคม,นนทบุรี,ปากเกร็ด,อบต.บางตะไนย์,89.46
2563,ธันวาคม,นนทบุรี,ปากเกร็ด,อบต.อ้อมเกร็ด,228.61
2563,ธันวาคม,นนทบุรี,เมืองนนทบุรี,เทศบาลนครนนทบุรี,14258.6
2563,ธันวาคม,นนทบุรี,เมืองนนทบุรี,เทศบาลเมืองไทรม้า,746.22
2563,ธันวาคม,นนทบุรี,เมืองนนทบุรี,เทศบาลเมืองบางกร่าง,754.02
2563,ธันวาคม,นนทบุรี,เมืองนนทบุรี,เทศบาลเมืองบางศรีเมือง,1134.36
2563,ธันวาคม,นนทบุรี,เมืองนนทบุรี,อบต.บางไผ่,407.38
2563,ธันวาคม,นนทบุรี,เมืองนนทบุรี,อบต.บางรักน้อย,582.42
2564,มกราคม,นนทบุรี,ไทรน้อย,เทศบาลตำบลไทรน้อย,129.34
2564,มกราคม,นนทบุรี,ไทรน้อย,อบต.ขุนศรี,110.31
2564,มกราคม,นนทบุรี,ไทรน้อย,อบต.คลองขวาง,132.01
2564,มกราคม,นนทบุรี,ไทรน้อย,อบต.ทวีวัฒนา,240.16
2564,มกราคม,นนทบุรี,ไทรน้อย,อบต.ไทรน้อย,642.67
2564,มกราคม,นนทบุรี,ไทรน้อย,อบต.ไทรใหญ่,139.81
2564,มกราคม,นนทบุรี,ไทรน้อย,อบต.ราษฎร์นิยม,496.34
2564,มกราคม,นนทบุรี,ไทรน้อย,อบต.หนองเพรางาย,200.0
2564,มกราคม,นนทบุรี,บางกรวย,เทศบาลเมืองบางกรวย,1537.73
2564,มกราคม,นนทบุรี,บางกรวย,เทศบาลตำบลบางสีทอง,373.16
2564,มกราคม,นนทบุรี,บางกรวย,เทศบาลตำบลปลายบาง,1519.71
2564,มกราคม,นนทบุรี,บางกรวย,เทศบาลตำบลศาลากลาง,589.97
2564,มกราคม,นนทบุรี,บางกรวย,อบต.บางขนุน,361.52
2564,มกราคม,นนทบุรี,บางกรวย,อบต.บางขุนกอง,1000.0
2564,มกราคม,นนทบุรี,บางกรวย,อบต.มหาสวัสดิ์,213.11
2564,มกราคม,นนทบุรี,บางบัวทอง,เทศบาลเมืองบางคูรัด,1394.25
2564,มกราคม,นนทบุรี,บางบัวทอง,เทศบาลเมืองบางบัวทอง,1735.91
2564,มกราคม,นนทบุรี,บางบัวทอง,เทศบาลเมืองบางรักพัฒนา,1572.82
2564,มกราคม,นนทบุรี,บางบัวทอง,เทศบาลเมืองพิมลราช,1046.61
2564,มกราคม,นนทบุรี,บางบัวทอง,เทศบาลเมืองใหม่บางบัวทอง,1385.11
2564,มกราคม,นนทบุรี,บางบัวทอง,อบต.บางรักใหญ่,160.56
2564,มกราคม,นนทบุรี,บางบัวทอง,อบต.ละหาร,4505.52
2564,มกราคม,นนทบุรี,บางบัวทอง,อบต.ลำโพ,615.16
2564,มกราคม,นนทบุรี,บางใหญ่,เทศบาลเมืองบางแม่นาง,708.04
2564,มกราคม,นนทบุรี,บางใหญ่,เทศบาลตำบลบางม่วง,246.27
2564,มกราคม,นนทบุรี,บางใหญ่,เทศบาลตำบลบางเลน,630.0
2564,มกราคม,นนทบุรี,บางใหญ่,เทศบาลตำบลบางใหญ่,364.26
2564,มกราคม,นนทบุรี,บางใหญ่,เทศบาลตำบลบ้านบางม่วง,832.55
2564,มกราคม,นนทบุรี,บางใหญ่,เทศบาลตำบลเสาธงหิน,1623.01
2564,มกราคม,นนทบุรี,บางใหญ่,อบต.บางใหญ่,318.07
2564,มกราคม,นนทบุรี,บางใหญ่,อบต.บ้านใหม่,181.91
2564,มกราคม,นนทบุรี,ปากเกร็ด,เทศบาลนครปากเกร็ด,10744.42
2564,มกราคม,นนทบุรี,ปากเกร็ด,เทศบาลตำบลบางพลับ,392.47
2564,มกราคม,นนทบุรี,ปากเกร็ด,อบต.เกาะเกร็ด,94.0
2564,มกราคม,นนทบุรี,ปากเกร็ด,อบต.คลองข่อย,343.87
2564,มกราคม,นนทบุรี,ปากเกร็ด,อบต.คลองพระอุดม,202.26
2564,มกราคม,นนทบุรี,ปากเกร็ด,อบต.ท่าอิฐ,477.75
2564,มกราคม,นนทบุรี,ปากเกร็ด,อบต.บางตะไนย์,371.38
2564,มกราคม,นนทบุรี,ปากเกร็ด,อบต.อ้อมเกร็ด,237.31
2564,มกราคม,นนทบุรี,เมืองนนทบุรี,เทศบาลนครนนทบุรี,14374.27
2564,มกราคม,นนทบุรี,เมืองนนทบุรี,เทศบาลเมืองไทรม้า,809.83
2564,มกราคม,นนทบุรี,เมืองนนทบุรี,เทศบาลเมืองบางกร่าง,785.67
2564,มกราคม,นนทบุรี,เมืองนนทบุรี,เทศบาลเมืองบางศรีเมือง,1144.09
2564,มกราคม,นนทบุรี,เมืองนนทบุรี,อบต.บางไผ่,411.81
2564,มกราคม,นนทบุรี,เมืองนนทบุรี,อบต.บางรักน้อย,616.27
2564,กุมภาพันธ์,นนทบุรี,ไทรน้อย,เทศบาลตำบลไทรน้อย,127.99
2564,กุมภาพันธ์,นนทบุรี,ไทรน้อย,อบต.ขุนศรี,103.36
2564,กุมภาพันธ์,นนทบุรี,ไทรน้อย,อบต.คลองขวาง,145.62
2564,กุมภาพันธ์,นนทบุรี,ไทรน้อย,อบต.ทวีวัฒนา,240.16
2564,กุมภาพันธ์,นนทบุรี,ไทรน้อย,อบต.ไทรน้อย,586.05
2564,กุมภาพันธ์,นนทบุรี,ไทรน้อย,อบต.ไทรใหญ่,132.7
2564,กุมภาพันธ์,นนทบุรี,ไทรน้อย,อบต.ราษฎร์นิยม,183.57
2564,กุมภาพันธ์,นนทบุรี,ไทรน้อย,อบต.หนองเพรางาย,210.0
2564,กุมภาพันธ์,นนทบุรี,บางกรวย,เทศบาลเมืองบางกรวย,2012.47
2564,กุมภาพันธ์,นนทบุรี,บางกรวย,เทศบาลตำบลบางสีทอง,388.29
2564,กุมภาพันธ์,นนทบุรี,บางกรวย,เทศบาลตำบลปลายบาง,212.92
2564,กุมภาพันธ์,นนทบุรี,บางกรวย,เทศบาลตำบลศาลากลาง,589.97
2564,กุมภาพันธ์,นนทบุรี,บางกรวย,อบต.บางขนุน,407.54
2564,กุมภาพันธ์,นนทบุรี,บางกรวย,อบต.บางขุนกอง,824.09
2564,กุมภาพันธ์,นนทบุรี,บางกรวย,อบต.มหาสวัสดิ์,212.92
2564,กุมภาพันธ์,นนทบุรี,บางบัวทอง,เทศบาลเมืองบางคูรัด,1394.25
2564,กุมภาพันธ์,นนทบุรี,บางบัวทอง,เทศบาลเมืองบางบัวทอง,1742.08
2564,กุมภาพันธ์,นนทบุรี,บางบัวทอง,เทศบาลเมืองบางรักพัฒนา,1581.47
2564,กุมภาพันธ์,นนทบุรี,บางบัวทอง,เทศบาลเมืองพิมลราช,1187.73
2564,กุมภาพันธ์,นนทบุรี,บางบัวทอง,เทศบาลเมืองใหม่บางบัวทอง,1618.05
2564,กุมภาพันธ์,นนทบุรี,บางบัวทอง,อบต.บางรักใหญ่,161.72
2564,กุมภาพันธ์,นนทบุรี,บางบัวทอง,อบต.ละหาร,4655.62
2564,กุมภาพันธ์,นนทบุรี,บางบัวทอง,อบต.ลำโพ,615.16
2564,กุมภาพันธ์,นนทบุรี,บางใหญ่,เทศบาลเมืองบางแม่นาง,690.74
2564,กุมภาพันธ์,นนทบุรี,บางใหญ่,เทศบาลตำบลบางม่วง,222.99
2564,กุมภาพันธ์,นนทบุรี,บางใหญ่,เทศบาลตำบลบางเลน,585.0
2564,กุมภาพันธ์,นนทบุรี,บางใหญ่,เทศบาลตำบลบางใหญ่,360.0
2564,กุมภาพันธ์,นนทบุรี,บางใหญ่,เทศบาลตำบลบ้านบางม่วง,368.9
2564,กุมภาพันธ์,นนทบุรี,บางใหญ่,เทศบาลตำบลเสาธงหิน,1210.96
2564,กุมภาพันธ์,นนทบุรี,บางใหญ่,อบต.บางใหญ่,318.07
2564,กุมภาพันธ์,นนทบุรี,บางใหญ่,อบต.บ้านใหม่,209.21
2564,กุมภาพันธ์,นนทบุรี,ปากเกร็ด,เทศบาลนครปากเกร็ด,10744.42
2564,กุมภาพันธ์,นนทบุรี,ปากเกร็ด,เทศบาลตำบลบางพลับ,383.24
2564,กุมภาพันธ์,นนทบุรี,ปากเกร็ด,อบต.เกาะเกร็ด,93.0
2564,กุมภาพันธ์,นนทบุรี,ปากเกร็ด,อบต.คลองข่อย,350.18
2564,กุมภาพันธ์,นนทบุรี,ปากเกร็ด,อบต.คลองพระอุดม,191.49
2564,กุมภาพันธ์,นนทบุรี,ปากเกร็ด,อบต.ท่าอิฐ,511.82
2564,กุมภาพันธ์,นนทบุรี,ปากเกร็ด,อบต.บางตะไนย์,345.51
2564,กุมภาพันธ์,นนทบุรี,ปากเกร็ด,อบต.อ้อมเกร็ด,239.92
2564,กุมภาพันธ์,นนทบุรี,เมืองนนทบุรี,เทศบาลนครนนทบุรี,15032.45
2564,กุมภาพันธ์,นนทบุรี,เมืองนนทบุรี,เทศบาลเมืองไทรม้า,958.26
2564,กุมภาพันธ์,นนทบุรี,เมืองนนทบุรี,เทศบาลเมืองบางกร่าง,799.38
2564,กุมภาพันธ์,นนทบุรี,เมืองนนทบุรี,เทศบาลเมืองบางศรีเมือง,1092.99
2564,กุมภาพันธ์,นนทบุรี,เมืองนนทบุรี,อบต.บางไผ่,380.17
2564,กุมภาพันธ์,นนทบุรี,เมืองนนทบุรี,อบต.บางรักน้อย,617.65
2564,มีนาคม,นนทบุรี,ไทรน้อย,เทศบาลตำบลไทรน้อย,160.0
2564,มีนาคม,นนทบุรี,ไทรน้อย,อบต.ขุนศรี,135.92
2564,มีนาคม,นนทบุรี,ไทรน้อย,อบต.คลองขวาง,153.23
2564,มีนาคม,นนทบุรี,ไทรน้อย,อบต.ทวีวัฒนา,240.16
2564,มีนาคม,นนทบุรี,ไทรน้อย,อบต.ไทรน้อย,636.19
2564,มีนาคม,นนทบุรี,ไทรน้อย,อบต.ไทรใหญ่,161.54
2564,มีนาคม,นนทบุรี,ไทรน้อย,อบต.ราษฎร์นิยม,643.85
2564,มีนาคม,นนทบุรี,ไทรน้อย,อบต.หนองเพรางาย,260.0
2564,มีนาคม,นนทบุรี,บางกรวย,เทศบาลเมืองบางกรวย,1632.0
2564,มีนาคม,นนทบุรี,บางกรวย,เทศบาลตำบลบางสีทอง,456.88
2564,มีนาคม,นนทบุรี,บางกรวย,เทศบาลตำบลปลายบาง,1704.22
2564,มีนาคม,นนทบุรี,บางกรวย,เทศบาลตำบลศาลากลาง,518.0
2564,มีนาคม,นนทบุรี,บางกรวย,อบต.บางขนุน,391.11
2564,มีนาคม,นนทบุรี,บางกรวย,อบต.บางขุนกอง,1000.0
2564,มีนาคม,นนทบุรี,บางกรวย,อบต.มหาสวัสดิ์,256.23
2564,มีนาคม,นนทบุรี,บางบัวทอง,เทศบาลเมืองบางคูรัด,784.3
2564,มีนาคม,นนทบุรี,บางบัวทอง,เทศบาลเมืองบางบัวทอง,2017.47
2564,มีนาคม,นนทบุรี,บางบัวทอง,เทศบาลเมืองบางรักพัฒนา,1707.82
2564,มีนาคม,นนทบุรี,บางบัวทอง,เทศบาลเมืองพิมลราช,1049.21
2564,มีนาคม,นนทบุรี,บางบัวทอง,เทศบาลเมืองใหม่บางบัวทอง,1995.12
2564,มีนาคม,นนทบุรี,บางบัวทอง,อบต.บางรักใหญ่,202.11
2564,มีนาคม,นนทบุรี,บางบัวทอง,อบต.ละหาร,5533.04
2564,มีนาคม,นนทบุรี,บางบัวทอง,อบต.ลำโพ,630.72
2564,มีนาคม,นนทบุรี,บางใหญ่,เทศบาลเมืองบางแม่นาง,860.79
2564,มีนาคม,นนทบุรี,บางใหญ่,เทศบาลตำบลบางม่วง,246.84
2564,มีนาคม,นนทบุรี,บางใหญ่,เทศบาลตำบลบางเลน,800.0
2564,มีนาคม,นนทบุรี,บางใหญ่,เทศบาลตำบลบางใหญ่,459.64
2564,มีนาคม,นนทบุรี,บางใหญ่,เทศบาลตำบลบ้านบางม่วง,908.3
2564,มีนาคม,นนทบุรี,บางใหญ่,เทศบาลตำบลเสาธงหิน,2243.06
2564,มีนาคม,นนทบุรี,บางใหญ่,อบต.บางใหญ่,362.0
2564,มีนาคม,นนทบุรี,บางใหญ่,อบต.บ้านใหม่,204.42
2564,มีนาคม,นนทบุรี,ปากเกร็ด,เทศบาลนครปากเกร็ด,10766.65
2564,มีนาคม,นนทบุรี,ปากเกร็ด,เทศบาลตำบลบางพลับ,517.05
2564,มีนาคม,นนทบุรี,ปากเกร็ด,อบต.เกาะเกร็ด,90.0
2564,มีนาคม,นนทบุรี,ปากเกร็ด,อบต.คลองข่อย,437.8
2564,มีนาคม,นนทบุรี,ปากเกร็ด,อบต.คลองพระอุดม,254.22
2564,มีนาคม,นนทบุรี,ปากเกร็ด,อบต.ท่าอิฐ,665.18
2564,มีนาคม,นนทบุรี,ปากเกร็ด,อบต.บางตะไนย์,437.26
2564,มีนาคม,นนทบุรี,ปากเกร็ด,อบต.อ้อมเกร็ด,292.52
2564,มีนาคม,นนทบุรี,เมืองนนทบุรี,เทศบาลนครนนทบุรี,15074.46
2564,มีนาคม,นนทบุรี,เมืองนนทบุรี,เทศบาลเมืองไทรม้า,1033.64
2564,มีนาคม,นนทบุรี,เมืองนนทบุรี,เทศบาลเมืองบางกร่าง,943.49
2564,มีนาคม,นนทบุรี,เมืองนนทบุรี,เทศบาลเมืองบางศรีเมือง,1298.05
2564,มีนาคม,นนทบุรี,เมืองนนทบุรี,อบต.บางไผ่,479.5
2564,มีนาคม,นนทบุรี,เมืองนนทบุรี,อบต.บางรักน้อย,795.01
2564,เมษายน,นนทบุรี,ไทรน้อย,เทศบาลตำบลไทรน้อย,156.17
2564,เมษายน,นนทบุรี,ไทรน้อย,อบต.ขุนศรี,126.37
2564,เมษายน,นนทบุรี,ไทรน้อย,อบต.คลองขวาง,170.3
2564,เมษายน,นนทบุรี,ไทรน้อย,อบต.ทวีวัฒนา,240.16
2564,เมษายน,นนทบุรี,ไทรน้อย,อบต.ไทรน้อย,774.77
2564,เมษายน,นนทบุรี,ไทรน้อย,อบต.ไทรใหญ่,152.99
2564,เมษายน,นนทบุรี,ไทรน้อย,อบต.ราษฎร์นิยม,499.7
2564,เมษายน,นนทบุรี,ไทรน้อย,อบต.หนองเพรางาย,245.0
2564,เมษายน,นนทบุรี,บางกรวย,เทศบาลเมืองบางกรวย,1537.73
2564,เมษายน,นนทบุรี,บางกรวย,เทศบาลตำบลบางสีทอง,443.11
2564,เมษายน,นนทบุรี,บางกรวย,เทศบาลตำบลปลายบาง,1738.4
2564,เมษายน,นนทบุรี,บางกรวย,เทศบาลตำบลศาลากลาง,579.84
2564,เมษายน,นนทบุรี,บางกรวย,อบต.บางขนุน,378.49
2564,เมษายน,นนทบุรี,บางกรวย,อบต.บางขุนกอง,1000.0
2564,เมษายน,นนทบุรี,บางกรวย,อบต.มหาสวัสดิ์,250.7
2564,เมษายน,นนทบุรี,บางบัวทอง,เทศบาลเมืองบางคูรัด,1104.07
2564,เมษายน,นนทบุรี,บางบัวทอง,เทศบาลเมืองบางบัวทอง,1870.19
2564,เมษายน,นนทบุรี,บางบัวทอง,เทศบาลเมืองบางรักพัฒนา,1640.93
2564,เมษายน,นนทบุรี,บางบัวทอง,เทศบาลเมืองพิมลราช,1049.21
2564,เมษายน,นนทบุรี,บางบัวทอง,เทศบาลเมืองใหม่บางบัวทอง,1622.14
2564,เมษายน,นนทบุรี,บางบัวทอง,อบต.บางรักใหญ่,194.46
2564,เมษายน,นนทบุรี,บางบัวทอง,อบต.ละหาร,5284.5
2564,เมษายน,นนทบุรี,บางบัวทอง,อบต.ลำโพ,602.05
2564,เมษายน,นนทบุรี,บางใหญ่,เทศบาลเมืองบางแม่นาง,782.36
2564,เมษายน,นนทบุรี,บางใหญ่,เทศบาลตำบลบางม่วง,239.3
2564,เมษายน,นนทบุรี,บางใหญ่,เทศบาลตำบลบางเลน,730.0
2564,เมษายน,นนทบุรี,บางใหญ่,เทศบาลตำบลบางใหญ่,441.25
2564,เมษายน,นนทบุรี,บางใหญ่,เทศบาลตำบลบ้านบางม่วง,923.84
2564,เมษายน,นนทบุรี,บางใหญ่,เทศบาลตำบลเสาธงหิน,2164.68
2564,เมษายน,นนทบุรี,บางใหญ่,อบต.บางใหญ่,360.0
2564,เมษายน,นนทบุรี,บางใหญ่,อบต.บ้านใหม่,232.77
2564,เมษายน,นนทบุรี,ปากเกร็ด,เทศบาลนครปากเกร็ด,10767.95
2564,เมษายน,นนทบุรี,ปากเกร็ด,เทศบาลตำบลบางพลับ,468.42
2564,เมษายน,นนทบุรี,ปากเกร็ด,อบต.เกาะเกร็ด,90.0
2564,เมษายน,นนทบุรี,ปากเกร็ด,อบต.คลองข่อย,428.17
2564,เมษายน,นนทบุรี,ปากเกร็ด,อบต.คลองพระอุดม,216.93
2564,เมษายน,นนทบุรี,ปากเกร็ด,อบต.ท่าอิฐ,687.54
2564,เมษายน,นนทบุรี,ปากเกร็ด,อบต.บางตะไนย์,390.08
2564,เมษายน,นนทบุรี,ปากเกร็ด,อบต.อ้อมเกร็ด,277.83
2564,เมษายน,นนทบุรี,เมืองนนทบุรี,เทศบาลนครนนทบุรี,14557.77
2564,เมษายน,นนทบุรี,เมืองนนทบุรี,เทศบาลเมืองไทรม้า,925.89
2564,เมษายน,นนทบุรี,เมืองนนทบุรี,เทศบาลเมืองบางกร่าง,930.44
2564,เมษายน,นนทบุรี,เมืองนนทบุรี,เทศบาลเมืองบางศรีเมือง,1247.52
2564,เมษายน,นนทบุรี,เมืองนนทบุรี,อบต.บางไผ่,474.76
2564,เมษายน,นนทบุรี,เมืองนนทบุรี,อบต.บางรักน้อย,653.93
2564,พฤษภาคม,นนทบุรี,ไทรน้อย,เทศบาลตำบลไทรน้อย,160.0
2564,พฤษภาคม,นนทบุรี,ไทรน้อย,อบต.ขุนศรี,120.71
2564,พฤษภาคม,นนทบุรี,ไทรน้อย,อบต.คลองขวาง,158.26
2564,พฤษภาคม,นนทบุรี,ไทรน้อย,อบต.ทวีวัฒนา,240.16
2564,พฤษภาคม,นนทบุรี,ไทรน้อย,อบต.ไทรน้อย,721.01
2564,พฤษภาคม,นนทบุรี,ไทรน้อย,อบต.ไทรใหญ่,155.81
2564,พฤษภาคม,นนทบุรี,ไทรน้อย,อบต.ราษฎร์นิยม,532.12
2564,พฤษภาคม,นนทบุรี,ไทรน้อย,อบต.หนองเพรางาย,230.0
2564,พฤษภาคม,นนทบุรี,บางกรวย,เทศบาลเมืองบางกรวย,1550.0
2564,พฤษภาคม,นนทบุรี,บางกรวย,เทศบาลตำบลบางสีทอง,441.63
2564,พฤษภาคม,นนทบุรี,บางกรวย,เทศบาลตำบลปลายบาง,1704.22
2564,พฤษภาคม,นนทบุรี,บางกรวย,เทศบาลตำบลศาลากลาง,618.46
2564,พฤษภาคม,นนทบุรี,บางกรวย,อบต.บางขนุน,394.12
2564,พฤษภาคม,นนทบุรี,บางกรวย,อบต.บางขุนกอง,1000.0
2564,พฤษภาคม,นนทบุรี,บางกรวย,อบต.มหาสวัสดิ์,259.01
2564,พฤษภาคม,นนทบุรี,บางบัวทอง,เทศบาลเมืองบางคูรัด,1039.32
2564,พฤษภาคม,นนทบุรี,บางบัวทอง,เทศบาลเมืองบางบัวทอง,1921.54
2564,พฤษภาคม,นนทบุรี,บางบัวทอง,เทศบาลเมืองบางรักพัฒนา,1645.08
2564,พฤษภาคม,นนทบุรี,บางบัวทอง,เทศบาลเมืองพิมลราช,1243.25
2564,พฤษภาคม,นนทบุรี,บางบัวทอง,เทศบาลเมืองใหม่บางบัวทอง,1540.57
2564,พฤษภาคม,นนทบุรี,บางบัวทอง,อบต.บางรักใหญ่,204.82
2564,พฤษภาคม,นนทบุรี,บางบัวทอง,อบต.ละหาร,5209.22
2564,พฤษภาคม,นนทบุรี,บางบัวทอง,อบต.ลำโพ,649.91
2564,พฤษภาคม,นนทบุรี,บางใหญ่,เทศบาลเมืองบางแม่นาง,903.03
2564,พฤษภาคม,นนทบุรี,บางใหญ่,เทศบาลตำบลบางม่วง,248.21
2564,พฤษภาคม,นนทบุรี,บางใหญ่,เทศบาลตำบลบางเลน,700.0
2564,พฤษภาคม,นนทบุรี,บางใหญ่,เทศบาลตำบลบางใหญ่,434.45
2564,พฤษภาคม,นนทบุรี,บางใหญ่,เทศบาลตำบลบ้านบางม่วง,689.61
2564,พฤษภาคม,นนทบุรี,บางใหญ่,เทศบาลตำบลเสาธงหิน,2104.61
2564,พฤษภาคม,นนทบุรี,บางใหญ่,อบต.บางใหญ่,318.07
2564,พฤษภาคม,นนทบุรี,บางใหญ่,อบต.บ้านใหม่,221.7
2564,พฤษภาคม,นนทบุรี,ปากเกร็ด,เทศบาลนครปากเกร็ด,10767.78
2564,พฤษภาคม,นนทบุรี,ปากเกร็ด,เทศบาลตำบลบางพลับ,416.72
2564,พฤษภาคม,นนทบุรี,ปากเกร็ด,อบต.เกาะเกร็ด,91.0
2564,พฤษภาคม,นนทบุรี,ปากเกร็ด,อบต.คลองข่อย,417.11
2564,พฤษภาคม,นนทบุรี,ปากเกร็ด,อบต.คลองพระอุดม,213.54
2564,พฤษภาคม,นนทบุรี,ปากเกร็ด,อบต.ท่าอิฐ,623.12
2564,พฤษภาคม,นนทบุรี,ปากเกร็ด,อบต.บางตะไนย์,327.65
2564,พฤษภาคม,นนทบุรี,ปากเกร็ด,อบต.อ้อมเกร็ด,259.08
2564,พฤษภาคม,นนทบุรี,เมืองนนทบุรี,เทศบาลนครนนทบุรี,14673.58
2564,พฤษภาคม,นนทบุรี,เมืองนนทบุรี,เทศบาลเมืองไทรม้า,910.84
2564,พฤษภาคม,นนทบุรี,เมืองนนทบุรี,เทศบาลเมืองบางกร่าง,918.45
2564,พฤษภาคม,นนทบุรี,เมืองนนทบุรี,เทศบาลเมืองบางศรีเมือง,1256.89
2564,พฤษภาคม,นนทบุรี,เมืองนนทบุรี,อบต.บางไผ่,468.64
2564,พฤษภาคม,นนทบุรี,เมืองนนทบุรี,อบต.บางรักน้อย,876.19
2564,มิถุนายน,นนทบุรี,ไทรน้อย,เทศบาลตำบลไทรน้อย,151.06
2564,มิถุนายน,นนทบุรี,ไทรน้อย,อบต.ขุนศรี,118.23
2564,มิถุนายน,นนทบุรี,ไทรน้อย,อบต.คลองขวาง,145.59
2564,มิถุนายน,นนทบุรี,ไทรน้อย,อบต.ทวีวัฒนา,240.16
2564,มิถุนายน,นนทบุรี,ไทรน้อย,อบต.ไทรน้อย,667.42
2564,มิถุนายน,นนทบุรี,ไทรน้อย,อบต.ไทรใหญ่,150.27
2564,มิถุนายน,นนทบุรี,ไทรน้อย,อบต.ราษฎร์นิยม,414.26
2564,มิถุนายน,นนทบุรี,ไทรน้อย,อบต.หนองเพรางาย,210.0
2564,มิถุนายน,นนทบุรี,บางกรวย,เทศบาลเมืองบางกรวย,1537.73
2564,มิถุนายน,นนทบุรี,บางกรวย,เทศบาลตำบลบางสีทอง,421.63
2564,มิถุนายน,นนทบุรี,บางกรวย,เทศบาลตำบลปลายบาง,1681.66
2564,มิถุนายน,นนทบุรี,บางกรวย,เทศบาลตำบลศาลากลาง,620.0
2564,มิถุนายน,นนทบุรี,บางกรวย,อบต.บางขนุน,381.23
2564,มิถุนายน,นนทบุรี,บางกรวย,อบต.บางขุนกอง,1000.0
2564,มิถุนายน,นนทบุรี,บางกรวย,อบต.มหาสวัสดิ์,239.88
2564,มิถุนายน,นนทบุรี,บางบัวทอง,เทศบาลเมืองบางคูรัด,1019.5
2564,มิถุนายน,นนทบุรี,บางบัวทอง,เทศบาลเมืองบางบัวทอง,1817.02
2564,มิถุนายน,นนทบุรี,บางบัวทอง,เทศบาลเมืองบางรักพัฒนา,1564.31
2564,มิถุนายน,นนทบุรี,บางบัวทอง,เทศบาลเมืองพิมลราช,1191.89
2564,มิถุนายน,นนทบุรี,บางบัวทอง,เทศบาลเมืองใหม่บางบัวทอง,1605.79
2564,มิถุนายน,นนทบุรี,บางบัวทอง,อบต.บางรักใหญ่,180.97
2564,มิถุนายน,นนทบุรี,บางบัวทอง,อบต.ละหาร,4919.77
2564,มิถุนายน,นนทบุรี,บางบัวทอง,อบต.ลำโพ,555.98
2564,มิถุนายน,นนทบุรี,บางใหญ่,เทศบาลเมืองบางแม่นาง,836.37
2564,มิถุนายน,นนทบุรี,บางใหญ่,เทศบาลตำบลบางม่วง,240.4
2564,มิถุนายน,นนทบุรี,บางใหญ่,เทศบาลตำบลบางเลน,650.0
2564,มิถุนายน,นนทบุรี,บางใหญ่,เทศบาลตำบลบางใหญ่,427.67
2564,มิถุนายน,นนทบุรี,บางใหญ่,เทศบาลตำบลบ้านบางม่วง,676.84
2564,มิถุนายน,นนทบุรี,บางใหญ่,เทศบาลตำบลเสาธงหิน,2115.55
2564,มิถุนายน,นนทบุรี,บางใหญ่,อบต.บางใหญ่,318.07
2564,มิถุนายน,นนทบุรี,บางใหญ่,อบต.บ้านใหม่,231.19
2564,มิถุนายน,นนทบุรี,ปากเกร็ด,เทศบาลนครปากเกร็ด,10777.59
2564,มิถุนายน,นนทบุรี,ปากเกร็ด,เทศบาลตำบลบางพลับ,398.26
2564,มิถุนายน,นนทบุรี,ปากเกร็ด,อบต.เกาะเกร็ด,90.0
2564,มิถุนายน,นนทบุรี,ปากเกร็ด,อบต.คลองข่อย,409.01
2564,มิถุนายน,นนทบุรี,ปากเกร็ด,อบต.คลองพระอุดม,195.47
2564,มิถุนายน,นนทบุรี,ปากเกร็ด,อบต.ท่าอิฐ,621.22
2564,มิถุนายน,นนทบุรี,ปากเกร็ด,อบต.บางตะไนย์,345.9
2564,มิถุนายน,นนทบุรี,ปากเกร็ด,อบต.อ้อมเกร็ด,259.11
2564,มิถุนายน,นนทบุรี,เมืองนนทบุรี,เทศบาลนครนนทบุรี,13837.98
2564,มิถุนายน,นนทบุรี,เมืองนนทบุรี,เทศบาลเมืองไทรม้า,828.38
2564,มิถุนายน,นนทบุรี,เมืองนนทบุรี,เทศบาลเมืองบางกร่าง,844.55
2564,มิถุนายน,นนทบุรี,เมืองนนทบุรี,เทศบาลเมืองบางศรีเมือง,1199.6
2564,มิถุนายน,นนทบุรี,เมืองนนทบุรี,อบต.บางไผ่,451.18
2564,มิถุนายน,นนทบุรี,เมืองนนทบุรี,อบต.บางรักน้อย,877.2
2564,กรกฎาคม,นนทบุรี,ไทรน้อย,เทศบาลตำบลไทรน้อย,151.06
2564,กรกฎาคม,นนทบุรี,ไทรน้อย,อบต.ขุนศรี,121.97
2564,กรกฎาคม,นนทบุรี,ไทรน้อย,อบต.คลองขวาง,166.32
2564,กรกฎาคม,นนทบุรี,ไทรน้อย,อบต.ทวีวัฒนา,242.89
2564,กรกฎาคม,นนทบุรี,ไทรน้อย,อบต.ไทรน้อย,727.33
2564,กรกฎาคม,นนทบุรี,ไทรน้อย,อบต.ไทรใหญ่,135.35
2564,กรกฎาคม,นนทบุรี,ไทรน้อย,อบต.ราษฎร์นิยม,397.62
2564,กรกฎาคม,นนทบุรี,ไทรน้อย,อบต.หนองเพรางาย,250.0
2564,กรกฎาคม,นนทบุรี,บางกรวย,เทศบาลเมืองบางกรวย,1537.73
2564,กรกฎาคม,นนทบุรี,บางกรวย,เทศบาลตำบลบางสีทอง,439.24
2564,กรกฎาคม,นนทบุรี,บางกรวย,เทศบาลตำบลปลายบาง,1681.66
2564,กรกฎาคม,นนทบุรี,บางกรวย,เทศบาลตำบลศาลากลาง,650.0
2564,กรกฎาคม,นนทบุรี,บางกรวย,อบต.บางขนุน,367.96
2564,กรกฎาคม,นนทบุรี,บางกรวย,อบต.บางขุนกอง,1000.0
2564,กรกฎาคม,นนทบุรี,บางกรวย,อบต.มหาสวัสดิ์,255.1
2564,กรกฎาคม,นนทบุรี,บางบัวทอง,เทศบาลเมืองบางคูรัด,984.48
2564,กรกฎาคม,นนทบุรี,บางบัวทอง,เทศบาลเมืองบางบัวทอง,1781.81
2564,กรกฎาคม,นนทบุรี,บางบัวทอง,เทศบาลเมืองบางรักพัฒนา,1603.78
2564,กรกฎาคม,นนทบุรี,บางบัวทอง,เทศบาลเมืองพิมลราช,1228.68
2564,กรกฎาคม,นนทบุรี,บางบัวทอง,เทศบาลเมืองใหม่บางบัวทอง,1478.55
2564,กรกฎาคม,นนทบุรี,บางบัวทอง,อบต.บางรักใหญ่,204.85
2564,กรกฎาคม,นนทบุรี,บางบัวทอง,อบต.ละหาร,4816.55
2564,กรกฎาคม,นนทบุรี,บางบัวทอง,อบต.ลำโพ,582.98
2564,กรกฎาคม,นนทบุรี,บางใหญ่,เทศบาลเมืองบางแม่นาง,865.42
2564,กรกฎาคม,นนทบุรี,บางใหญ่,เทศบาลตำบลบางม่วง,248.65
2564,กรกฎาคม,นนทบุรี,บางใหญ่,เทศบาลตำบลบางเลน,660.0
2564,กรกฎาคม,นนทบุรี,บางใหญ่,เทศบาลตำบลบางใหญ่,426.0
2564,กรกฎาคม,นนทบุรี,บางใหญ่,เทศบาลตำบลบ้านบางม่วง,707.25
2564,กรกฎาคม,นนทบุรี,บางใหญ่,เทศบาลตำบลเสาธงหิน,2113.3
2564,กรกฎาคม,นนทบุรี,บางใหญ่,อบต.บางใหญ่,318.07
2564,กรกฎาคม,นนทบุรี,บางใหญ่,อบต.บ้านใหม่,244.71
2564,กรกฎาคม,นนทบุรี,ปากเกร็ด,เทศบาลนครปากเกร็ด,10800.1
2564,กรกฎาคม,นนทบุรี,ปากเกร็ด,เทศบาลตำบลบางพลับ,394.3
2564,กรกฎาคม,นนทบุรี,ปากเกร็ด,อบต.เกาะเกร็ด,159.79
2564,กรกฎาคม,นนทบุรี,ปากเกร็ด,อบต.คลองข่อย,410.56
2564,กรกฎาคม,นนทบุรี,ปากเกร็ด,อบต.คลองพระอุดม,190.81
2564,กรกฎาคม,นนทบุรี,ปากเกร็ด,อบต.ท่าอิฐ,680.94
2564,กรกฎาคม,นนทบุรี,ปากเกร็ด,อบต.บางตะไนย์,341.69
2564,กรกฎาคม,นนทบุรี,ปากเกร็ด,อบต.อ้อมเกร็ด,252.7
2564,กรกฎาคม,นนทบุรี,เมืองนนทบุรี,เทศบาลนครนนทบุรี,14222.86
2564,กรกฎาคม,นนทบุรี,เมืองนนทบุรี,เทศบาลเมืองไทรม้า,861.04
2564,กรกฎาคม,นนทบุรี,เมืองนนทบุรี,เทศบาลเมืองบางกร่าง,969.14
2564,กรกฎาคม,นนทบุรี,เมืองนนทบุรี,เทศบาลเมืองบางศรีเมือง,1252.77
2564,กรกฎาคม,นนทบุรี,เมืองนนทบุรี,อบต.บางไผ่,462.78
2564,กรกฎาคม,นนทบุรี,เมืองนนทบุรี,อบต.บางรักน้อย,876.19
2564,สิงหาคม,นนทบุรี,ไทรน้อย,เทศบาลตำบลไทรน้อย,151.06
2564,สิงหาคม,นนทบุรี,ไทรน้อย,อบต.ขุนศรี,128.64
2564,สิงหาคม,นนทบุรี,ไทรน้อย,อบต.คลองขวาง,171.36
2564,สิงหาคม,นนทบุรี,ไทรน้อย,อบต.ทวีวัฒนา,232.13
2564,สิงหาคม,นนทบุรี,ไทรน้อย,อบต.ไทรน้อย,760.41
2564,สิงหาคม,นนทบุรี,ไทรน้อย,อบต.ไทรใหญ่,160.0
2564,สิงหาคม,นนทบุรี,ไทรน้อย,อบต.ราษฎร์นิยม,474.29
2564,สิงหาคม,นนทบุรี,ไทรน้อย,อบต.หนองเพรางาย,250.0
2564,สิงหาคม,นนทบุรี,บางกรวย,เทศบาลเมืองบางกรวย,1463.71
2564,สิงหาคม,นนทบุรี,บางกรวย,เทศบาลตำบลบางสีทอง,452.15
2564,สิงหาคม,นนทบุรี,บางกรวย,เทศบาลตำบลปลายบาง,1682.66
2564,สิงหาคม,นนทบุรี,บางกรวย,เทศบาลตำบลศาลากลาง,650.0
2564,สิงหาคม,นนทบุรี,บางกรวย,อบต.บางขนุน,367.12
2564,สิงหาคม,นนทบุรี,บางกรวย,อบต.บางขุนกอง,1000.0
2564,สิงหาคม,นนทบุรี,บางกรวย,อบต.มหาสวัสดิ์,251.6
2564,สิงหาคม,นนทบุรี,บางบัวทอง,เทศบาลเมืองบางคูรัด,1394.25
2564,สิงหาคม,นนทบุรี,บางบัวทอง,เทศบาลเมืองบางบัวทอง,1911.63
2564,สิงหาคม,นนทบุรี,บางบัวทอง,เทศบาลเมืองบางรักพัฒนา,1572.82
2564,สิงหาคม,นนทบุรี,บางบัวทอง,เทศบาลเมืองพิมลราช,1187.73
2564,สิงหาคม,นนทบุรี,บางบัวทอง,เทศบาลเมืองใหม่บางบัวทอง,1818.05
2564,สิงหาคม,นนทบุรี,บางบัวทอง,อบต.บางรักใหญ่,202.91
2564,สิงหาคม,นนทบุรี,บางบัวทอง,อบต.ละหาร,5369.07
2564,สิงหาคม,นนทบุรี,บางบัวทอง,อบต.ลำโพ,588.1
2564,สิงหาคม,นนทบุรี,บางใหญ่,เทศบาลเมืองบางแม่นาง,886.12
2564,สิงหาคม,นนทบุรี,บางใหญ่,เทศบาลตำบลบางม่วง,248.53
2564,สิงหาคม,นนทบุรี,บางใหญ่,เทศบาลตำบลบางเลน,700.0
2564,สิงหาคม,นนทบุรี,บางใหญ่,เทศบาลตำบลบางใหญ่,426.0
2564,สิงหาคม,นนทบุรี,บางใหญ่,เทศบาลตำบลบ้านบางม่วง,817.56
2564,สิงหาคม,นนทบุรี,บางใหญ่,เทศบาลตำบลเสาธงหิน,2123.3
2564,สิงหาคม,นนทบุรี,บางใหญ่,อบต.บางใหญ่,318.07
2564,สิงหาคม,นนทบุรี,บางใหญ่,อบต.บ้านใหม่,268.59
2564,สิงหาคม,นนทบุรี,ปากเกร็ด,เทศบาลนครปากเกร็ด,10809.4
2564,สิงหาคม,นนทบุรี,ปากเกร็ด,เทศบาลตำบลบางพลับ,419.63
2564,สิงหาคม,นนทบุรี,ปากเกร็ด,อบต.เกาะเกร็ด,90.0
2564,สิงหาคม,นนทบุรี,ปากเกร็ด,อบต.คลองข่อย,417.35
2564,สิงหาคม,นนทบุรี,ปากเกร็ด,อบต.คลองพระอุดม,199.96
2564,สิงหาคม,นนทบุรี,ปากเกร็ด,อบต.ท่าอิฐ,713.38
2564,สิงหาคม,นนทบุรี,ปากเกร็ด,อบต.บางตะไนย์,362.95
2564,สิงหาคม,นนทบุรี,ปากเกร็ด,อบต.อ้อมเกร็ด,268.72
2564,สิงหาคม,นนทบุรี,เมืองนนทบุรี,เทศบาลนครนนทบุรี,14520.25
2564,สิงหาคม,นนทบุรี,เมืองนนทบุรี,เทศบาลเมืองไทรม้า,929.25
2564,สิงหาคม,นนทบุรี,เมืองนนทบุรี,เทศบาลเมืองบางกร่าง,969.14
2564,สิงหาคม,นนทบุรี,เมืองนนทบุรี,เทศบาลเมืองบางศรีเมือง,1263.92
2564,สิงหาคม,นนทบุรี,เมืองนนทบุรี,อบต.บางไผ่,486.37
2564,สิงหาคม,นนทบุรี,เมืองนนทบุรี,อบต.บางรักน้อย,876.19
2564,กันยายน,นนทบุรี,ไทรน้อย,เทศบาลตำบลไทรน้อย,160.4
2564,กันยายน,นนทบุรี,ไทรน้อย,อบต.ขุนศรี,132.49
2564,กันยายน,นนทบุรี,ไทรน้อย,อบต.คลองขวาง,171.36
2564,กันยายน,นนทบุรี,ไทรน้อย,อบต.ทวีวัฒนา,242.89
2564,กันยายน,นนทบุรี,ไทรน้อย,อบต.ไทรน้อย,8000.0
2564,กันยายน,นนทบุรี,ไทรน้อย,อบต.ไทรใหญ่,146.03
2564,กันยายน,นนทบุรี,ไทรน้อย,อบต.ราษฎร์นิยม,563.87
2564,กันยายน,นนทบุรี,ไทรน้อย,อบต.หนองเพรางาย,250.0
2564,กันยายน,นนทบุรี,บางกรวย,เทศบาลเมืองบางกรวย,1537.73
2564,กันยายน,นนทบุรี,บางกรวย,เทศบาลตำบลบางสีทอง,447.93
2564,กันยายน,นนทบุรี,บางกรวย,เทศบาลตำบลปลายบาง,1516.23
2564,กันยายน,นนทบุรี,บางกรวย,เทศบาลตำบลศาลากลาง,635.0
2564,กันยายน,นนทบุรี,บางกรวย,อบต.บางขนุน,391.43
2564,กันยายน,นนทบุรี,บางกรวย,อบต.บางขุนกอง,580.0
2564,กันยายน,นนทบุรี,บางกรวย,อบต.มหาสวัสดิ์,249.91
2564,กันยายน,นนทบุรี,บางบัวทอง,เทศบาลเมืองบางคูรัด,1037.96
2564,กันยายน,นนทบุรี,บางบัวทอง,เทศบาลเมืองบางบัวทอง,1820.01
2564,กันยายน,นนทบุรี,บางบัวทอง,เทศบาลเมืองบางรักพัฒนา,1564.55
2564,กันยายน,นนทบุรี,บางบัวทอง,เทศบาลเมืองพิมลราช,1267.96
2564,กันยายน,นนทบุรี,บางบัวทอง,เทศบาลเมืองใหม่บางบัวทอง,1611.39
2564,กันยายน,นนทบุรี,บางบัวทอง,อบต.บางรักใหญ่,184.38
2564,กันยายน,นนทบุรี,บางบัวทอง,อบต.ละหาร,5243.17
2564,กันยายน,นนทบุรี,บางบัวทอง,อบต.ลำโพ,574.45
2564,กันยายน,นนทบุรี,บางใหญ่,เทศบาลเมืองบางแม่นาง,894.6
2564,กันยายน,นนทบุรี,บางใหญ่,เทศบาลตำบลบางม่วง,241.61
2564,กันยายน,นนทบุรี,บางใหญ่,เทศบาลตำบลบางเลน,660.0
2564,กันยายน,นนทบุรี,บางใหญ่,เทศบาลตำบลบางใหญ่,422.01
2564,กันยายน,นนทบุรี,บางใหญ่,เทศบาลตำบลบ้านบางม่วง,729.65
2564,กันยายน,นนทบุรี,บางใหญ่,เทศบาลตำบลเสาธงหิน,2260.48
2564,กันยายน,นนทบุรี,บางใหญ่,อบต.บางใหญ่,318.07
2564,กันยายน,นนทบุรี,บางใหญ่,อบต.บ้านใหม่,252.39
2564,กันยายน,นนทบุรี,ปากเกร็ด,เทศบาลนครปากเกร็ด,10806.74
2564,กันยายน,นนทบุรี,ปากเกร็ด,เทศบาลตำบลบางพลับ,422.59
2564,กันยายน,นนทบุรี,ปากเกร็ด,อบต.เกาะเกร็ด,91.0
2564,กันยายน,นนทบุรี,ปากเกร็ด,อบต.คลองข่อย,429.32
2564,กันยายน,นนทบุรี,ปากเกร็ด,อบต.คลองพระอุดม,125.45
2564,กันยายน,นนทบุรี,ปากเกร็ด,อบต.ท่าอิฐ,619.88
2564,กันยายน,นนทบุรี,ปากเกร็ด,อบต.บางตะไนย์,345.48
2564,กันยายน,นนทบุรี,ปากเกร็ด,อบต.อ้อมเกร็ด,273.9
2564,กันยายน,นนทบุรี,เมืองนนทบุรี,เทศบาลนครนนทบุรี,14222.86
2564,กันยายน,นนทบุรี,เมืองนนทบุรี,เทศบาลเมืองไทรม้า,965.44
2564,กันยายน,นนทบุรี,เมืองนนทบุรี,เทศบาลเมืองบางกร่าง,856.44
2564,กันยายน,นนทบุรี,เมืองนนทบุรี,เทศบาลเมืองบางศรีเมือง,1240.3
2564,กันยายน,นนทบุรี,เมืองนนทบุรี,อบต.บางไผ่,467.23
2564,กันยายน,นนทบุรี,เมืองนนทบุรี,อบต.บางรักน้อย,640.43
2564,ตุลาคม,นนทบุรี,ไทรน้อย,เทศบาลตำบลไทรน้อย,80.16
2564,ตุลาคม,นนทบุรี,ไทรน้อย,อบต.ขุนศรี,125.18
2564,ตุลาคม,นนทบุรี,ไทรน้อย,อบต.คลองขวาง,145.62
2564,ตุลาคม,นนทบุรี,ไทรน้อย,อบต.ทวีวัฒนา,232.13
2564,ตุลาคม,นนทบุรี,ไทรน้อย,อบต.ไทรน้อย,767.51
2564,ตุลาคม,นนทบุรี,ไทรน้อย,อบต.ไทรใหญ่,162.56
2564,ตุลาคม,นนทบุรี,ไทรน้อย,อบต.ราษฎร์นิยม,641.06
2564,ตุลาคม,นนทบุรี,ไทรน้อย,อบต.หนองเพรางาย,225.0
2564,ตุลาคม,นนทบุรี,บางกรวย,เทศบาลเมืองบางกรวย,1566.58
2564,ตุลาคม,นนทบุรี,บางกรวย,เทศบาลตำบลบางสีทอง,442.83
2564,ตุลาคม,นนทบุรี,บางกรวย,เทศบาลตำบลปลายบาง,1850.88
2564,ตุลาคม,นนทบุรี,บางกรวย,เทศบาลตำบลศาลากลาง,604.17
2564,ตุลาคม,นนทบุรี,บางกรวย,อบต.บางขนุน,400.45
2564,ตุลาคม,นนทบุรี,บางกรวย,อบต.บางขุนกอง,10000.0
2564,ตุลาคม,นนทบุรี,บางกรวย,อบต.มหาสวัสดิ์,224.25
2564,ตุลาคม,นนทบุรี,บางบัวทอง,เทศบาลเมืองบางคูรัด,1389.94
2564,ตุลาคม,นนทบุรี,บางบัวทอง,เทศบาลเมืองบางบัวทอง,1914.5
2564,ตุลาคม,นนทบุรี,บางบัวทอง,เทศบาลเมืองบางรักพัฒนา,1608.22
2564,ตุลาคม,นนทบุรี,บางบัวทอง,เทศบาลเมืองพิมลราช,1172.41
2564,ตุลาคม,นนทบุรี,บางบัวทอง,เทศบาลเมืองใหม่บางบัวทอง,1565.77
2564,ตุลาคม,นนทบุรี,บางบัวทอง,อบต.บางรักใหญ่,181.43
2564,ตุลาคม,นนทบุรี,บางบัวทอง,อบต.ละหาร,5575.74
2564,ตุลาคม,นนทบุรี,บางบัวทอง,อบต.ลำโพ,617.69
2564,ตุลาคม,นนทบุรี,บางใหญ่,เทศบาลเมืองบางแม่นาง,820.18
2564,ตุลาคม,นนทบุรี,บางใหญ่,เทศบาลตำบลบางม่วง,244.54
2564,ตุลาคม,นนทบุรี,บางใหญ่,เทศบาลตำบลบางเลน,760.0
2564,ตุลาคม,นนทบุรี,บางใหญ่,เทศบาลตำบลบางใหญ่,418.16
2564,ตุลาคม,นนทบุรี,บางใหญ่,เทศบาลตำบลบ้านบางม่วง,702.42
2564,ตุลาคม,นนทบุรี,บางใหญ่,เทศบาลตำบลเสาธงหิน,2268.24
2564,ตุลาคม,นนทบุรี,บางใหญ่,อบต.บางใหญ่,360.0
2564,ตุลาคม,นนทบุรี,บางใหญ่,อบต.บ้านใหม่,208.56
2564,ตุลาคม,นนทบุรี,ปากเกร็ด,เทศบาลนครปากเกร็ด,10740.17
2564,ตุลาคม,นนทบุรี,ปากเกร็ด,เทศบาลตำบลบางพลับ,468.29
2564,ตุลาคม,นนทบุรี,ปากเกร็ด,อบต.เกาะเกร็ด,93.0
2564,ตุลาคม,นนทบุรี,ปากเกร็ด,อบต.คลองข่อย,435.51
2564,ตุลาคม,นนทบุรี,ปากเกร็ด,อบต.คลองพระอุดม,308.05
2564,ตุลาคม,นนทบุรี,ปากเกร็ด,อบต.ท่าอิฐ,550.88
2564,ตุลาคม,นนทบุรี,ปากเกร็ด,อบต.บางตะไนย์,284.45
2564,ตุลาคม,นนทบุรี,ปากเกร็ด,อบต.อ้อมเกร็ด,293.21
2564,ตุลาคม,นนทบุรี,เมืองนนทบุรี,เทศบาลนครนนทบุรี,14726.14
2564,ตุลาคม,นนทบุรี,เมืองนนทบุรี,เทศบาลเมืองไทรม้า,968.92
2564,ตุลาคม,นนทบุรี,เมืองนนทบุรี,เทศบาลเมืองบางกร่าง,948.7
2564,ตุลาคม,นนทบุรี,เมืองนนทบุรี,เทศบาลเมืองบางศรีเมือง,1244.17
2564,ตุลาคม,นนทบุรี,เมืองนนทบุรี,อบต.บางไผ่,400.0
2564,ตุลาคม,นนทบุรี,เมืองนนทบุรี,อบต.บางรักน้อย,803.08
2564,พฤศจิกายน,นนทบุรี,ไทรน้อย,เทศบาลตำบลไทรน้อย,152.76
2564,พฤศจิกายน,นนทบุรี,ไทรน้อย,อบต.ขุนศรี,120.2
2564,พฤศจิกายน,นนทบุรี,ไทรน้อย,อบต.คลองขวาง,164.68
2564,พฤศจิกายน,นนทบุรี,ไทรน้อย,อบต.ทวีวัฒนา,232.13
2564,พฤศจิกายน,นนทบุรี,ไทรน้อย,อบต.ไทรน้อย,686.55
2564,พฤศจิกายน,นนทบุรี,ไทรน้อย,อบต.ไทรใหญ่,147.67
2564,พฤศจิกายน,นนทบุรี,ไทรน้อย,อบต.ราษฎร์นิยม,574.84
2564,พฤศจิกายน,นนทบุรี,ไทรน้อย,อบต.หนองเพรางาย,230.0
2564,พฤศจิกายน,นนทบุรี,บางกรวย,เทศบาลเมืองบางกรวย,1489.64
2564,พฤศจิกายน,นนทบุรี,บางกรวย,เทศบาลตำบลบางสีทอง,420.77
2564,พฤศจิกายน,นนทบุรี,บางกรวย,เทศบาลตำบลปลายบาง,1548.44
2564,พฤศจิกายน,นนทบุรี,บางกรวย,เทศบาลตำบลศาลากลาง,579.84
2564,พฤศจิกายน,นนทบุรี,บางกรวย,อบต.บางขนุน,357.92
2564,พฤศจิกายน,นนทบุรี,บางกรวย,อบต.บางขุนกอง,1000.0
2564,พฤศจิกายน,นนทบุรี,บางกรวย,อบต.มหาสวัสดิ์,222.43
2564,พฤศจิกายน,นนทบุรี,บางบัวทอง,เทศบาลเมืองบางคูรัด,1012.6
2564,พฤศจิกายน,นนทบุรี,บางบัวทอง,เทศบาลเมืองบางบัวทอง,1823.56
2564,พฤศจิกายน,นนทบุรี,บางบัวทอง,เทศบาลเมืองบางรักพัฒนา,1516.45
2564,พฤศจิกายน,นนทบุรี,บางบัวทอง,เทศบาลเมืองพิมลราช,1110.06
2564,พฤศจิกายน,นนทบุรี,บางบัวทอง,เทศบาลเมืองใหม่บางบัวทอง,1540.0
2564,พฤศจิกายน,นนทบุรี,บางบัวทอง,อบต.บางรักใหญ่,172.39
2564,พฤศจิกายน,นนทบุรี,บางบัวทอง,อบต.ละหาร,5206.81
2564,พฤศจิกายน,นนทบุรี,บางบัวทอง,อบต.ลำโพ,577.02
2564,พฤศจิกายน,นนทบุรี,บางใหญ่,เทศบาลเมืองบางแม่นาง,738.98
2564,พฤศจิกายน,นนทบุรี,บางใหญ่,เทศบาลตำบลบางม่วง,237.39
2564,พฤศจิกายน,นนทบุรี,บางใหญ่,เทศบาลตำบลบางเลน,765.0
2564,พฤศจิกายน,นนทบุรี,บางใหญ่,เทศบาลตำบลบางใหญ่,391.7
2564,พฤศจิกายน,นนทบุรี,บางใหญ่,เทศบาลตำบลบ้านบางม่วง,768.77
2564,พฤศจิกายน,นนทบุรี,บางใหญ่,เทศบาลตำบลเสาธงหิน,2129.95
2564,พฤศจิกายน,นนทบุรี,บางใหญ่,อบต.บางใหญ่,318.07
2564,พฤศจิกายน,นนทบุรี,บางใหญ่,อบต.บ้านใหม่,202.4
2564,พฤศจิกายน,นนทบุรี,ปากเกร็ด,เทศบาลนครปากเกร็ด,10741.65
2564,พฤศจิกายน,นนทบุรี,ปากเกร็ด,เทศบาลตำบลบางพลับ,439.17
2564,พฤศจิกายน,นนทบุรี,ปากเกร็ด,อบต.เกาะเกร็ด,93.0
2564,พฤศจิกายน,นนทบุรี,ปากเกร็ด,อบต.คลองข่อย,400.0
2564,พฤศจิกายน,นนทบุรี,ปากเกร็ด,อบต.คลองพระอุดม,313.75
2564,พฤศจิกายน,นนทบุรี,ปากเกร็ด,อบต.ท่าอิฐ,496.25
2564,พฤศจิกายน,นนทบุรี,ปากเกร็ด,อบต.บางตะไนย์,271.94
2564,พฤศจิกายน,นนทบุรี,ปากเกร็ด,อบต.อ้อมเกร็ด,262.77
2564,พฤศจิกายน,นนทบุรี,เมืองนนทบุรี,เทศบาลนครนนทบุรี,14519.07
2564,พฤศจิกายน,นนทบุรี,เมืองนนทบุรี,เทศบาลเมืองไทรม้า,911.56
2564,พฤศจิกายน,นนทบุรี,เมืองนนทบุรี,เทศบาลเมืองบางกร่าง,888.47
2564,พฤศจิกายน,นนทบุรี,เมืองนนทบุรี,เทศบาลเมืองบางศรีเมือง,1166.8
2564,พฤศจิกายน,นนทบุรี,เมืองนนทบุรี,อบต.บางไผ่,470.23
2564,พฤศจิกายน,นนทบุรี,เมืองนนทบุรี,อบต.บางรักน้อย,766.52
2564,ธันวาคม,นนทบุรี,ไทรน้อย,เทศบาลตำบลไทรน้อย,151.06
2564,ธันวาคม,นนทบุรี,ไทรน้อย,อบต.ขุนศรี,120.53
2564,ธันวาคม,นนทบุรี,ไทรน้อย,อบต.คลองขวาง,137.39
2564,ธันวาคม,นนทบุรี,ไทรน้อย,อบต.ทวีวัฒนา,232.13
2564,ธันวาคม,นนทบุรี,ไทรน้อย,อบต.ไทรน้อย,586.05
2564,ธันวาคม,นนทบุรี,ไทรน้อย,อบต.ไทรใหญ่,134.11
2564,ธันวาคม,นนทบุรี,ไทรน้อย,อบต.ราษฎร์นิยม,183.57
2564,ธันวาคม,นนทบุรี,ไทรน้อย,อบต.หนองเพรางาย,250.0
2564,ธันวาคม,นนทบุรี,บางกรวย,เทศบาลเมืองบางกรวย,2012.47
2564,ธันวาคม,นนทบุรี,บางกรวย,เทศบาลตำบลบางสีทอง,441.64
2564,ธันวาคม,นนทบุรี,บางกรวย,เทศบาลตำบลปลายบาง,1681.66
2564,ธันวาคม,นนทบุรี,บางกรวย,เทศบาลตำบลศาลากลาง,589.97
2564,ธันวาคม,นนทบุรี,บางกรวย,อบต.บางขนุน,364.94
2564,ธันวาคม,นนทบุรี,บางกรวย,อบต.บางขุนกอง,1000.0
2564,ธันวาคม,นนทบุรี,บางกรวย,อบต.มหาสวัสดิ์,230.68
2564,ธันวาคม,นนทบุรี,บางบัวทอง,เทศบาลเมืองบางคูรัด,1389.94
2564,ธันวาคม,นนทบุรี,บางบัวทอง,เทศบาลเมืองบางบัวทอง,1923.28
2564,ธันวาคม,นนทบุรี,บางบัวทอง,เทศบาลเมืองบางรักพัฒนา,1581.47
2564,ธันวาคม,นนทบุรี,บางบัวทอง,เทศบาลเมืองพิมลราช,1187.73
2564,ธันวาคม,นนทบุรี,บางบัวทอง,เทศบาลเมืองใหม่บางบัวทอง,1527.4
2564,ธันวาคม,นนทบุรี,บางบัวทอง,อบต.บางรักใหญ่,193.34
2564,ธันวาคม,นนทบุรี,บางบัวทอง,อบต.ละหาร,5460.07
2564,ธันวาคม,นนทบุรี,บางบัวทอง,อบต.ลำโพ,615.16
2564,ธันวาคม,นนทบุรี,บางใหญ่,เทศบาลเมืองบางแม่นาง,769.53
2564,ธันวาคม,นนทบุรี,บางใหญ่,เทศบาลตำบลบางม่วง,245.99
2564,ธันวาคม,นนทบุรี,บางใหญ่,เทศบาลตำบลบางเลน,820.0
2564,ธันวาคม,นนทบุรี,บางใหญ่,เทศบาลตำบลบางใหญ่,426.0
2564,ธันวาคม,นนทบุรี,บางใหญ่,เทศบาลตำบลบ้านบางม่วง,817.56
2564,ธันวาคม,นนทบุรี,บางใหญ่,เทศบาลตำบลเสาธงหิน,2147.91
2564,ธันวาคม,นนทบุรี,บางใหญ่,อบต.บางใหญ่,318.07
2564,ธันวาคม,นนทบุรี,บางใหญ่,อบต.บ้านใหม่,209.21
2564,ธันวาคม,นนทบุรี,ปากเกร็ด,เทศบาลนครปากเกร็ด,10742.27
2564,ธันวาคม,นนทบุรี,ปากเกร็ด,เทศบาลตำบลบางพลับ,461.62
2564,ธันวาคม,นนทบุรี,ปากเกร็ด,อบต.เกาะเกร็ด,94.0
2564,ธันวาคม,นนทบุรี,ปากเกร็ด,อบต.คลองข่อย,445.74
2564,ธันวาคม,นนทบุรี,ปากเกร็ด,อบต.คลองพระอุดม,312.69
2564,ธันวาคม,นนทบุรี,ปากเกร็ด,อบต.ท่าอิฐ,536.94
2564,ธันวาคม,นนทบุรี,ปากเกร็ด,อบต.บางตะไนย์,227.14
2564,ธันวาคม,นนทบุรี,ปากเกร็ด,อบต.อ้อมเกร็ด,306.97
2564,ธันวาคม,นนทบุรี,เมืองนนทบุรี,เทศบาลนครนนทบุรี,15032.45
2564,ธันวาคม,นนทบุรี,เมืองนนทบุรี,เทศบาลเมืองไทรม้า,958.26
2564,ธันวาคม,นนทบุรี,เมืองนนทบุรี,เทศบาลเมืองบางกร่าง,969.14
2564,ธันวาคม,นนทบุรี,เมืองนนทบุรี,เทศบาลเมืองบางศรีเมือง,1244.13
2564,ธันวาคม,นนทบุรี,เมืองนนทบุรี,อบต.บางไผ่,497.34
2564,ธันวาคม,นนทบุรี,เมืองนนทบุรี,อบต.บางรักน้อย,876.19
2565,มกราคม,นนทบุรี,ไทรน้อย,เทศบาลตำบลไทรน้อย,80.16
2565,มกราคม,นนทบุรี,ไทรน้อย,อบต.ขุนศรี,96.5
2565,มกราคม,นนทบุรี,ไทรน้อย,อบต.คลองขวาง,165.05
2565,มกราคม,นนทบุรี,ไทรน้อย,อบต.ทวีวัฒนา,242.89
2565,มกราคม,นนทบุรี,ไทรน้อย,อบต.ไทรน้อย,692.8
2565,มกราคม,นนทบุรี,ไทรน้อย,อบต.ไทรใหญ่,121.81
2565,มกราคม,นนทบุรี,ไทรน้อย,อบต.ราษฎร์นิยม,615.91
2565,มกราคม,นนทบุรี,ไทรน้อย,อบต.หนองเพรางาย,250.0
2565,มกราคม,นนทบุรี,บางกรวย,เทศบาลเมืองบางกรวย,1590.53
2565,มกราคม,นนทบุรี,บางกรวย,เทศบาลตำบลบางสีทอง,387.19
2565,มกราคม,นนทบุรี,บางกรวย,เทศบาลตำบลปลายบาง,1818.4
2565,มกราคม,นนทบุรี,บางกรวย,เทศบาลตำบลศาลากลาง,674.42
2565,มกราคม,นนทบุรี,บางกรวย,อบต.บางขนุน,746.57
2565,มกราคม,นนทบุรี,บางกรวย,อบต.บางขุนกอง,1000.0
2565,มกราคม,นนทบุรี,บางกรวย,อบต.มหาสวัสดิ์,231.23
2565,มกราคม,นนทบุรี,บางบัวทอง,เทศบาลเมืองบางคูรัด,1301.3
2565,มกราคม,นนทบุรี,บางบัวทอง,เทศบาลเมืองบางบัวทอง,1880.84
2565,มกราคม,นนทบุรี,บางบัวทอง,เทศบาลเมืองบางรักพัฒนา,1418.65
2565,มกราคม,นนทบุรี,บางบัวทอง,เทศบาลเมืองพิมลราช,1277.71
2565,มกราคม,นนทบุรี,บางบัวทอง,เทศบาลเมืองใหม่บางบัวทอง,1550.0
2565,มกราคม,นนทบุรี,บางบัวทอง,อบต.บางรักใหญ่,171.87
2565,มกราคม,นนทบุรี,บางบัวทอง,อบต.ละหาร,934.01
2565,มกราคม,นนทบุรี,บางบัวทอง,อบต.ลำโพ,543.68
2565,มกราคม,นนทบุรี,บางใหญ่,เทศบาลเมืองบางแม่นาง,752.4
2565,มกราคม,นนทบุรี,บางใหญ่,เทศบาลตำบลบางม่วง,250.83
2565,มกราคม,นนทบุรี,บางใหญ่,เทศบาลตำบลบางเลน,681.0
2565,มกราคม,นนทบุรี,บางใหญ่,เทศบาลตำบลบางใหญ่,419.35
2565,มกราคม,นนทบุรี,บางใหญ่,เทศบาลตำบลบ้านบางม่วง,558.25
2565,มกราคม,นนทบุรี,บางใหญ่,เทศบาลตำบลเสาธงหิน,2212.75
2565,มกราคม,นนทบุรี,บางใหญ่,อบต.บางใหญ่,373.81
2565,มกราคม,นนทบุรี,บางใหญ่,อบต.บ้านใหม่,212.4
2565,มกราคม,นนทบุรี,ปากเกร็ด,เทศบาลนครปากเกร็ด,10783.6
2565,มกราคม,นนทบุรี,ปากเกร็ด,เทศบาลตำบลบางพลับ,411.6
2565,มกราคม,นนทบุรี,ปากเกร็ด,อบต.เกาะเกร็ด,157.96
2565,มกราคม,นนทบุรี,ปากเกร็ด,อบต.คลองข่อย,393.6
2565,มกราคม,นนทบุรี,ปากเกร็ด,อบต.คลองพระอุดม,210.91
2565,มกราคม,นนทบุรี,ปากเกร็ด,อบต.ท่าอิฐ,572.59
2565,มกราคม,นนทบุรี,ปากเกร็ด,อบต.บางตะไนย์,189.46
2565,มกราคม,นนทบุรี,ปากเกร็ด,อบต.อ้อมเกร็ด,256.2
2565,มกราคม,นนทบุรี,เมืองนนทบุรี,เทศบาลนครนนทบุรี,14529.97
2565,มกราคม,นนทบุรี,เมืองนนทบุรี,เทศบาลเมืองไทรม้า,729.18
2565,มกราคม,นนทบุรี,เมืองนนทบุรี,เทศบาลเมืองบางกร่าง,794.31
2565,มกราคม,นนทบุรี,เมืองนนทบุรี,เทศบาลเมืองบางศรีเมือง,1193.77
2565,มกราคม,นนทบุรี,เมืองนนทบุรี,อบต.บางไผ่,417.53
2565,มกราคม,นนทบุรี,เมืองนนทบุรี,อบต.บางรักน้อย,663.59
2565,กุมภาพันธ์,นนทบุรี,ไทรน้อย,เทศบาลตำบลไทรน้อย,72.4
2565,กุมภาพันธ์,นนทบุรี,ไทรน้อย,อบต.ขุนศรี,107.12
2565,กุมภาพันธ์,นนทบุรี,ไทรน้อย,อบต.คลองขวาง,146.44
2565,กุมภาพันธ์,นนทบุรี,ไทรน้อย,อบต.ทวีวัฒนา,226.7
2565,กุมภาพันธ์,นนทบุรี,ไทรน้อย,อบต.ไทรน้อย,662.4
2565,กุมภาพันธ์,นนทบุรี,ไทรน้อย,อบต.ไทรใหญ่,151.33
2565,กุมภาพันธ์,นนทบุรี,ไทรน้อย,อบต.ราษฎร์นิยม,182.83
2565,กุมภาพันธ์,นนทบุรี,ไทรน้อย,อบต.หนองเพรางาย,290.0
2565,กุมภาพันธ์,นนทบุรี,บางกรวย,เทศบาลเมืองบางกรวย,1736.6
2565,กุมภาพันธ์,นนทบุรี,บางกรวย,เทศบาลตำบลบางสีทอง,401.39
2565,กุมภาพันธ์,นนทบุรี,บางกรวย,เทศบาลตำบลปลายบาง,1675.9
2565,กุมภาพันธ์,นนทบุรี,บางกรวย,เทศบาลตำบลศาลากลาง,609.16
2565,กุมภาพันธ์,นนทบุรี,บางกรวย,อบต.บางขนุน,733.4
2565,กุมภาพันธ์,นนทบุรี,บางกรวย,อบต.บางขุนกอง,1000.0
2565,กุมภาพันธ์,นนทบุรี,บางกรวย,อบต.มหาสวัสดิ์,226.59
2565,กุมภาพันธ์,นนทบุรี,บางบัวทอง,เทศบาลเมืองบางคูรัด,1301.3
2565,กุมภาพันธ์,นนทบุรี,บางบัวทอง,เทศบาลเมืองบางบัวทอง,1735.32
2565,กุมภาพันธ์,นนทบุรี,บางบัวทอง,เทศบาลเมืองบางรักพัฒนา,1368.56
2565,กุมภาพันธ์,นนทบุรี,บางบัวทอง,เทศบาลเมืองพิมลราช,1142.75
2565,กุมภาพันธ์,นนทบุรี,บางบัวทอง,เทศบาลเมืองใหม่บางบัวทอง,1396.57
2565,กุมภาพันธ์,นนทบุรี,บางบัวทอง,อบต.บางรักใหญ่,153.37
2565,กุมภาพันธ์,นนทบุรี,บางบัวทอง,อบต.ละหาร,953.31
2565,กุมภาพันธ์,นนทบุรี,บางบัวทอง,อบต.ลำโพ,539.57
2565,กุมภาพันธ์,นนทบุรี,บางใหญ่,เทศบาลเมืองบางแม่นาง,753.98
2565,กุมภาพันธ์,นนทบุรี,บางใหญ่,เทศบาลตำบลบางม่วง,226.99
2565,กุมภาพันธ์,นนทบุรี,บางใหญ่,เทศบาลตำบลบางเลน,655.0
2565,กุมภาพันธ์,นนทบุรี,บางใหญ่,เทศบาลตำบลบางใหญ่,403.99
2565,กุมภาพันธ์,นนทบุรี,บางใหญ่,เทศบาลตำบลบ้านบางม่วง,504.23
2565,กุมภาพันธ์,นนทบุรี,บางใหญ่,เทศบาลตำบลเสาธงหิน,2115.09
2565,กุมภาพันธ์,นนทบุรี,บางใหญ่,อบต.บางใหญ่,337.64
2565,กุมภาพันธ์,นนทบุรี,บางใหญ่,อบต.บ้านใหม่,219.6
2565,กุมภาพันธ์,นนทบุรี,ปากเกร็ด,เทศบาลนครปากเกร็ด,10060.83
2565,กุมภาพันธ์,นนทบุรี,ปากเกร็ด,เทศบาลตำบลบางพลับ,391.73
2565,กุมภาพันธ์,นนทบุรี,ปากเกร็ด,อบต.เกาะเกร็ด,147.43
2565,กุมภาพันธ์,นนทบุรี,ปากเกร็ด,อบต.คลองข่อย,415.24
2565,กุมภาพันธ์,นนทบุรี,ปากเกร็ด,อบต.คลองพระอุดม,276.89
2565,กุมภาพันธ์,นนทบุรี,ปากเกร็ด,อบต.ท่าอิฐ,483.55
2565,กุมภาพันธ์,นนทบุรี,ปากเกร็ด,อบต.บางตะไนย์,159.79
2565,กุมภาพันธ์,นนทบุรี,ปากเกร็ด,อบต.อ้อมเกร็ด,252.24
2565,กุมภาพันธ์,นนทบุรี,เมืองนนทบุรี,เทศบาลนครนนทบุรี,13123.84
2565,กุมภาพันธ์,นนทบุรี,เมืองนนทบุรี,เทศบาลเมืองไทรม้า,775.41
2565,กุมภาพันธ์,นนทบุรี,เมืองนนทบุรี,เทศบาลเมืองบางกร่าง,756.53
2565,กุมภาพันธ์,นนทบุรี,เมืองนนทบุรี,เทศบาลเมืองบางศรีเมือง,1078.94
2565,กุมภาพันธ์,นนทบุรี,เมืองนนทบุรี,อบต.บางไผ่,404.2
2565,กุมภาพันธ์,นนทบุรี,เมืองนนทบุรี,อบต.บางรักน้อย,621.79
2565,มีนาคม,นนทบุรี,ไทรน้อย,เทศบาลตำบลไทรน้อย,80.16
2565,มีนาคม,นนทบุรี,ไทรน้อย,อบต.ขุนศรี,107.12
2565,มีนาคม,นนทบุรี,ไทรน้อย,อบต.คลองขวาง,158.19
2565,มีนาคม,นนทบุรี,ไทรน้อย,อบต.ทวีวัฒนา,250.98
2565,มีนาคม,นนทบุรี,ไทรน้อย,อบต.ไทรน้อย,718.97
2565,มีนาคม,นนทบุรี,ไทรน้อย,อบต.ไทรใหญ่,159.22
2565,มีนาคม,นนทบุรี,ไทรน้อย,อบต.ราษฎร์นิยม,201.62
2565,มีนาคม,นนทบุรี,ไทรน้อย,อบต.หนองเพรางาย,330.0
2565,มีนาคม,นนทบุรี,บางกรวย,เทศบาลเมืองบางกรวย,1630.53
2565,มีนาคม,นนทบุรี,บางกรวย,เทศบาลตำบลบางสีทอง,440.57
2565,มีนาคม,นนทบุรี,บางกรวย,เทศบาลตำบลปลายบาง,1855.53
2565,มีนาคม,นนทบุรี,บางกรวย,เทศบาลตำบลศาลากลาง,674.42
2565,มีนาคม,นนทบุรี,บางกรวย,อบต.บางขนุน,782.21
2565,มีนาคม,นนทบุรี,บางกรวย,อบต.บางขุนกอง,355.88
2565,มีนาคม,นนทบุรี,บางกรวย,อบต.มหาสวัสดิ์,237.64
2565,มีนาคม,นนทบุรี,บางบัวทอง,เทศบาลเมืองบางคูรัด,1440.72
2565,มีนาคม,นนทบุรี,บางบัวทอง,เทศบาลเมืองบางบัวทอง,2190.0
2565,มีนาคม,นนทบุรี,บางบัวทอง,เทศบาลเมืองบางรักพัฒนา,1625.25
2565,มีนาคม,นนทบุรี,บางบัวทอง,เทศบาลเมืองพิมลราช,1215.83
2565,มีนาคม,นนทบุรี,บางบัวทอง,เทศบาลเมืองใหม่บางบัวทอง,1202.0
2565,มีนาคม,นนทบุรี,บางบัวทอง,อบต.บางรักใหญ่,167.11
2565,มีนาคม,นนทบุรี,บางบัวทอง,อบต.ละหาร,1042.66
2565,มีนาคม,นนทบุรี,บางบัวทอง,อบต.ลำโพ,577.39
2565,มีนาคม,นนทบุรี,บางใหญ่,เทศบาลเมืองบางแม่นาง,866.65
2565,มีนาคม,นนทบุรี,บางใหญ่,เทศบาลตำบลบางม่วง,251.15
2565,มีนาคม,นนทบุรี,บางใหญ่,เทศบาลตำบลบางเลน,716.0
2565,มีนาคม,นนทบุรี,บางใหญ่,เทศบาลตำบลบางใหญ่,541.94
2565,มีนาคม,นนทบุรี,บางใหญ่,เทศบาลตำบลบ้านบางม่วง,558.25
2565,มีนาคม,นนทบุรี,บางใหญ่,เทศบาลตำบลเสาธงหิน,2354.87
2565,มีนาคม,นนทบุรี,บางใหญ่,อบต.บางใหญ่,373.81
2565,มีนาคม,นนทบุรี,บางใหญ่,อบต.บ้านใหม่,245.35
2565,มีนาคม,นนทบุรี,ปากเกร็ด,เทศบาลนครปากเกร็ด,11131.16
2565,มีนาคม,นนทบุรี,ปากเกร็ด,เทศบาลตำบลบางพลับ,426.59
2565,มีนาคม,นนทบุรี,ปากเกร็ด,อบต.เกาะเกร็ด,163.22
2565,มีนาคม,นนทบุรี,ปากเกร็ด,อบต.คลองข่อย,439.48
2565,มีนาคม,นนทบุรี,ปากเกร็ด,อบต.คลองพระอุดม,281.43
2565,มีนาคม,นนทบุรี,ปากเกร็ด,อบต.ท่าอิฐ,528.11
2565,มีนาคม,นนทบุรี,ปากเกร็ด,อบต.บางตะไนย์,96.95
2565,มีนาคม,นนทบุรี,ปากเกร็ด,อบต.อ้อมเกร็ด,295.84
2565,มีนาคม,นนทบุรี,เมืองนนทบุรี,เทศบาลนครนนทบุรี,14529.97
2565,มีนาคม,นนทบุรี,เมืองนนทบุรี,เทศบาลเมืองไทรม้า,777.74
2565,มีนาคม,นนทบุรี,เมืองนนทบุรี,เทศบาลเมืองบางกร่าง,833.46
2565,มีนาคม,นนทบุรี,เมืองนนทบุรี,เทศบาลเมืองบางศรีเมือง,1194.69
2565,มีนาคม,นนทบุรี,เมืองนนทบุรี,อบต.บางไผ่,456.26
2565,มีนาคม,นนทบุรี,เมืองนนทบุรี,อบต.บางรักน้อย,663.59
2565,เมษายน,นนทบุรี,ไทรน้อย,เทศบาลตำบลไทรน้อย,77.57
2565,เมษายน,นนทบุรี,ไทรน้อย,อบต.ขุนศรี,96.01
2565,เมษายน,นนทบุรี,ไทรน้อย,อบต.คลองขวาง,147.43
2565,เมษายน,นนทบุรี,ไทรน้อย,อบต.ทวีวัฒนา,242.89
2565,เมษายน,นนทบุรี,ไทรน้อย,อบต.ไทรน้อย,696.41
2565,เมษายน,นนทบุรี,ไทรน้อย,อบต.ไทรใหญ่,132.26
2565,เมษายน,นนทบุรี,ไทรน้อย,อบต.ราษฎร์นิยม,183.63
2565,เมษายน,นนทบุรี,ไทรน้อย,อบต.หนองเพรางาย,350.0
2565,เมษายน,นนทบุรี,บางกรวย,เทศบาลเมืองบางกรวย,1539.22
2565,เมษายน,นนทบุรี,บางกรวย,เทศบาลตำบลบางสีทอง,378.68
2565,เมษายน,นนทบุรี,บางกรวย,เทศบาลตำบลปลายบาง,1797.11
2565,เมษายน,นนทบุรี,บางกรวย,เทศบาลตำบลศาลากลาง,665.15
2565,เมษายน,นนทบุรี,บางกรวย,อบต.บางขนุน,774.62
2565,เมษายน,นนทบุรี,บางกรวย,อบต.บางขุนกอง,344.37
2565,เมษายน,นนทบุรี,บางกรวย,อบต.มหาสวัสดิ์,242.74
2565,เมษายน,นนทบุรี,บางบัวทอง,เทศบาลเมืองบางคูรัด,1394.25
2565,เมษายน,นนทบุรี,บางบัวทอง,เทศบาลเมืองบางบัวทอง,1982.73
2565,เมษายน,นนทบุรี,บางบัวทอง,เทศบาลเมืองบางรักพัฒนา,1406.43
2565,เมษายน,นนทบุรี,บางบัวทอง,เทศบาลเมืองพิมลราช,1195.6
2565,เมษายน,นนทบุรี,บางบัวทอง,เทศบาลเมืองใหม่บางบัวทอง,1464.0
2565,เมษายน,นนทบุรี,บางบัวทอง,อบต.บางรักใหญ่,158.42
2565,เมษายน,นนทบุรี,บางบัวทอง,อบต.ละหาร,946.43
2565,เมษายน,นนทบุรี,บางบัวทอง,อบต.ลำโพ,414.23
2565,เมษายน,นนทบุรี,บางใหญ่,เทศบาลเมืองบางแม่นาง,1202.85
2565,เมษายน,นนทบุรี,บางใหญ่,เทศบาลตำบลบางม่วง,190.18
2565,เมษายน,นนทบุรี,บางใหญ่,เทศบาลตำบลบางเลน,600.0
2565,เมษายน,นนทบุรี,บางใหญ่,เทศบาลตำบลบางใหญ่,453.03
2565,เมษายน,นนทบุรี,บางใหญ่,เทศบาลตำบลบ้านบางม่วง,540.24
2565,เมษายน,นนทบุรี,บางใหญ่,เทศบาลตำบลเสาธงหิน,2261.51
2565,เมษายน,นนทบุรี,บางใหญ่,อบต.บางใหญ่,405.48
2565,เมษายน,นนทบุรี,บางใหญ่,อบต.บ้านใหม่,216.85
2565,เมษายน,นนทบุรี,ปากเกร็ด,เทศบาลนครปากเกร็ด,10763.42
2565,เมษายน,นนทบุรี,ปากเกร็ด,เทศบาลตำบลบางพลับ,373.14
2565,เมษายน,นนทบุรี,ปากเกร็ด,อบต.เกาะเกร็ด,157.96
2565,เมษายน,นนทบุรี,ปากเกร็ด,อบต.คลองข่อย,399.83
2565,เมษายน,นนทบุรี,ปากเกร็ด,อบต.คลองพระอุดม,147.03
2565,เมษายน,นนทบุรี,ปากเกร็ด,อบต.ท่าอิฐ,617.27
2565,เมษายน,นนทบุรี,ปากเกร็ด,อบต.บางตะไนย์,107.37
2565,เมษายน,นนทบุรี,ปากเกร็ด,อบต.อ้อมเกร็ด,258.02
2565,เมษายน,นนทบุรี,เมืองนนทบุรี,เทศบาลนครนนทบุรี,14032.34
2565,เมษายน,นนทบุรี,เมืองนนทบุรี,เทศบาลเมืองไทรม้า,742.92
2565,เมษายน,นนทบุรี,เมืองนนทบุรี,เทศบาลเมืองบางกร่าง,806.58
2565,เมษายน,นนทบุรี,เมืองนนทบุรี,เทศบาลเมืองบางศรีเมือง,1148.37
2565,เมษายน,นนทบุรี,เมืองนนทบุรี,อบต.บางไผ่,412.07
2565,เมษายน,นนทบุรี,เมืองนนทบุรี,อบต.บางรักน้อย,643.79
2565,พฤษภาคม,นนทบุรี,ไทรน้อย,เทศบาลตำบลไทรน้อย,80.16
2565,พฤษภาคม,นนทบุรี,ไทรน้อย,อบต.ขุนศรี,109.75
2565,พฤษภาคม,นนทบุรี,ไทรน้อย,อบต.คลองขวาง,167.11
2565,พฤษภาคม,นนทบุรี,ไทรน้อย,อบต.ทวีวัฒนา,196.73
2565,พฤษภาคม,นนทบุรี,ไทรน้อย,อบต.ไทรน้อย,705.91
2565,พฤษภาคม,นนทบุรี,ไทรน้อย,อบต.ไทรใหญ่,201.29
2565,พฤษภาคม,นนทบุรี,ไทรน้อย,อบต.ราษฎร์นิยม,310.86
2565,พฤษภาคม,นนทบุรี,ไทรน้อย,อบต.หนองเพรางาย,240.15
2565,พฤษภาคม,นนทบุรี,บางกรวย,เทศบาลเมืองบางกรวย,1590.53
2565,พฤษภาคม,นนทบุรี,บางกรวย,เทศบาลตำบลบางสีทอง,439.31
2565,พฤษภาคม,นนทบุรี,บางกรวย,เทศบาลตำบลปลายบาง,1858.09
2565,พฤษภาคม,นนทบุรี,บางกรวย,เทศบาลตำบลศาลากลาง,669.87
2565,พฤษภาคม,นนทบุรี,บางกรวย,อบต.บางขนุน,827.72
2565,พฤษภาคม,นนทบุรี,บางกรวย,อบต.บางขุนกอง,355.85
2565,พฤษภาคม,นนทบุรี,บางกรวย,อบต.มหาสวัสดิ์,257.94
2565,พฤษภาคม,นนทบุรี,บางบัวทอง,เทศบาลเมืองบางคูรัด,1440.72
2565,พฤษภาคม,นนทบุรี,บางบัวทอง,เทศบาลเมืองบางบัวทอง,2035.52
2565,พฤษภาคม,นนทบุรี,บางบัวทอง,เทศบาลเมืองบางรักพัฒนา,1518.29
2565,พฤษภาคม,นนทบุรี,บางบัวทอง,เทศบาลเมืองพิมลราช,1195.6
2565,พฤษภาคม,นนทบุรี,บางบัวทอง,เทศบาลเมืองใหม่บางบัวทอง,1878.65
2565,พฤษภาคม,นนทบุรี,บางบัวทอง,อบต.บางรักใหญ่,183.49
2565,พฤษภาคม,นนทบุรี,บางบัวทอง,อบต.ละหาร,1032.38
2565,พฤษภาคม,นนทบุรี,บางบัวทอง,อบต.ลำโพ,428.04
2565,พฤษภาคม,นนทบุรี,บางใหญ่,เทศบาลเมืองบางแม่นาง,1599.58
2565,พฤษภาคม,นนทบุรี,บางใหญ่,เทศบาลตำบลบางม่วง,197.53
2565,พฤษภาคม,นนทบุรี,บางใหญ่,เทศบาลตำบลบางเลน,660.0
2565,พฤษภาคม,นนทบุรี,บางใหญ่,เทศบาลตำบลบางใหญ่,515.67
2565,พฤษภาคม,นนทบุรี,บางใหญ่,เทศบาลตำบลบ้านบางม่วง,558.25
2565,พฤษภาคม,นนทบุรี,บางใหญ่,เทศบาลตำบลเสาธงหิน,2463.45
2565,พฤษภาคม,นนทบุรี,บางใหญ่,อบต.บางใหญ่,419.0
2565,พฤษภาคม,นนทบุรี,บางใหญ่,อบต.บ้านใหม่,258.36
2565,พฤษภาคม,นนทบุรี,ปากเกร็ด,เทศบาลนครปากเกร็ด,11112.53
2565,พฤษภาคม,นนทบุรี,ปากเกร็ด,เทศบาลตำบลบางพลับ,421.18
2565,พฤษภาคม,นนทบุรี,ปากเกร็ด,อบต.เกาะเกร็ด,163.22
2565,พฤษภาคม,นนทบุรี,ปากเกร็ด,อบต.คลองข่อย,446.73
2565,พฤษภาคม,นนทบุรี,ปากเกร็ด,อบต.คลองพระอุดม,299.76
2565,พฤษภาคม,นนทบุรี,ปากเกร็ด,อบต.ท่าอิฐ,633.9
2565,พฤษภาคม,นนทบุรี,ปากเกร็ด,อบต.บางตะไนย์,176.91
2565,พฤษภาคม,นนทบุรี,ปากเกร็ด,อบต.อ้อมเกร็ด,294.75
2565,พฤษภาคม,นนทบุรี,เมืองนนทบุรี,เทศบาลนครนนทบุรี,14478.35
2565,พฤษภาคม,นนทบุรี,เมืองนนทบุรี,เทศบาลเมืองไทรม้า,864.49
2565,พฤษภาคม,นนทบุรี,เมืองนนทบุรี,เทศบาลเมืองบางกร่าง,833.46
2565,พฤษภาคม,นนทบุรี,เมืองนนทบุรี,เทศบาลเมืองบางศรีเมือง,1194.03
2565,พฤษภาคม,นนทบุรี,เมืองนนทบุรี,อบต.บางไผ่,476.3
2565,พฤษภาคม,นนทบุรี,เมืองนนทบุรี,อบต.บางรักน้อย,686.54
2565,มิถุนายน,นนทบุรี,ไทรน้อย,เทศบาลตำบลไทรน้อย,77.57
2565,มิถุนายน,นนทบุรี,ไทรน้อย,อบต.ขุนศรี,104.71
2565,มิถุนายน,นนทบุรี,ไทรน้อย,อบต.คลองขวาง,156.56
2565,มิถุนายน,นนทบุรี,ไทรน้อย,อบต.ทวีวัฒนา,190.47
2565,มิถุนายน,นนทบุรี,ไทรน้อย,อบต.ไทรน้อย,656.89
2565,มิถุนายน,นนทบุรี,ไทรน้อย,อบต.ไทรใหญ่,147.98
2565,มิถุนายน,นนทบุรี,ไทรน้อย,อบต.ราษฎร์นิยม,214.17
2565,มิถุนายน,นนทบุรี,ไทรน้อย,อบต.หนองเพรางาย,350.0
2565,มิถุนายน,นนทบุรี,บางกรวย,เทศบาลเมืองบางกรวย,1539.22
2565,มิถุนายน,นนทบุรี,บางกรวย,เทศบาลตำบลบางสีทอง,425.05
2565,มิถุนายน,นนทบุรี,บางกรวย,เทศบาลตำบลปลายบาง,1798.85
2565,มิถุนายน,นนทบุรี,บางกรวย,เทศบาลตำบลศาลากลาง,648.26
2565,มิถุนายน,นนทบุรี,บางกรวย,อบต.บางขนุน,799.19
2565,มิถุนายน,นนทบุรี,บางกรวย,อบต.บางขุนกอง,344.37
2565,มิถุนายน,นนทบุรี,บางกรวย,อบต.มหาสวัสดิ์,269.02
2565,มิถุนายน,นนทบุรี,บางบัวทอง,เทศบาลเมืองบางคูรัด,1394.25
2565,มิถุนายน,นนทบุรี,บางบัวทอง,เทศบาลเมืองบางบัวทอง,1990.23
2565,มิถุนายน,นนทบุรี,บางบัวทอง,เทศบาลเมืองบางรักพัฒนา,1584.83
2565,มิถุนายน,นนทบุรี,บางบัวทอง,เทศบาลเมืองพิมลราช,1113.16
2565,มิถุนายน,นนทบุรี,บางบัวทอง,เทศบาลเมืองใหม่บางบัวทอง,1530.7
2565,มิถุนายน,นนทบุรี,บางบัวทอง,อบต.บางรักใหญ่,177.57
2565,มิถุนายน,นนทบุรี,บางบัวทอง,อบต.ละหาร,1047.29
2565,มิถุนายน,นนทบุรี,บางบัวทอง,อบต.ลำโพ,414.23
2565,มิถุนายน,นนทบุรี,บางใหญ่,เทศบาลเมืองบางแม่นาง,1547.98
2565,มิถุนายน,นนทบุรี,บางใหญ่,เทศบาลตำบลบางม่วง,191.59
2565,มิถุนายน,นนทบุรี,บางใหญ่,เทศบาลตำบลบางเลน,620.0
2565,มิถุนายน,นนทบุรี,บางใหญ่,เทศบาลตำบลบางใหญ่,491.79
2565,มิถุนายน,นนทบุรี,บางใหญ่,เทศบาลตำบลบ้านบางม่วง,540.24
2565,มิถุนายน,นนทบุรี,บางใหญ่,เทศบาลตำบลเสาธงหิน,2383.58
2565,มิถุนายน,นนทบุรี,บางใหญ่,อบต.บางใหญ่,405.48
2565,มิถุนายน,นนทบุรี,บางใหญ่,อบต.บ้านใหม่,257.01
2565,มิถุนายน,นนทบุรี,ปากเกร็ด,เทศบาลนครปากเกร็ด,10772.26
2565,มิถุนายน,นนทบุรี,ปากเกร็ด,เทศบาลตำบลบางพลับ,395.63
2565,มิถุนายน,นนทบุรี,ปากเกร็ด,อบต.เกาะเกร็ด,190.0
2565,มิถุนายน,นนทบุรี,ปากเกร็ด,อบต.คลองข่อย,428.9
2565,มิถุนายน,นนทบุรี,ปากเกร็ด,อบต.คลองพระอุดม,256.97
2565,มิถุนายน,นนทบุรี,ปากเกร็ด,อบต.ท่าอิฐ,505.3
2565,มิถุนายน,นนทบุรี,ปากเกร็ด,อบต.บางตะไนย์,115.16
2565,มิถุนายน,นนทบุรี,ปากเกร็ด,อบต.อ้อมเกร็ด,277.66
2565,มิถุนายน,นนทบุรี,เมืองนนทบุรี,เทศบาลนครนนทบุรี,14175.0
2565,มิถุนายน,นนทบุรี,เมืองนนทบุรี,เทศบาลเมืองไทรม้า,801.11
2565,มิถุนายน,นนทบุรี,เมืองนนทบุรี,เทศบาลเมืองบางกร่าง,806.58
2565,มิถุนายน,นนทบุรี,เมืองนนทบุรี,เทศบาลเมืองบางศรีเมือง,1149.99
2565,มิถุนายน,นนทบุรี,เมืองนนทบุรี,อบต.บางไผ่,433.99
2565,มิถุนายน,นนทบุรี,เมืองนนทบุรี,อบต.บางรักน้อย,654.17
2565,กรกฎาคม,นนทบุรี,ไทรน้อย,เทศบาลตำบลไทรน้อย,80.16
2565,กรกฎาคม,นนทบุรี,ไทรน้อย,อบต.ขุนศรี,102.39
2565,กรกฎาคม,นนทบุรี,ไทรน้อย,อบต.คลองขวาง,154.18
2565,กรกฎาคม,นนทบุรี,ไทรน้อย,อบต.ทวีวัฒนา,183.74
2565,กรกฎาคม,นนทบุรี,ไทรน้อย,อบต.ไทรน้อย,678.79
2565,กรกฎาคม,นนทบุรี,ไทรน้อย,อบต.ไทรใหญ่,127.49
2565,กรกฎาคม,นนทบุรี,ไทรน้อย,อบต.ราษฎร์นิยม,201.86
2565,กรกฎาคม,นนทบุรี,ไทรน้อย,อบต.หนองเพรางาย,300.0
2565,กรกฎาคม,นนทบุรี,บางกรวย,เทศบาลเมืองบางกรวย,1590.53
2565,กรกฎาคม,นนทบุรี,บางกรวย,เทศบาลตำบลบางสีทอง,391.46
2565,กรกฎาคม,นนทบุรี,บางกรวย,เทศบาลตำบลปลายบาง,1859.7
2565,กรกฎาคม,นนทบุรี,บางกรวย,เทศบาลตำบลศาลากลาง,551.54
2565,กรกฎาคม,นนทบุรี,บางกรวย,อบต.บางขนุน,245.96
2565,กรกฎาคม,นนทบุรี,บางกรวย,อบต.บางขุนกอง,355.85
2565,กรกฎาคม,นนทบุรี,บางกรวย,อบต.มหาสวัสดิ์,255.8
2565,กรกฎาคม,นนทบุรี,บางบัวทอง,เทศบาลเมืองบางคูรัด,1440.72
2565,กรกฎาคม,นนทบุรี,บางบัวทอง,เทศบาลเมืองบางบัวทอง,1808.99
2565,กรกฎาคม,นนทบุรี,บางบัวทอง,เทศบาลเมืองบางรักพัฒนา,1377.02
2565,กรกฎาคม,นนทบุรี,บางบัวทอง,เทศบาลเมืองพิมลราช,1080.73
2565,กรกฎาคม,นนทบุรี,บางบัวทอง,เทศบาลเมืองใหม่บางบัวทอง,1878.65
2565,กรกฎาคม,นนทบุรี,บางบัวทอง,อบต.บางรักใหญ่,183.49
2565,กรกฎาคม,นนทบุรี,บางบัวทอง,อบต.ละหาร,1057.62
2565,กรกฎาคม,นนทบุรี,บางบัวทอง,อบต.ลำโพ,562.7
2565,กรกฎาคม,นนทบุรี,บางใหญ่,เทศบาลเมืองบางแม่นาง,1599.58
2565,กรกฎาคม,นนทบุรี,บางใหญ่,เทศบาลตำบลบางม่วง,198.16
2565,กรกฎาคม,นนทบุรี,บางใหญ่,เทศบาลตำบลบางเลน,550.0
2565,กรกฎาคม,นนทบุรี,บางใหญ่,เทศบาลตำบลบางใหญ่,457.44
2565,กรกฎาคม,นนทบุรี,บางใหญ่,เทศบาลตำบลบ้านบางม่วง,558.25
2565,กรกฎาคม,นนทบุรี,บางใหญ่,เทศบาลตำบลเสาธงหิน,2372.51
2565,กรกฎาคม,นนทบุรี,บางใหญ่,อบต.บางใหญ่,419.0
2565,กรกฎาคม,นนทบุรี,บางใหญ่,อบต.บ้านใหม่,239.52
2565,กรกฎาคม,นนทบุรี,ปากเกร็ด,เทศบาลนครปากเกร็ด,11135.62
2565,กรกฎาคม,นนทบุรี,ปากเกร็ด,เทศบาลตำบลบางพลับ,393.45
2565,กรกฎาคม,นนทบุรี,ปากเกร็ด,อบต.เกาะเกร็ด,190.0
2565,กรกฎาคม,นนทบุรี,ปากเกร็ด,อบต.คลองข่อย,416.84
2565,กรกฎาคม,นนทบุรี,ปากเกร็ด,อบต.คลองพระอุดม,251.97
2565,กรกฎาคม,นนทบุรี,ปากเกร็ด,อบต.ท่าอิฐ,491.3
2565,กรกฎาคม,นนทบุรี,ปากเกร็ด,อบต.บางตะไนย์,110.59
2565,กรกฎาคม,นนทบุรี,ปากเกร็ด,อบต.อ้อมเกร็ด,274.04
2565,กรกฎาคม,นนทบุรี,เมืองนนทบุรี,เทศบาลนครนนทบุรี,14466.46
2565,กรกฎาคม,นนทบุรี,เมืองนนทบุรี,เทศบาลเมืองไทรม้า,785.56
2565,กรกฎาคม,นนทบุรี,เมืองนนทบุรี,เทศบาลเมืองบางกร่าง,833.46
2565,กรกฎาคม,นนทบุรี,เมืองนนทบุรี,เทศบาลเมืองบางศรีเมือง,1129.12
2565,กรกฎาคม,นนทบุรี,เมืองนนทบุรี,อบต.บางไผ่,419.73
2565,กรกฎาคม,นนทบุรี,เมืองนนทบุรี,อบต.บางรักน้อย,675.97
2565,สิงหาคม,นนทบุรี,ไทรน้อย,เทศบาลตำบลไทรน้อย,80.16
2565,สิงหาคม,นนทบุรี,ไทรน้อย,อบต.ขุนศรี,116.61
2565,สิงหาคม,นนทบุรี,ไทรน้อย,อบต.คลองขวาง,165.0
2565,สิงหาคม,นนทบุรี,ไทรน้อย,อบต.ทวีวัฒนา,281.32
2565,สิงหาคม,นนทบุรี,ไทรน้อย,อบต.ไทรน้อย,678.79
2565,สิงหาคม,นนทบุรี,ไทรน้อย,อบต.ไทรใหญ่,201.29
2565,สิงหาคม,นนทบุรี,ไทรน้อย,อบต.ราษฎร์นิยม,216.85
2565,สิงหาคม,นนทบุรี,ไทรน้อย,อบต.หนองเพรางาย,320.0
2565,สิงหาคม,นนทบุรี,บางกรวย,เทศบาลเมืองบางกรวย,1590.53
2565,สิงหาคม,นนทบุรี,บางกรวย,เทศบาลตำบลบางสีทอง,642.91
2565,สิงหาคม,นนทบุรี,บางกรวย,เทศบาลตำบลปลายบาง,1860.49
2565,สิงหาคม,นนทบุรี,บางกรวย,เทศบาลตำบลศาลากลาง,581.54
2565,สิงหาคม,นนทบุรี,บางกรวย,อบต.บางขนุน,211.85
2565,สิงหาคม,นนทบุรี,บางกรวย,อบต.บางขุนกอง,355.85
2565,สิงหาคม,นนทบุรี,บางกรวย,อบต.มหาสวัสดิ์,249.18
2565,สิงหาคม,นนทบุรี,บางบัวทอง,เทศบาลเมืองบางคูรัด,1440.72
2565,สิงหาคม,นนทบุรี,บางบัวทอง,เทศบาลเมืองบางบัวทอง,1808.99
2565,สิงหาคม,นนทบุรี,บางบัวทอง,เทศบาลเมืองบางรักพัฒนา,1625.25
2565,สิงหาคม,นนทบุรี,บางบัวทอง,เทศบาลเมืองพิมลราช,1118.86
2565,สิงหาคม,นนทบุรี,บางบัวทอง,เทศบาลเมืองใหม่บางบัวทอง,1878.65
2565,สิงหาคม,นนทบุรี,บางบัวทอง,อบต.บางรักใหญ่,183.49
2565,สิงหาคม,นนทบุรี,บางบัวทอง,อบต.ละหาร,1127.26
2565,สิงหาคม,นนทบุรี,บางบัวทอง,อบต.ลำโพ,428.04
2565,สิงหาคม,นนทบุรี,บางใหญ่,เทศบาลเมืองบางแม่นาง,1599.58
2565,สิงหาคม,นนทบุรี,บางใหญ่,เทศบาลตำบลบางม่วง,198.45
2565,สิงหาคม,นนทบุรี,บางใหญ่,เทศบาลตำบลบางเลน,620.0
2565,สิงหาคม,นนทบุรี,บางใหญ่,เทศบาลตำบลบางใหญ่,508.74
2565,สิงหาคม,นนทบุรี,บางใหญ่,เทศบาลตำบลบ้านบางม่วง,558.25
2565,สิงหาคม,นนทบุรี,บางใหญ่,เทศบาลตำบลเสาธงหิน,2438.56
2565,สิงหาคม,นนทบุรี,บางใหญ่,อบต.บางใหญ่,419.0
2565,สิงหาคม,นนทบุรี,บางใหญ่,อบต.บ้านใหม่,254.5
2565,สิงหาคม,นนทบุรี,ปากเกร็ด,เทศบาลนครปากเกร็ด,11132.74
2565,สิงหาคม,นนทบุรี,ปากเกร็ด,เทศบาลตำบลบางพลับ,400.18
2565,สิงหาคม,นนทบุรี,ปากเกร็ด,อบต.เกาะเกร็ด,190.42
2565,สิงหาคม,นนทบุรี,ปากเกร็ด,อบต.คลองข่อย,458.59
2565,สิงหาคม,นนทบุรี,ปากเกร็ด,อบต.คลองพระอุดม,283.09
2565,สิงหาคม,นนทบุรี,ปากเกร็ด,อบต.ท่าอิฐ,539.54
2565,สิงหาคม,นนทบุรี,ปากเกร็ด,อบต.บางตะไนย์,121.88
2565,สิงหาคม,นนทบุรี,ปากเกร็ด,อบต.อ้อมเกร็ด,293.66
2565,สิงหาคม,นนทบุรี,เมืองนนทบุรี,เทศบาลนครนนทบุรี,10392.36
2565,สิงหาคม,นนทบุรี,เมืองนนทบุรี,เทศบาลเมืองไทรม้า,854.74
2565,สิงหาคม,นนทบุรี,เมืองนนทบุรี,เทศบาลเมืองบางกร่าง,833.46
2565,สิงหาคม,นนทบุรี,เมืองนนทบุรี,เทศบาลเมืองบางศรีเมือง,1168.8
2565,สิงหาคม,นนทบุรี,เมืองนนทบุรี,อบต.บางไผ่,449.35
2565,สิงหาคม,นนทบุรี,เมืองนนทบุรี,อบต.บางรักน้อย,675.97
2565,กันยายน,นนทบุรี,ไทรน้อย,เทศบาลตำบลไทรน้อย,167.29
2565,กันยายน,นนทบุรี,ไทรน้อย,อบต.ขุนศรี,116.61
2565,กันยายน,นนทบุรี,ไทรน้อย,อบต.คลองขวาง,164.69
2565,กันยายน,นนทบุรี,ไทรน้อย,อบต.ทวีวัฒนา,195.31
2565,กันยายน,นนทบุรี,ไทรน้อย,อบต.ไทรน้อย,686.75
2565,กันยายน,นนทบุรี,ไทรน้อย,อบต.ไทรใหญ่,150.74
2565,กันยายน,นนทบุรี,ไทรน้อย,อบต.ราษฎร์นิยม,220.21
2565,กันยายน,นนทบุรี,ไทรน้อย,อบต.หนองเพรางาย,310.0
2565,กันยายน,นนทบุรี,บางกรวย,เทศบาลเมืองบางกรวย,1539.22
2565,กันยายน,นนทบุรี,บางกรวย,เทศบาลตำบลบางสีทอง,522.84
2565,กันยายน,นนทบุรี,บางกรวย,เทศบาลตำบลศาลากลาง,581.54
2565,กันยายน,นนทบุรี,บางกรวย,อบต.บางขนุน,211.85
2565,กันยายน,นนทบุรี,บางกรวย,อบต.บางขุนกอง,349.51
2565,กันยายน,นนทบุรี,บางกรวย,อบต.มหาสวัสดิ์,286.23
2565,กันยายน,นนทบุรี,บางบัวทอง,เทศบาลเมืองบางคูรัด,1394.25
2565,กันยายน,นนทบุรี,บางบัวทอง,เทศบาลเมืองบางบัวทอง,2059.64
2565,กันยายน,นนทบุรี,บางบัวทอง,เทศบาลเมืองบางรักพัฒนา,1463.48
2565,กันยายน,นนทบุรี,บางบัวทอง,เทศบาลเมืองพิมลราช,1054.09
2565,กันยายน,นนทบุรี,บางบัวทอง,เทศบาลเมืองใหม่บางบัวทอง,1650.0
2565,กันยายน,นนทบุรี,บางบัวทอง,อบต.บางรักใหญ่,157.69
2565,กันยายน,นนทบุรี,บางบัวทอง,อบต.ละหาร,1111.93
2565,กันยายน,นนทบุรี,บางบัวทอง,อบต.ลำโพ,574.54
2565,กันยายน,นนทบุรี,บางใหญ่,เทศบาลเมืองบางแม่นาง,1547.98
2565,กันยายน,นนทบุรี,บางใหญ่,เทศบาลตำบลบางม่วง,192.72
2565,กันยายน,นนทบุรี,บางใหญ่,เทศบาลตำบลบางเลน,580.0
2565,กันยายน,นนทบุรี,บางใหญ่,เทศบาลตำบลบางใหญ่,493.21
2565,กันยายน,นนทบุรี,บางใหญ่,เทศบาลตำบลเสาธงหิน,2393.03
2565,กันยายน,นนทบุรี,บางใหญ่,อบต.บางใหญ่,405.48
2565,กันยายน,นนทบุรี,บางใหญ่,อบต.บ้านใหม่,244.49
2565,กันยายน,นนทบุรี,ปากเกร็ด,เทศบาลนครปากเกร็ด,10768.35
2565,กันยายน,นนทบุรี,ปากเกร็ด,เทศบาลตำบลบางพลับ,387.4
2565,กันยายน,นนทบุรี,ปากเกร็ด,อบต.เกาะเกร็ด,182.42
2565,กันยายน,นนทบุรี,ปากเกร็ด,อบต.คลองข่อย,452.81
2565,กันยายน,นนทบุรี,ปากเกร็ด,อบต.คลองพระอุดม,261.75
2565,กันยายน,นนทบุรี,ปากเกร็ด,อบต.ท่าอิฐ,505.67
2565,กันยายน,นนทบุรี,ปากเกร็ด,อบต.บางตะไนย์,114.45
2565,กันยายน,นนทบุรี,ปากเกร็ด,อบต.อ้อมเกร็ด,283.46
2565,กันยายน,นนทบุรี,เมืองนนทบุรี,เทศบาลนครนนทบุรี,9925.72
2565,กันยายน,นนทบุรี,เมืองนนทบุรี,เทศบาลเมืองไทรม้า,751050.0
2565,กันยายน,นนทบุรี,เมืองนนทบุรี,เทศบาลเมืองบางกร่าง,785.51
2565,กันยายน,นนทบุรี,เมืองนนทบุรี,เทศบาลเมืองบางศรีเมือง,1106.55
2565,กันยายน,นนทบุรี,เมืองนนทบุรี,อบต.บางไผ่,425845.0
2565,กันยายน,นนทบุรี,เมืองนนทบุรี,อบต.บางรักน้อย,655.29
2565,ตุลาคม,นนทบุรี,ไทรน้อย,เทศบาลตำบลไทรน้อย,156.62
2565,ตุลาคม,นนทบุรี,ไทรน้อย,อบต.ขุนศรี,125.73
2565,ตุลาคม,นนทบุรี,ไทรน้อย,อบต.คลองขวาง,194.63
2565,ตุลาคม,นนทบุรี,ไทรน้อย,อบต.ทวีวัฒนา,242.89
2565,ตุลาคม,นนทบุรี,ไทรน้อย,อบต.ไทรน้อย,716.54
2565,ตุลาคม,นนทบุรี,ไทรน้อย,อบต.ไทรใหญ่,162.52
2565,ตุลาคม,นนทบุรี,ไทรน้อย,อบต.ราษฎร์นิยม,620.15
2565,ตุลาคม,นนทบุรี,ไทรน้อย,อบต.หนองเพรางาย,230.0
2565,ตุลาคม,นนทบุรี,บางกรวย,เทศบาลเมืองบางกรวย,2329.73
2565,ตุลาคม,นนทบุรี,บางกรวย,เทศบาลตำบลบางสีทอง,429.75
2565,ตุลาคม,นนทบุรี,บางกรวย,เทศบาลตำบลศาลากลาง,652.67
2565,ตุลาคม,นนทบุรี,บางกรวย,อบต.บางขนุน,403.42
2565,ตุลาคม,นนทบุรี,บางกรวย,อบต.บางขุนกอง,1000.0
2565,ตุลาคม,นนทบุรี,บางกรวย,อบต.มหาสวัสดิ์,239.36
2565,ตุลาคม,นนทบุรี,บางบัวทอง,เทศบาลเมืองบางคูรัด,1394.25
2565,ตุลาคม,นนทบุรี,บางบัวทอง,เทศบาลเมืองบางบัวทอง,1884.33
2565,ตุลาคม,นนทบุรี,บางบัวทอง,เทศบาลเมืองบางรักพัฒนา,1643.77
2565,ตุลาคม,นนทบุรี,บางบัวทอง,เทศบาลเมืองพิมลราช,1217.44
2565,ตุลาคม,นนทบุรี,บางบัวทอง,เทศบาลเมืองใหม่บางบัวทอง,1556.94
2565,ตุลาคม,นนทบุรี,บางบัวทอง,อบต.บางรักใหญ่,195.28
2565,ตุลาคม,นนทบุรี,บางบัวทอง,อบต.ละหาร,4933.61
2565,ตุลาคม,นนทบุรี,บางบัวทอง,อบต.ลำโพ,599.85
2565,ตุลาคม,นนทบุรี,บางใหญ่,เทศบาลเมืองบางแม่นาง,891.66
2565,ตุลาคม,นนทบุรี,บางใหญ่,เทศบาลตำบลบางม่วง,249.86
2565,ตุลาคม,นนทบุรี,บางใหญ่,เทศบาลตำบลบางเลน,700.0
2565,ตุลาคม,นนทบุรี,บางใหญ่,เทศบาลตำบลบางใหญ่,441.12
2565,ตุลาคม,นนทบุรี,บางใหญ่,เทศบาลตำบลบ้านบางม่วง,837.94
2565,ตุลาคม,นนทบุรี,บางใหญ่,เทศบาลตำบลเสาธงหิน,2358.48
2565,ตุลาคม,นนทบุรี,บางใหญ่,อบต.บางใหญ่,361.75
2565,ตุลาคม,นนทบุรี,บางใหญ่,อบต.บ้านใหม่,234.12
2565,ตุลาคม,นนทบุรี,ปากเกร็ด,เทศบาลนครปากเกร็ด,10806.06
2565,ตุลาคม,นนทบุรี,ปากเกร็ด,เทศบาลตำบลบางพลับ,409.23
2565,ตุลาคม,นนทบุรี,ปากเกร็ด,อบต.เกาะเกร็ด,150.1
2565,ตุลาคม,นนทบุรี,ปากเกร็ด,อบต.คลองข่อย,443.72
2565,ตุลาคม,นนทบุรี,ปากเกร็ด,อบต.คลองพระอุดม,256.3
2565,ตุลาคม,นนทบุรี,ปากเกร็ด,อบต.ท่าอิฐ,653.09
2565,ตุลาคม,นนทบุรี,ปากเกร็ด,อบต.บางตะไนย์,265.89
2565,ตุลาคม,นนทบุรี,ปากเกร็ด,อบต.อ้อมเกร็ด,269.59
2565,ตุลาคม,นนทบุรี,เมืองนนทบุรี,เทศบาลนครนนทบุรี,14134.63
2565,ตุลาคม,นนทบุรี,เมืองนนทบุรี,เทศบาลเมืองไทรม้า,982.15
2565,ตุลาคม,นนทบุรี,เมืองนนทบุรี,เทศบาลเมืองบางกร่าง,887.71
2565,ตุลาคม,นนทบุรี,เมืองนนทบุรี,เทศบาลเมืองบางศรีเมือง,1278.3
2565,ตุลาคม,นนทบุรี,เมืองนนทบุรี,อบต.บางไผ่,465.2
2565,ตุลาคม,นนทบุรี,เมืองนนทบุรี,อบต.บางรักน้อย,644.28
2565,พฤศจิกายน,นนทบุรี,ไทรน้อย,เทศบาลตำบลไทรน้อย,77.57
2565,พฤศจิกายน,นนทบุรี,ไทรน้อย,อบต.ขุนศรี,118.64
2565,พฤศจิกายน,นนทบุรี,ไทรน้อย,อบต.คลองขวาง,170.88
2565,พฤศจิกายน,นนทบุรี,ไทรน้อย,อบต.ทวีวัฒนา,242.89
2565,พฤศจิกายน,นนทบุรี,ไทรน้อย,อบต.ไทรน้อย,724.18
2565,พฤศจิกายน,นนทบุรี,ไทรน้อย,อบต.ไทรใหญ่,157.71
2565,พฤศจิกายน,นนทบุรี,ไทรน้อย,อบต.ราษฎร์นิยม,578.02
2565,พฤศจิกายน,นนทบุรี,ไทรน้อย,อบต.หนองเพรางาย,250.0
2565,พฤศจิกายน,นนทบุรี,บางกรวย,เทศบาลเมืองบางกรวย,1539.22
2565,พฤศจิกายน,นนทบุรี,บางกรวย,เทศบาลตำบลบางสีทอง,419.5
2565,พฤศจิกายน,นนทบุรี,บางกรวย,เทศบาลตำบลปลายบาง,1793.62
2565,พฤศจิกายน,นนทบุรี,บางกรวย,เทศบาลตำบลศาลากลาง,652.67
2565,พฤศจิกายน,นนทบุรี,บางกรวย,อบต.บางขนุน,393.69
2565,พฤศจิกายน,นนทบุรี,บางกรวย,อบต.บางขุนกอง,1000.0
2565,พฤศจิกายน,นนทบุรี,บางกรวย,อบต.มหาสวัสดิ์,248.28
2565,พฤศจิกายน,นนทบุรี,บางบัวทอง,เทศบาลเมืองบางคูรัด,1394.25
2565,พฤศจิกายน,นนทบุรี,บางบัวทอง,เทศบาลเมืองบางบัวทอง,1749.54
2565,พฤศจิกายน,นนทบุรี,บางบัวทอง,เทศบาลเมืองบางรักพัฒนา,1502.15
2565,พฤศจิกายน,นนทบุรี,บางบัวทอง,เทศบาลเมืองพิมลราช,1657.73
2565,พฤศจิกายน,นนทบุรี,บางบัวทอง,เทศบาลเมืองใหม่บางบัวทอง,1530.7
2565,พฤศจิกายน,นนทบุรี,บางบัวทอง,อบต.บางรักใหญ่,173.82
2565,พฤศจิกายน,นนทบุรี,บางบัวทอง,อบต.ละหาร,1044.26
2565,พฤศจิกายน,นนทบุรี,บางบัวทอง,อบต.ลำโพ,556.52
2565,พฤศจิกายน,นนทบุรี,บางใหญ่,เทศบาลเมืองบางแม่นาง,792.21
2565,พฤศจิกายน,นนทบุรี,บางใหญ่,เทศบาลตำบลบางม่วง,242.46
2565,พฤศจิกายน,นนทบุรี,บางใหญ่,เทศบาลตำบลบางเลน,630.0
2565,พฤศจิกายน,นนทบุรี,บางใหญ่,เทศบาลตำบลบางใหญ่,440.19
2565,พฤศจิกายน,นนทบุรี,บางใหญ่,เทศบาลตำบลบ้านบางม่วง,896.22
2565,พฤศจิกายน,นนทบุรี,บางใหญ่,เทศบาลตำบลเสาธงหิน,2220.8
2565,พฤศจิกายน,นนทบุรี,บางใหญ่,อบต.บางใหญ่,361.75
2565,พฤศจิกายน,นนทบุรี,บางใหญ่,อบต.บ้านใหม่,229.01
2565,พฤศจิกายน,นนทบุรี,ปากเกร็ด,เทศบาลนครปากเกร็ด,10796.02
2565,พฤศจิกายน,นนทบุรี,ปากเกร็ด,เทศบาลตำบลบางพลับ,389.29
2565,พฤศจิกายน,นนทบุรี,ปากเกร็ด,อบต.เกาะเกร็ด,150.1
2565,พฤศจิกายน,นนทบุรี,ปากเกร็ด,อบต.คลองข่อย,412.11
2565,พฤศจิกายน,นนทบุรี,ปากเกร็ด,อบต.คลองพระอุดม,219.04
2565,พฤศจิกายน,นนทบุรี,ปากเกร็ด,อบต.ท่าอิฐ,658.65
2565,พฤศจิกายน,นนทบุรี,ปากเกร็ด,อบต.บางตะไนย์,258.27
2565,พฤศจิกายน,นนทบุรี,ปากเกร็ด,อบต.อ้อมเกร็ด,273.9
2565,พฤศจิกายน,นนทบุรี,เมืองนนทบุรี,เทศบาลนครนนทบุรี,14452.79
2565,พฤศจิกายน,นนทบุรี,เมืองนนทบุรี,เทศบาลเมืองไทรม้า,720.81
2565,พฤศจิกายน,นนทบุรี,เมืองนนทบุรี,เทศบาลเมืองบางกร่าง,821.77
2565,พฤศจิกายน,นนทบุรี,เมืองนนทบุรี,เทศบาลเมืองบางศรีเมือง,1152.18
2565,พฤศจิกายน,นนทบุรี,เมืองนนทบุรี,อบต.บางไผ่,433.58
2565,พฤศจิกายน,นนทบุรี,เมืองนนทบุรี,อบต.บางรักน้อย,657.83
2565,ธันวาคม,นนทบุรี,ไทรน้อย,เทศบาลตำบลไทรน้อย,80.16
2565,ธันวาคม,นนทบุรี,ไทรน้อย,อบต.ขุนศรี,98.1
2565,ธันวาคม,นนทบุรี,ไทรน้อย,อบต.คลองขวาง,165.05
2565,ธันวาคม,นนทบุรี,ไทรน้อย,อบต.ทวีวัฒนา,242.89
2565,ธันวาคม,นนทบุรี,ไทรน้อย,อบต.ไทรน้อย,750.65
2565,ธันวาคม,นนทบุรี,ไทรน้อย,อบต.ไทรใหญ่,132.02
2565,ธันวาคม,นนทบุรี,ไทรน้อย,อบต.ราษฎร์นิยม,502.16
2565,ธันวาคม,นนทบุรี,ไทรน้อย,อบต.หนองเพรางาย,250.0
2565,ธันวาคม,นนทบุรี,บางกรวย,เทศบาลเมืองบางกรวย,1539.22
2565,ธันวาคม,นนทบุรี,บางกรวย,เทศบาลตำบลบางสีทอง,392.33
2565,ธันวาคม,นนทบุรี,บางกรวย,เทศบาลตำบลปลายบาง,1853.75
2565,ธันวาคม,นนทบุรี,บางกรวย,เทศบาลตำบลศาลากลาง,652.67
2565,ธันวาคม,นนทบุรี,บางกรวย,อบต.บางขนุน,378.56
2565,ธันวาคม,นนทบุรี,บางกรวย,อบต.บางขุนกอง,1000.0
2565,ธันวาคม,นนทบุรี,บางกรวย,อบต.มหาสวัสดิ์,235.45
2565,ธันวาคม,นนทบุรี,บางบัวทอง,เทศบาลเมืองบางคูรัด,1394.25
2565,ธันวาคม,นนทบุรี,บางบัวทอง,เทศบาลเมืองบางบัวทอง,1817.07
2565,ธันวาคม,นนทบุรี,บางบัวทอง,เทศบาลเมืองบางรักพัฒนา,1307.79
2565,ธันวาคม,นนทบุรี,บางบัวทอง,เทศบาลเมืองพิมลราช,1255.12
2565,ธันวาคม,นนทบุรี,บางบัวทอง,เทศบาลเมืองใหม่บางบัวทอง,1475.0
2565,ธันวาคม,นนทบุรี,บางบัวทอง,อบต.บางรักใหญ่,160.95
2565,ธันวาคม,นนทบุรี,บางบัวทอง,อบต.ละหาร,1048.53
2565,ธันวาคม,นนทบุรี,บางบัวทอง,อบต.ลำโพ,554.67
2565,ธันวาคม,นนทบุรี,บางใหญ่,เทศบาลเมืองบางแม่นาง,797.42
2565,ธันวาคม,นนทบุรี,บางใหญ่,เทศบาลตำบลบางม่วง,250.75
2565,ธันวาคม,นนทบุรี,บางใหญ่,เทศบาลตำบลบางเลน,661.0
2565,ธันวาคม,นนทบุรี,บางใหญ่,เทศบาลตำบลบางใหญ่,426.03
2565,ธันวาคม,นนทบุรี,บางใหญ่,เทศบาลตำบลบ้านบางม่วง,890.84
2565,ธันวาคม,นนทบุรี,บางใหญ่,เทศบาลตำบลเสาธงหิน,2195.23
2565,ธันวาคม,นนทบุรี,บางใหญ่,อบต.บางใหญ่,361.75
2565,ธันวาคม,นนทบุรี,บางใหญ่,อบต.บ้านใหม่,236.85
2565,ธันวาคม,นนทบุรี,ปากเกร็ด,เทศบาลนครปากเกร็ด,10792.56
2565,ธันวาคม,นนทบุรี,ปากเกร็ด,เทศบาลตำบลบางพลับ,427.85
2565,ธันวาคม,นนทบุรี,ปากเกร็ด,อบต.เกาะเกร็ด,157.96
2565,ธันวาคม,นนทบุรี,ปากเกร็ด,อบต.คลองข่อย,457.73
2565,ธันวาคม,นนทบุรี,ปากเกร็ด,อบต.คลองพระอุดม,252.07
2565,ธันวาคม,นนทบุรี,ปากเกร็ด,อบต.ท่าอิฐ,697.99
2565,ธันวาคม,นนทบุรี,ปากเกร็ด,อบต.บางตะไนย์,99.59
2565,ธันวาคม,นนทบุรี,ปากเกร็ด,อบต.อ้อมเกร็ด,256.2
2565,ธันวาคม,นนทบุรี,เมืองนนทบุรี,เทศบาลนครนนทบุรี,14255.03
2565,ธันวาคม,นนทบุรี,เมืองนนทบุรี,เทศบาลเมืองไทรม้า,756.31
2565,ธันวาคม,นนทบุรี,เมืองนนทบุรี,เทศบาลเมืองบางกร่าง,785.97
2565,ธันวาคม,นนทบุรี,เมืองนนทบุรี,เทศบาลเมืองบางศรีเมือง,1101.45
2565,ธันวาคม,นนทบุรี,เมืองนนทบุรี,อบต.บางไผ่,433.99
2565,ธันวาคม,นนทบุรี,เมืองนนทบุรี,อบต.บางรักน้อย,734095.0
2566,มกราคม,นนทบุรี,ไทรน้อย,เทศบาลตำบลไทรน้อย,204.429
2566,มกราคม,นนทบุรี,ไทรน้อย,อบต.ขุนศรี,119.004
2566,มกราคม,นนทบุรี,ไทรน้อย,อบต.คลองขวาง,155.44
2566,มกราคม,นนทบุรี,ไทรน้อย,อบต.ทวีวัฒนา,231.96
2566,มกราคม,นนทบุรี,ไทรน้อย,อบต.ไทรน้อย,735.225
2566,มกราคม,นนทบุรี,ไทรน้อย,อบต.ไทรใหญ่,202.704
2566,มกราคม,นนทบุรี,ไทรน้อย,อบต.ราษฎร์นิยม,231.765
2566,มกราคม,นนทบุรี,ไทรน้อย,อบต.หนองเพรางาย,370.0
2566,มกราคม,นนทบุรี,บางกรวย,เทศบาลเมืองบางกรวย,1590.53
2566,มกราคม,นนทบุรี,บางกรวย,เทศบาลตำบลบางสีทอง,690.904
2566,มกราคม,นนทบุรี,บางกรวย,เทศบาลตำบลปลายบาง,2131.78
2566,มกราคม,นนทบุรี,บางกรวย,เทศบาลตำบลศาลากลาง,710.217
2566,มกราคม,นนทบุรี,บางกรวย,อบต.บางขนุน,656.68
2566,มกราคม,นนทบุรี,บางกรวย,อบต.บางขุนกอง,362.65
2566,มกราคม,นนทบุรี,บางกรวย,อบต.มหาสวัสดิ์,248.015
2566,มกราคม,นนทบุรี,บางบัวทอง,เทศบาลนครบางบัวทอง,2165.93
2566,มกราคม,นนทบุรี,บางบัวทอง,เทศบาลเมืองบางคูรัด,1440.72
2566,มกราคม,นนทบุรี,บางบัวทอง,เทศบาลเมืองบางรักพัฒนา,1443.24
2566,มกราคม,นนทบุรี,บางบัวทอง,เทศบาลเมืองพิมลราช,1270.38
2566,มกราคม,นนทบุรี,บางบัวทอง,เทศบาลเมืองใหม่บางบัวทอง,1330.9
2566,มกราคม,นนทบุรี,บางบัวทอง,อบต.บางรักใหญ่,216.345
2566,มกราคม,นนทบุรี,บางบัวทอง,อบต.ละหาร,1225.02
2566,มกราคม,นนทบุรี,บางบัวทอง,อบต.ลำโพ,600.9
2566,มกราคม,นนทบุรี,บางใหญ่,เทศบาลเมืองบางแม่นาง,1305.42
2566,มกราคม,นนทบุรี,บางใหญ่,เทศบาลเมืองเสาธงหิน,2281.93
2566,มกราคม,นนทบุรี,บางใหญ่,เทศบาลตำบลบางม่วง,207.409
2566,มกราคม,นนทบุรี,บางใหญ่,เทศบาลตำบลบางเลน,730.0
2566,มกราคม,นนทบุรี,บางใหญ่,เทศบาลตำบลบางใหญ่,491.1
2566,มกราคม,นนทบุรี,บางใหญ่,อบต.บางใหญ่,418.997
2566,มกราคม,นนทบุรี,บางใหญ่,อบต.บ้านใหม่,284.025
2566,มกราคม,นนทบุรี,ปากเกร็ด,เทศบาลนครปากเกร็ด,11111.95
2566,มกราคม,นนทบุรี,ปากเกร็ด,เทศบาลตำบลบางพลับ,454.7
2566,มกราคม,นนทบุรี,ปากเกร็ด,อบต.เกาะเกร็ด,160.0
2566,มกราคม,นนทบุรี,ปากเกร็ด,อบต.คลองข่อย,435.0
2566,มกราคม,นนทบุรี,ปากเกร็ด,อบต.คลองพระอุดม,334.59
2566,มกราคม,นนทบุรี,ปากเกร็ด,อบต.ท่าอิฐ,653.446
2566,มกราคม,นนทบุรี,ปากเกร็ด,อบต.บางตะไนย์,206.226
2566,มกราคม,นนทบุรี,ปากเกร็ด,อบต.อ้อมเกร็ด,349.025
2566,มกราคม,นนทบุรี,เมืองนนทบุรี,เทศบาลนครนนทบุรี,14418.94
2566,มกราคม,นนทบุรี,เมืองนนทบุรี,เทศบาลเมืองไทรม้า,737.395
2566,มกราคม,นนทบุรี,เมืองนนทบุรี,เทศบาลเมืองบางกร่าง,756065.0
2566,มกราคม,นนทบุรี,เมืองนนทบุรี,เทศบาลเมืองบางศรีเมือง,1183.15
2566,มกราคม,นนทบุรี,เมืองนนทบุรี,อบต.บางไผ่,486.345
2566,มกราคม,นนทบุรี,เมืองนนทบุรี,อบต.บางรักน้อย,814.58
2566,กุมภาพันธ์,นนทบุรี,ไทรน้อย,เทศบาลตำบลไทรน้อย,176.847
2566,กุมภาพันธ์,นนทบุรี,ไทรน้อย,อบต.ขุนศรี,113.765
2566,กุมภาพันธ์,นนทบุรี,ไทรน้อย,อบต.คลองขวาง,155.44
2566,กุมภาพันธ์,นนทบุรี,ไทรน้อย,อบต.ทวีวัฒนา,196.14
2566,กุมภาพันธ์,นนทบุรี,ไทรน้อย,อบต.ไทรน้อย,705.75
2566,กุมภาพันธ์,นนทบุรี,ไทรน้อย,อบต.ไทรใหญ่,183.595
2566,กุมภาพันธ์,นนทบุรี,ไทรน้อย,อบต.ราษฎร์นิยม,3096.56
2566,กุมภาพันธ์,นนทบุรี,ไทรน้อย,อบต.หนองเพรางาย,316.913
2566,กุมภาพันธ์,นนทบุรี,บางกรวย,เทศบาลเมืองบางกรวย,1436.6
2566,กุมภาพันธ์,นนทบุรี,บางกรวย,เทศบาลตำบลบางสีทอง,632.87
2566,กุมภาพันธ์,นนทบุรี,บางกรวย,เทศบาลตำบลปลายบาง,2133.5
2566,กุมภาพันธ์,นนทบุรี,บางกรวย,เทศบาลตำบลศาลากลาง,568.15
2566,กุมภาพันธ์,นนทบุรี,บางกรวย,อบต.บางขนุน,596.63
2566,กุมภาพันธ์,นนทบุรี,บางกรวย,อบต.บางขุนกอง,362.65
2566,กุมภาพันธ์,นนทบุรี,บางกรวย,อบต.มหาสวัสดิ์,242.245
2566,กุมภาพันธ์,นนทบุรี,บางบัวทอง,เทศบาลนครบางบัวทอง,1942.45
2566,กุมภาพันธ์,นนทบุรี,บางบัวทอง,เทศบาลเมืองบางคูรัด,1301.3
2566,กุมภาพันธ์,นนทบุรี,บางบัวทอง,เทศบาลเมืองบางรักพัฒนา,1274.6
2566,กุมภาพันธ์,นนทบุรี,บางบัวทอง,เทศบาลเมืองพิมลราช,1087.39
2566,กุมภาพันธ์,นนทบุรี,บางบัวทอง,เทศบาลเมืองใหม่บางบัวทอง,1496.84
2566,กุมภาพันธ์,นนทบุรี,บางบัวทอง,อบต.บางรักใหญ่,199.305
2566,กุมภาพันธ์,นนทบุรี,บางบัวทอง,อบต.ละหาร,1097.84
2566,กุมภาพันธ์,นนทบุรี,บางบัวทอง,อบต.ลำโพ,551.245
2566,กุมภาพันธ์,นนทบุรี,บางใหญ่,เทศบาลเมืองบางแม่นาง,1172.79
2566,กุมภาพันธ์,นนทบุรี,บางใหญ่,เทศบาลเมืองเสาธงหิน,2075.36
2566,กุมภาพันธ์,นนทบุรี,บางใหญ่,เทศบาลตำบลบางม่วง,182.241
2566,กุมภาพันธ์,นนทบุรี,บางใหญ่,เทศบาลตำบลบางเลน,700.0
2566,กุมภาพันธ์,นนทบุรี,บางใหญ่,เทศบาลตำบลบางใหญ่,423.725
2566,กุมภาพันธ์,นนทบุรี,บางใหญ่,อบต.บางใหญ่,378.449
2566,กุมภาพันธ์,นนทบุรี,บางใหญ่,อบต.บ้านใหม่,272.56
2566,กุมภาพันธ์,นนทบุรี,ปากเกร็ด,เทศบาลนครปากเกร็ด,10038.13
2566,กุมภาพันธ์,นนทบุรี,ปากเกร็ด,เทศบาลตำบลบางพลับ,403.64
2566,กุมภาพันธ์,นนทบุรี,ปากเกร็ด,อบต.เกาะเกร็ด,161.335
2566,กุมภาพันธ์,นนทบุรี,ปากเกร็ด,อบต.คลองข่อย,466.835
2566,กุมภาพันธ์,นนทบุรี,ปากเกร็ด,อบต.คลองพระอุดม,328.2
2566,กุมภาพันธ์,นนทบุรี,ปากเกร็ด,อบต.ท่าอิฐ,601.165
2566,กุมภาพันธ์,นนทบุรี,ปากเกร็ด,อบต.บางตะไนย์,186.268
2566,กุมภาพันธ์,นนทบุรี,ปากเกร็ด,อบต.อ้อมเกร็ด,321.39
2566,กุมภาพันธ์,นนทบุรี,เมืองนนทบุรี,เทศบาลนครนนทบุรี,13023.56
2566,กุมภาพันธ์,นนทบุรี,เมืองนนทบุรี,เทศบาลเมืองไทรม้า,677.79
2566,กุมภาพันธ์,นนทบุรี,เมืองนนทบุรี,เทศบาลเมืองบางกร่าง,697315.0
2566,กุมภาพันธ์,นนทบุรี,เมืองนนทบุรี,เทศบาลเมืองบางศรีเมือง,1041.83
2566,กุมภาพันธ์,นนทบุรี,เมืองนนทบุรี,อบต.บางไผ่,410.69
2566,กุมภาพันธ์,นนทบุรี,เมืองนนทบุรี,อบต.บางรักน้อย,732.255
2566,มีนาคม,นนทบุรี,ไทรน้อย,เทศบาลตำบลไทรน้อย,188.76
2566,มีนาคม,นนทบุรี,ไทรน้อย,อบต.ขุนศรี,126.224
2566,มีนาคม,นนทบุรี,ไทรน้อย,อบต.คลองขวาง,198.479
2566,มีนาคม,นนทบุรี,ไทรน้อย,อบต.ทวีวัฒนา,212.85
2566,มีนาคม,นนทบุรี,ไทรน้อย,อบต.ไทรน้อย,791.665
2566,มีนาคม,นนทบุรี,ไทรน้อย,อบต.ไทรใหญ่,186.293
2566,มีนาคม,นนทบุรี,ไทรน้อย,อบต.ราษฎร์นิยม,216.975
2566,มีนาคม,นนทบุรี,ไทรน้อย,อบต.หนองเพรางาย,340.154
2566,มีนาคม,นนทบุรี,บางกรวย,เทศบาลเมืองบางกรวย,1590.53
2566,มีนาคม,นนทบุรี,บางกรวย,เทศบาลตำบลบางสีทอง,694.283
2566,มีนาคม,นนทบุรี,บางกรวย,เทศบาลตำบลปลายบาง,2135.48
2566,มีนาคม,นนทบุรี,บางกรวย,เทศบาลตำบลศาลากลาง,642.0
2566,มีนาคม,นนทบุรี,บางกรวย,อบต.บางขนุน,429.506
2566,มีนาคม,นนทบุรี,บางกรวย,อบต.บางขุนกอง,362.428
2566,มีนาคม,นนทบุรี,บางกรวย,อบต.มหาสวัสดิ์,242.011
2566,มีนาคม,นนทบุรี,บางบัวทอง,เทศบาลนครบางบัวทอง,2082.95
2566,มีนาคม,นนทบุรี,บางบัวทอง,เทศบาลเมืองบางคูรัด,1440.72
2566,มีนาคม,นนทบุรี,บางบัวทอง,เทศบาลเมืองบางรักพัฒนา,1416.65
2566,มีนาคม,นนทบุรี,บางบัวทอง,เทศบาลเมืองพิมลราช,1221.98
2566,มีนาคม,นนทบุรี,บางบัวทอง,เทศบาลเมืองใหม่บางบัวทอง,1396.57
2566,มีนาคม,นนทบุรี,บางบัวทอง,อบต.บางรักใหญ่,199.505
2566,มีนาคม,นนทบุรี,บางบัวทอง,อบต.ละหาร,1255.92
2566,มีนาคม,นนทบุรี,บางบัวทอง,อบต.ลำโพ,598.155
2566,มีนาคม,นนทบุรี,บางใหญ่,เทศบาลเมืองบางแม่นาง,1249.77
2566,มีนาคม,นนทบุรี,บางใหญ่,เทศบาลเมืองเสาธงหิน,2333.66
2566,มีนาคม,นนทบุรี,บางใหญ่,เทศบาลตำบลบางม่วง,201.925
2566,มีนาคม,นนทบุรี,บางใหญ่,เทศบาลตำบลบางเลน,700.0
2566,มีนาคม,นนทบุรี,บางใหญ่,เทศบาลตำบลบางใหญ่,466.145
2566,มีนาคม,นนทบุรี,บางใหญ่,อบต.บางใหญ่,418.997
2566,มีนาคม,นนทบุรี,บางใหญ่,อบต.บ้านใหม่,270.77
2566,มีนาคม,นนทบุรี,ปากเกร็ด,เทศบาลนครปากเกร็ด,11112.82
2566,มีนาคม,นนทบุรี,ปากเกร็ด,เทศบาลตำบลบางพลับ,447.01
2566,มีนาคม,นนทบุรี,ปากเกร็ด,อบต.เกาะเกร็ด,178.621
2566,มีนาคม,นนทบุรี,ปากเกร็ด,อบต.คลองข่อย,739.0
2566,มีนาคม,นนทบุรี,ปากเกร็ด,อบต.คลองพระอุดม,301.0
2566,มีนาคม,นนทบุรี,ปากเกร็ด,อบต.ท่าอิฐ,628.235
2566,มีนาคม,นนทบุรี,ปากเกร็ด,อบต.บางตะไนย์,206.226
2566,มีนาคม,นนทบุรี,ปากเกร็ด,อบต.อ้อมเกร็ด,340.703
2566,มีนาคม,นนทบุรี,เมืองนนทบุรี,เทศบาลนครนนทบุรี,14418.94
2566,มีนาคม,นนทบุรี,เมืองนนทบุรี,เทศบาลเมืองไทรม้า,777.74
2566,มีนาคม,นนทบุรี,เมืองนนทบุรี,เทศบาลเมืองบางกร่าง,775445.0
2566,มีนาคม,นนทบุรี,เมืองนนทบุรี,เทศบาลเมืองบางศรีเมือง,1130.83
2566,มีนาคม,นนทบุรี,เมืองนนทบุรี,อบต.บางไผ่,456.605
2566,มีนาคม,นนทบุรี,เมืองนนทบุรี,อบต.บางรักน้อย,739655.0
2566,เมษายน,นนทบุรี,ไทรน้อย,เทศบาลตำบลไทรน้อย,1083.0
2566,เมษายน,นนทบุรี,ไทรน้อย,อบต.ขุนศรี,1872.0
2566,เมษายน,นนทบุรี,ไทรน้อย,อบต.คลองขวาง,2621.0
2566,เมษายน,นนทบุรี,ไทรน้อย,อบต.ทวีวัฒนา,2680.0
2566,เมษายน,นนทบุรี,ไทรน้อย,อบต.ไทรน้อย,12594.0
2566,เมษายน,นนทบุรี,ไทรน้อย,อบต.ไทรใหญ่,1622.0
2566,เมษายน,นนทบุรี,ไทรน้อย,อบต.ราษฎร์นิยม,2893.0
2566,เมษายน,นนทบุรี,ไทรน้อย,อบต.หนองเพรางาย,2979.0
2566,เมษายน,นนทบุรี,บางกรวย,เทศบาลเมืองบางกรวย,22201.0
2566,เมษายน,นนทบุรี,บางกรวย,เทศบาลตำบลบางสีทอง,5304.0
2566,เมษายน,นนทบุรี,บางกรวย,เทศบาลตำบลปลายบาง,15636.0
2566,เมษายน,นนทบุรี,บางกรวย,เทศบาลตำบลศาลากลาง,12114.0
2566,เมษายน,นนทบุรี,บางกรวย,อบต.บางขนุน,5989.0
2566,เมษายน,นนทบุรี,บางกรวย,อบต.บางขุนกอง,6181.0
2566,เมษายน,นนทบุรี,บางกรวย,อบต.มหาสวัสดิ์,3120.0
2566,เมษายน,นนทบุรี,บางบัวทอง,เทศบาลนครบางบัวทอง,25269.0
2566,เมษายน,นนทบุรี,บางบัวทอง,เทศบาลเมืองบางคูรัด,16600.0
2566,เมษายน,นนทบุรี,บางบัวทอง,เทศบาลเมืองบางรักพัฒนา,24385.0
2566,เมษายน,นนทบุรี,บางบัวทอง,เทศบาลเมืองพิมลราช,24521.0
2566,เมษายน,นนทบุรี,บางบัวทอง,เทศบาลเมืองใหม่บางบัวทอง,29050.0
2566,เมษายน,นนทบุรี,บางบัวทอง,อบต.บางรักใหญ่,3600.0
2566,เมษายน,นนทบุรี,บางบัวทอง,อบต.ละหาร,12763.0
2566,เมษายน,นนทบุรี,บางบัวทอง,อบต.ลำโพ,7611.0
2566,เมษายน,นนทบุรี,บางใหญ่,เทศบาลเมืองบางแม่นาง,24860.0
2566,เมษายน,นนทบุรี,บางใหญ่,เทศบาลเมืองเสาธงหิน,26920.0
2566,เมษายน,นนทบุรี,บางใหญ่,เทศบาลตำบลบางม่วง,3042.0
2566,เมษายน,นนทบุรี,บางใหญ่,เทศบาลตำบลบางเลน,9213.0
2566,เมษายน,นนทบุรี,บางใหญ่,เทศบาลตำบลบางใหญ่,4322.0
2566,เมษายน,นนทบุรี,บางใหญ่,อบต.บางใหญ่,6476.0
2566,เมษายน,นนทบุรี,บางใหญ่,อบต.บ้านใหม่,3200.0
2566,เมษายน,นนทบุรี,ปากเกร็ด,เทศบาลนครปากเกร็ด,72135.0
2566,เมษายน,นนทบุรี,ปากเกร็ด,เทศบาลตำบลบางพลับ,6520.0
2566,เมษายน,นนทบุรี,ปากเกร็ด,อบต.เกาะเกร็ด,5649.0
2566,เมษายน,นนทบุรี,ปากเกร็ด,อบต.คลองข่อย,5114.0
2566,เมษายน,นนทบุรี,ปากเกร็ด,อบต.คลองพระอุดม,3024.0
2566,เมษายน,นนทบุรี,ปากเกร็ด,อบต.ท่าอิฐ,7167.0
2566,เมษายน,นนทบุรี,ปากเกร็ด,อบต.บางตะไนย์,1312.0
2566,เมษายน,นนทบุรี,ปากเกร็ด,อบต.อ้อมเกร็ด,3263.0
2566,เมษายน,นนทบุรี,เมืองนนทบุรี,เทศบาลนครนนทบุรี,155545.0
2566,เมษายน,นนทบุรี,เมืองนนทบุรี,เทศบาลเมืองไทรม้า,9115.0
2566,เมษายน,นนทบุรี,เมืองนนทบุรี,เทศบาลเมืองบางกร่าง,13094.0
2566,เมษายน,นนทบุรี,เมืองนนทบุรี,เทศบาลเมืองบางศรีเมือง,13655.0
2566,เมษายน,นนทบุรี,เมืองนนทบุรี,อบต.บางไผ่,5484.0
2566,เมษายน,นนทบุรี,เมืองนนทบุรี,อบต.บางรักน้อย,12070.0
2566,พฤษภาคม,นนทบุรี,ไทรน้อย,เทศบาลตำบลไทรน้อย,198.181
2566,พฤษภาคม,นนทบุรี,ไทรน้อย,อบต.ขุนศรี,137.964
2566,พฤษภาคม,นนทบุรี,ไทรน้อย,อบต.คลองขวาง,167.0
2566,พฤษภาคม,นนทบุรี,ไทรน้อย,อบต.ทวีวัฒนา,209.418
2566,พฤษภาคม,นนทบุรี,ไทรน้อย,อบต.ไทรน้อย,726.86
2566,พฤษภาคม,นนทบุรี,ไทรน้อย,อบต.ไทรใหญ่,194.549
2566,พฤษภาคม,นนทบุรี,ไทรน้อย,อบต.ราษฎร์นิยม,32.684
2566,พฤษภาคม,นนทบุรี,ไทรน้อย,อบต.หนองเพรางาย,340.154
2566,พฤษภาคม,นนทบุรี,บางกรวย,เทศบาลเมืองบางกรวย,1590.53
2566,พฤษภาคม,นนทบุรี,บางกรวย,เทศบาลตำบลบางสีทอง,878.213
2566,พฤษภาคม,นนทบุรี,บางกรวย,เทศบาลตำบลปลายบาง,2138.99
2566,พฤษภาคม,นนทบุรี,บางกรวย,เทศบาลตำบลศาลากลาง,692.55
2566,พฤษภาคม,นนทบุรี,บางกรวย,อบต.บางขนุน,453.76
2566,พฤษภาคม,นนทบุรี,บางกรวย,อบต.บางขุนกอง,362.428
2566,พฤษภาคม,นนทบุรี,บางกรวย,อบต.มหาสวัสดิ์,273.987
2566,พฤษภาคม,นนทบุรี,บางบัวทอง,เทศบาลนครบางบัวทอง,1980.77
2566,พฤษภาคม,นนทบุรี,บางบัวทอง,เทศบาลเมืองบางคูรัด,1440.72
2566,พฤษภาคม,นนทบุรี,บางบัวทอง,เทศบาลเมืองบางรักพัฒนา,1509.9
2566,พฤษภาคม,นนทบุรี,บางบัวทอง,เทศบาลเมืองพิมลราช,1294.5
2566,พฤษภาคม,นนทบุรี,บางบัวทอง,เทศบาลเมืองใหม่บางบัวทอง,1396.6
2566,พฤษภาคม,นนทบุรี,บางบัวทอง,อบต.บางรักใหญ่,218.3
2566,พฤษภาคม,นนทบุรี,บางบัวทอง,อบต.ละหาร,1323.54
2566,พฤษภาคม,นนทบุรี,บางบัวทอง,อบต.ลำโพ,610.635
2566,พฤษภาคม,นนทบุรี,บางใหญ่,เทศบาลเมืองบางแม่นาง,1406.5
2566,พฤษภาคม,นนทบุรี,บางใหญ่,เทศบาลเมืองเสาธงหิน,2455.65
2566,พฤษภาคม,นนทบุรี,บางใหญ่,เทศบาลตำบลบางม่วง,202.653
2566,พฤษภาคม,นนทบุรี,บางใหญ่,เทศบาลตำบลบางเลน,725.0
2566,พฤษภาคม,นนทบุรี,บางใหญ่,เทศบาลตำบลบางใหญ่,503.7
2566,พฤษภาคม,นนทบุรี,บางใหญ่,อบต.บางใหญ่,418.997
2566,พฤษภาคม,นนทบุรี,บางใหญ่,อบต.บ้านใหม่,297.955
2566,พฤษภาคม,นนทบุรี,ปากเกร็ด,เทศบาลนครปากเกร็ด,11108.02
2566,พฤษภาคม,นนทบุรี,ปากเกร็ด,เทศบาลตำบลบางพลับ,470.35
2566,พฤษภาคม,นนทบุรี,ปากเกร็ด,อบต.เกาะเกร็ด,178.621
2566,พฤษภาคม,นนทบุรี,ปากเกร็ด,อบต.คลองข่อย,436.0
2566,พฤษภาคม,นนทบุรี,ปากเกร็ด,อบต.คลองพระอุดม,377.55
2566,พฤษภาคม,นนทบุรี,ปากเกร็ด,อบต.ท่าอิฐ,619.545
2566,พฤษภาคม,นนทบุรี,ปากเกร็ด,อบต.บางตะไนย์,206.226
2566,พฤษภาคม,นนทบุรี,ปากเกร็ด,อบต.อ้อมเกร็ด,394.52
2566,พฤษภาคม,นนทบุรี,เมืองนนทบุรี,เทศบาลนครนนทบุรี,14418.94
2566,พฤษภาคม,นนทบุรี,เมืองนนทบุรี,เทศบาลเมืองไทรม้า,790.515
2566,พฤษภาคม,นนทบุรี,เมืองนนทบุรี,เทศบาลเมืองบางกร่าง,824.74
2566,พฤษภาคม,นนทบุรี,เมืองนนทบุรี,เทศบาลเมืองบางศรีเมือง,1229.85
2566,พฤษภาคม,นนทบุรี,เมืองนนทบุรี,อบต.บางไผ่,496.615
2566,พฤษภาคม,นนทบุรี,เมืองนนทบุรี,อบต.บางรักน้อย,806.405
2566,มิถุนายน,นนทบุรี,ไทรน้อย,เทศบาลตำบลไทรน้อย,178.816
2566,มิถุนายน,นนทบุรี,ไทรน้อย,อบต.ขุนศรี,128.068
2566,มิถุนายน,นนทบุรี,ไทรน้อย,อบต.คลองขวาง,153.365
2566,มิถุนายน,นนทบุรี,ไทรน้อย,อบต.ทวีวัฒนา,227.78
2566,มิถุนายน,นนทบุรี,ไทรน้อย,อบต.ไทรน้อย,726.86
2566,มิถุนายน,นนทบุรี,ไทรน้อย,อบต.ไทรใหญ่,182.34
2566,มิถุนายน,นนทบุรี,ไทรน้อย,อบต.ราษฎร์นิยม,210.07
2566,มิถุนายน,นนทบุรี,ไทรน้อย,อบต.หนองเพรางาย,340.154
2566,มิถุนายน,นนทบุรี,บางกรวย,เทศบาลเมืองบางกรวย,1539.22
2566,มิถุนายน,นนทบุรี,บางกรวย,เทศบาลตำบลบางสีทอง,659.449
2566,มิถุนายน,นนทบุรี,บางกรวย,เทศบาลตำบลปลายบาง,2143.85
2566,มิถุนายน,นนทบุรี,บางกรวย,เทศบาลตำบลศาลากลาง,647.7
2566,มิถุนายน,นนทบุรี,บางกรวย,อบต.บางขนุน,437.011
2566,มิถุนายน,นนทบุรี,บางกรวย,อบต.บางขุนกอง,351.38
2566,มิถุนายน,นนทบุรี,บางกรวย,อบต.มหาสวัสดิ์,260.306
2566,มิถุนายน,นนทบุรี,บางบัวทอง,เทศบาลนครบางบัวทอง,1950.7
2566,มิถุนายน,นนทบุรี,บางบัวทอง,เทศบาลเมืองบางคูรัด,1394.25
2566,มิถุนายน,นนทบุรี,บางบัวทอง,เทศบาลเมืองบางรักพัฒนา,1378.58
2566,มิถุนายน,นนทบุรี,บางบัวทอง,เทศบาลเมืองพิมลราช,1123.08
2566,มิถุนายน,นนทบุรี,บางบัวทอง,เทศบาลเมืองใหม่บางบัวทอง,1818.05
2566,มิถุนายน,นนทบุรี,บางบัวทอง,อบต.บางรักใหญ่,183.6
2566,มิถุนายน,นนทบุรี,บางบัวทอง,อบต.ละหาร,1179.4
2566,มิถุนายน,นนทบุรี,บางบัวทอง,อบต.ลำโพ,587.25
2566,มิถุนายน,นนทบุรี,บางใหญ่,เทศบาลเมืองบางแม่นาง,1547.98
2566,มิถุนายน,นนทบุรี,บางใหญ่,เทศบาลเมืองเสาธงหิน,2298.09
2566,มิถุนายน,นนทบุรี,บางใหญ่,เทศบาลตำบลบางม่วง,196.636
2566,มิถุนายน,นนทบุรี,บางใหญ่,เทศบาลตำบลบางเลน,675.165
2566,มิถุนายน,นนทบุรี,บางใหญ่,เทศบาลตำบลบางใหญ่,468.34
2566,มิถุนายน,นนทบุรี,บางใหญ่,อบต.บางใหญ่,405.481
2566,มิถุนายน,นนทบุรี,บางใหญ่,อบต.บ้านใหม่,269.19
2566,มิถุนายน,นนทบุรี,ปากเกร็ด,เทศบาลนครปากเกร็ด,10745.73
2566,มิถุนายน,นนทบุรี,ปากเกร็ด,เทศบาลตำบลบางพลับ,437.82
2566,มิถุนายน,นนทบุรี,ปากเกร็ด,อบต.เกาะเกร็ด,157.5
2566,มิถุนายน,นนทบุรี,ปากเกร็ด,อบต.คลองข่อย,435.0
2566,มิถุนายน,นนทบุรี,ปากเกร็ด,อบต.คลองพระอุดม,290.53
2566,มิถุนายน,นนทบุรี,ปากเกร็ด,อบต.ท่าอิฐ,540.98
2566,มิถุนายน,นนทบุรี,ปากเกร็ด,อบต.บางตะไนย์,199.573
2566,มิถุนายน,นนทบุรี,ปากเกร็ด,อบต.อ้อมเกร็ด,364.234
2566,มิถุนายน,นนทบุรี,เมืองนนทบุรี,เทศบาลนครนนทบุรี,13814.96
2566,มิถุนายน,นนทบุรี,เมืองนนทบุรี,เทศบาลเมืองไทรม้า,772.835
2566,มิถุนายน,นนทบุรี,เมืองนนทบุรี,เทศบาลเมืองบางกร่าง,774.52
2566,มิถุนายน,นนทบุรี,เมืองนนทบุรี,เทศบาลเมืองบางศรีเมือง,1188.23
2566,มิถุนายน,นนทบุรี,เมืองนนทบุรี,อบต.บางไผ่,459.19
2566,มิถุนายน,นนทบุรี,เมืองนนทบุรี,อบต.บางรักน้อย,747.2
2566,กรกฎาคม,นนทบุรี,ไทรน้อย,เทศบาลตำบลไทรน้อย,172.24
2566,กรกฎาคม,นนทบุรี,ไทรน้อย,อบต.ขุนศรี,123.206
2566,กรกฎาคม,นนทบุรี,ไทรน้อย,อบต.คลองขวาง,145.775
2566,กรกฎาคม,นนทบุรี,ไทรน้อย,อบต.ทวีวัฒนา,218845.0
2566,กรกฎาคม,นนทบุรี,ไทรน้อย,อบต.ไทรน้อย,689.155
2566,กรกฎาคม,นนทบุรี,ไทรน้อย,อบต.ไทรใหญ่,168.41
2566,กรกฎาคม,นนทบุรี,ไทรน้อย,อบต.ราษฎร์นิยม,208.16
2566,กรกฎาคม,นนทบุรี,ไทรน้อย,อบต.หนองเพรางาย,340.154
2566,กรกฎาคม,นนทบุรี,บางกรวย,เทศบาลเมืองบางกรวย,1590.53
2566,กรกฎาคม,นนทบุรี,บางกรวย,เทศบาลตำบลบางสีทอง,679.281
2566,กรกฎาคม,นนทบุรี,บางกรวย,เทศบาลตำบลปลายบาง,4114.89
2566,กรกฎาคม,นนทบุรี,บางกรวย,เทศบาลตำบลศาลากลาง,706.897
2566,กรกฎาคม,นนทบุรี,บางกรวย,อบต.บางขนุน,432.915
2566,กรกฎาคม,นนทบุรี,บางกรวย,อบต.บางขุนกอง,362.65
2566,กรกฎาคม,นนทบุรี,บางกรวย,อบต.มหาสวัสดิ์,238.271
2566,กรกฎาคม,นนทบุรี,บางบัวทอง,เทศบาลนครบางบัวทอง,2053.81
2566,กรกฎาคม,นนทบุรี,บางบัวทอง,เทศบาลเมืองบางคูรัด,1440.72
2566,กรกฎาคม,นนทบุรี,บางบัวทอง,เทศบาลเมืองบางรักพัฒนา,1336.71
2566,กรกฎาคม,นนทบุรี,บางบัวทอง,เทศบาลเมืองพิมลราช,1115.82
2566,กรกฎาคม,นนทบุรี,บางบัวทอง,เทศบาลเมืองใหม่บางบัวทอง,1458.59
2566,กรกฎาคม,นนทบุรี,บางบัวทอง,อบต.บางรักใหญ่,189.72
2566,กรกฎาคม,นนทบุรี,บางบัวทอง,อบต.ละหาร,1119.6
2566,กรกฎาคม,นนทบุรี,บางบัวทอง,อบต.ลำโพ,583.93
2566,กรกฎาคม,นนทบุรี,บางใหญ่,เทศบาลเมืองบางแม่นาง,818.68
2566,กรกฎาคม,นนทบุรี,บางใหญ่,เทศบาลเมืองเสาธงหิน,2317.4
2566,กรกฎาคม,นนทบุรี,บางใหญ่,เทศบาลตำบลบางม่วง,203.19
2566,กรกฎาคม,นนทบุรี,บางใหญ่,เทศบาลตำบลบางเลน,687.0
2566,กรกฎาคม,นนทบุรี,บางใหญ่,เทศบาลตำบลบางใหญ่,452.195
2566,กรกฎาคม,นนทบุรี,บางใหญ่,อบต.บางใหญ่,418.997
2566,กรกฎาคม,นนทบุรี,บางใหญ่,อบต.บ้านใหม่,230.0
2566,กรกฎาคม,นนทบุรี,ปากเกร็ด,เทศบาลนครปากเกร็ด,11103.68
2566,กรกฎาคม,นนทบุรี,ปากเกร็ด,เทศบาลตำบลบางพลับ,404.12
2566,กรกฎาคม,นนทบุรี,ปากเกร็ด,อบต.เกาะเกร็ด,178.621
2566,กรกฎาคม,นนทบุรี,ปากเกร็ด,อบต.คลองข่อย,437.37
2566,กรกฎาคม,นนทบุรี,ปากเกร็ด,อบต.คลองพระอุดม,253.76
2566,กรกฎาคม,นนทบุรี,ปากเกร็ด,อบต.ท่าอิฐ,549.98
2566,กรกฎาคม,นนทบุรี,ปากเกร็ด,อบต.บางตะไนย์,194.115
2566,กรกฎาคม,นนทบุรี,ปากเกร็ด,อบต.อ้อมเกร็ด,352.33
2566,กรกฎาคม,นนทบุรี,เมืองนนทบุรี,เทศบาลนครนนทบุรี,14275.45
2566,กรกฎาคม,นนทบุรี,เมืองนนทบุรี,เทศบาลเมืองไทรม้า,785.41
2566,กรกฎาคม,นนทบุรี,เมืองนนทบุรี,เทศบาลเมืองบางกร่าง,763.285
2566,กรกฎาคม,นนทบุรี,เมืองนนทบุรี,เทศบาลเมืองบางศรีเมือง,1156.22
2566,กรกฎาคม,นนทบุรี,เมืองนนทบุรี,อบต.บางไผ่,493.34
2566,กรกฎาคม,นนทบุรี,เมืองนนทบุรี,อบต.บางรักน้อย,723265.0
2566,สิงหาคม,นนทบุรี,ไทรน้อย,เทศบาลตำบลไทรน้อย,175.56
2566,สิงหาคม,นนทบุรี,ไทรน้อย,อบต.ขุนศรี,132.375
2566,สิงหาคม,นนทบุรี,ไทรน้อย,อบต.คลองขวาง,198.479
2566,สิงหาคม,นนทบุรี,ไทรน้อย,อบต.ทวีวัฒนา,210.16
2566,สิงหาคม,นนทบุรี,ไทรน้อย,อบต.ไทรน้อย,736.95
2566,สิงหาคม,นนทบุรี,ไทรน้อย,อบต.ไทรใหญ่,188.22
2566,สิงหาคม,นนทบุรี,ไทรน้อย,อบต.ราษฎร์นิยม,218.165
2566,สิงหาคม,นนทบุรี,ไทรน้อย,อบต.หนองเพรางาย,400.0
2566,สิงหาคม,นนทบุรี,บางกรวย,เทศบาลเมืองบางกรวย,1590.53
2566,สิงหาคม,นนทบุรี,บางกรวย,เทศบาลตำบลบางสีทอง,454.09
2566,สิงหาคม,นนทบุรี,บางกรวย,เทศบาลตำบลปลายบาง,4709.52
2566,สิงหาคม,นนทบุรี,บางกรวย,เทศบาลตำบลศาลากลาง,647.7
2566,สิงหาคม,นนทบุรี,บางกรวย,อบต.บางขนุน,454.266
2566,สิงหาคม,นนทบุรี,บางกรวย,อบต.บางขุนกอง,362.998
2566,สิงหาคม,นนทบุรี,บางกรวย,อบต.มหาสวัสดิ์,166.29
2566,สิงหาคม,นนทบุรี,บางบัวทอง,เทศบาลนครบางบัวทอง,2011.49
2566,สิงหาคม,นนทบุรี,บางบัวทอง,เทศบาลเมืองบางคูรัด,1440.72
2566,สิงหาคม,นนทบุรี,บางบัวทอง,เทศบาลเมืองบางรักพัฒนา,1621.83
2566,สิงหาคม,นนทบุรี,บางบัวทอง,เทศบาลเมืองพิมลราช,1270.48
2566,สิงหาคม,นนทบุรี,บางบัวทอง,เทศบาลเมืองใหม่บางบัวทอง,1446.3
2566,สิงหาคม,นนทบุรี,บางบัวทอง,อบต.บางรักใหญ่,189.72
2566,สิงหาคม,นนทบุรี,บางบัวทอง,อบต.ละหาร,1224.72
2566,สิงหาคม,นนทบุรี,บางบัวทอง,อบต.ลำโพ,619.03
2566,สิงหาคม,นนทบุรี,บางใหญ่,เทศบาลเมืองบางแม่นาง,1599.58
2566,สิงหาคม,นนทบุรี,บางใหญ่,เทศบาลเมืองเสาธงหิน,2432.37
2566,สิงหาคม,นนทบุรี,บางใหญ่,เทศบาลตำบลบางม่วง,204.328
2566,สิงหาคม,นนทบุรี,บางใหญ่,เทศบาลตำบลบางเลน,715.0
2566,สิงหาคม,นนทบุรี,บางใหญ่,เทศบาลตำบลบางใหญ่,494.975
2566,สิงหาคม,นนทบุรี,บางใหญ่,อบต.บางใหญ่,418.997
2566,สิงหาคม,นนทบุรี,บางใหญ่,อบต.บ้านใหม่,270.975
2566,สิงหาคม,นนทบุรี,ปากเกร็ด,เทศบาลนครปากเกร็ด,11099.58
2566,สิงหาคม,นนทบุรี,ปากเกร็ด,เทศบาลตำบลบางพลับ,451.15
2566,สิงหาคม,นนทบุรี,ปากเกร็ด,อบต.เกาะเกร็ด,178.621
2566,สิงหาคม,นนทบุรี,ปากเกร็ด,อบต.คลองข่อย,498.475
2566,สิงหาคม,นนทบุรี,ปากเกร็ด,อบต.คลองพระอุดม,300.0
2566,สิงหาคม,นนทบุรี,ปากเกร็ด,อบต.ท่าอิฐ,607.17
2566,สิงหาคม,นนทบุรี,ปากเกร็ด,อบต.บางตะไนย์,95.095
2566,สิงหาคม,นนทบุรี,ปากเกร็ด,อบต.อ้อมเกร็ด,373.59
2566,สิงหาคม,นนทบุรี,เมืองนนทบุรี,เทศบาลนครนนทบุรี,14275.45
2566,สิงหาคม,นนทบุรี,เมืองนนทบุรี,เทศบาลเมืองไทรม้า,789.39
2566,สิงหาคม,นนทบุรี,เมืองนนทบุรี,เทศบาลเมืองบางกร่าง,825.775
2566,สิงหาคม,นนทบุรี,เมืองนนทบุรี,เทศบาลเมืองบางศรีเมือง,1185.27
2566,สิงหาคม,นนทบุรี,เมืองนนทบุรี,อบต.บางไผ่,523.385
2566,สิงหาคม,นนทบุรี,เมืองนนทบุรี,อบต.บางรักน้อย,763.235
2566,กันยายน,นนทบุรี,ไทรน้อย,เทศบาลตำบลไทรน้อย,168.34
2566,กันยายน,นนทบุรี,ไทรน้อย,อบต.ขุนศรี,131.109
2566,กันยายน,นนทบุรี,ไทรน้อย,อบต.คลองขวาง,192.076
2566,กันยายน,นนทบุรี,ไทรน้อย,อบต.ทวีวัฒนา,218.84
2566,กันยายน,นนทบุรี,ไทรน้อย,อบต.ไทรน้อย,736.95
2566,กันยายน,นนทบุรี,ไทรน้อย,อบต.ไทรใหญ่,175.176
2566,กันยายน,นนทบุรี,ไทรน้อย,อบต.ราษฎร์นิยม,210.88
2566,กันยายน,นนทบุรี,ไทรน้อย,อบต.หนองเพรางาย,340.145
2566,กันยายน,นนทบุรี,บางกรวย,เทศบาลเมืองบางกรวย,1539.22
2566,กันยายน,นนทบุรี,บางกรวย,เทศบาลตำบลบางสีทอง,443.49
2566,กันยายน,นนทบุรี,บางกรวย,เทศบาลตำบลปลายบาง,4582.98
2566,กันยายน,นนทบุรี,บางกรวย,เทศบาลตำบลศาลากลาง,684.094
2566,กันยายน,นนทบุรี,บางกรวย,อบต.บางขนุน,428.087
2566,กันยายน,นนทบุรี,บางกรวย,อบต.บางขุนกอง,351.288
2566,กันยายน,นนทบุรี,บางกรวย,อบต.มหาสวัสดิ์,159.85
2566,กันยายน,นนทบุรี,บางบัวทอง,เทศบาลนครบางบัวทอง,1846.95
2566,กันยายน,นนทบุรี,บางบัวทอง,เทศบาลเมืองบางคูรัด,1394.25
2566,กันยายน,นนทบุรี,บางบัวทอง,เทศบาลเมืองบางรักพัฒนา,1569.51
2566,กันยายน,นนทบุรี,บางบัวทอง,เทศบาลเมืองพิมลราช,1160.78
2566,กันยายน,นนทบุรี,บางบัวทอง,เทศบาลเมืองใหม่บางบัวทอง,1458.59
2566,กันยายน,นนทบุรี,บางบัวทอง,อบต.บางรักใหญ่,210.45
2566,กันยายน,นนทบุรี,บางบัวทอง,อบต.ละหาร,1165.61
2566,กันยายน,นนทบุรี,บางบัวทอง,อบต.ลำโพ,611.605
2566,กันยายน,นนทบุรี,บางใหญ่,เทศบาลเมืองบางแม่นาง,836.635
2566,กันยายน,นนทบุรี,บางใหญ่,เทศบาลเมืองเสาธงหิน,3207.32
2566,กันยายน,นนทบุรี,บางใหญ่,เทศบาลตำบลบางม่วง,198.319
2566,กันยายน,นนทบุรี,บางใหญ่,เทศบาลตำบลบางเลน,660.0
2566,กันยายน,นนทบุรี,บางใหญ่,เทศบาลตำบลบางใหญ่,453.785
2566,กันยายน,นนทบุรี,บางใหญ่,อบต.บางใหญ่,423.994
2566,กันยายน,นนทบุรี,บางใหญ่,อบต.บ้านใหม่,250.75
2566,กันยายน,นนทบุรี,ปากเกร็ด,เทศบาลนครปากเกร็ด,10740.57
2566,กันยายน,นนทบุรี,ปากเกร็ด,เทศบาลตำบลบางพลับ,437.58
2566,กันยายน,นนทบุรี,ปากเกร็ด,อบต.เกาะเกร็ด,172.859
2566,กันยายน,นนทบุรี,ปากเกร็ด,อบต.คลองข่อย,466360.0
2566,กันยายน,นนทบุรี,ปากเกร็ด,อบต.คลองพระอุดม,270.245
2566,กันยายน,นนทบุรี,ปากเกร็ด,อบต.ท่าอิฐ,538.86
2566,กันยายน,นนทบุรี,ปากเกร็ด,อบต.บางตะไนย์,187.853
2566,กันยายน,นนทบุรี,ปากเกร็ด,อบต.อ้อมเกร็ด,352.312
2566,กันยายน,นนทบุรี,เมืองนนทบุรี,เทศบาลนครนนทบุรี,13810.93
2566,กันยายน,นนทบุรี,เมืองนนทบุรี,เทศบาลเมืองไทรม้า,795.145
2566,กันยายน,นนทบุรี,เมืองนนทบุรี,เทศบาลเมืองบางกร่าง,783.585
2566,กันยายน,นนทบุรี,เมืองนนทบุรี,เทศบาลเมืองบางศรีเมือง,1157.57
2566,กันยายน,นนทบุรี,เมืองนนทบุรี,อบต.บางไผ่,457.17
2566,กันยายน,นนทบุรี,เมืองนนทบุรี,อบต.บางรักน้อย,716650.0
2566,ตุลาคม,นนทบุรี,ไทรน้อย,เทศบาลตำบลไทรน้อย,156.62
2566,ตุลาคม,นนทบุรี,ไทรน้อย,อบต.ขุนศรี,116.755
2566,ตุลาคม,นนทบุรี,ไทรน้อย,อบต.คลองขวาง,149.925
2566,ตุลาคม,นนทบุรี,ไทรน้อย,อบต.ทวีวัฒนา,195.31
2566,ตุลาคม,นนทบุรี,ไทรน้อย,อบต.ไทรน้อย,693990.0
2566,ตุลาคม,นนทบุรี,ไทรน้อย,อบต.ไทรใหญ่,175.485
2566,ตุลาคม,นนทบุรี,ไทรน้อย,อบต.ราษฎร์นิยม,205.605
2566,ตุลาคม,นนทบุรี,ไทรน้อย,อบต.หนองเพรางาย,350.0
2566,ตุลาคม,นนทบุรี,บางกรวย,เทศบาลเมืองบางกรวย,1590.53
2566,ตุลาคม,นนทบุรี,บางกรวย,เทศบาลตำบลบางสีทอง,416.14
2566,ตุลาคม,นนทบุรี,บางกรวย,เทศบาลตำบลปลายบาง,2125.37
2566,ตุลาคม,นนทบุรี,บางกรวย,เทศบาลตำบลศาลากลาง,710.217
2566,ตุลาคม,นนทบุรี,บางกรวย,อบต.บางขนุน,414.22
2566,ตุลาคม,นนทบุรี,บางกรวย,อบต.บางขุนกอง,361.164
2566,ตุลาคม,นนทบุรี,บางกรวย,อบต.มหาสวัสดิ์,233.695
2566,ตุลาคม,นนทบุรี,บางบัวทอง,เทศบาลนครบางบัวทอง,2036.32
2566,ตุลาคม,นนทบุรี,บางบัวทอง,เทศบาลเมืองบางคูรัด,1440.72
2566,ตุลาคม,นนทบุรี,บางบัวทอง,เทศบาลเมืองบางรักพัฒนา,1364.86
2566,ตุลาคม,นนทบุรี,บางบัวทอง,เทศบาลเมืองพิมลราช,1781.89
2566,ตุลาคม,นนทบุรี,บางบัวทอง,เทศบาลเมืองใหม่บางบัวทอง,199635.0
2566,ตุลาคม,นนทบุรี,บางบัวทอง,อบต.บางรักใหญ่,189.752
2566,ตุลาคม,นนทบุรี,บางบัวทอง,อบต.ละหาร,1060.79
2566,ตุลาคม,นนทบุรี,บางบัวทอง,อบต.ลำโพ,579.485
2566,ตุลาคม,นนทบุรี,บางใหญ่,เทศบาลเมืองบางแม่นาง,15479.98
2566,ตุลาคม,นนทบุรี,บางใหญ่,เทศบาลเมืองเสาธงหิน,2330.11
2566,ตุลาคม,นนทบุรี,บางใหญ่,เทศบาลตำบลบางม่วง,199.427
2566,ตุลาคม,นนทบุรี,บางใหญ่,เทศบาลตำบลบางเลน,610.0
2566,ตุลาคม,นนทบุรี,บางใหญ่,เทศบาลตำบลบางใหญ่,440.205
2566,ตุลาคม,นนทบุรี,บางใหญ่,อบต.บางใหญ่,418.997
2566,ตุลาคม,นนทบุรี,บางใหญ่,อบต.บ้านใหม่,247.915
2566,ตุลาคม,นนทบุรี,ปากเกร็ด,เทศบาลนครปากเกร็ด,11125.71
2566,ตุลาคม,นนทบุรี,ปากเกร็ด,เทศบาลตำบลบางพลับ,384.0
2566,ตุลาคม,นนทบุรี,ปากเกร็ด,อบต.เกาะเกร็ด,182.416
2566,ตุลาคม,นนทบุรี,ปากเกร็ด,อบต.คลองข่อย,434700.0
2566,ตุลาคม,นนทบุรี,ปากเกร็ด,อบต.คลองพระอุดม,250.0
2566,ตุลาคม,นนทบุรี,ปากเกร็ด,อบต.ท่าอิฐ,539.321
2566,ตุลาคม,นนทบุรี,ปากเกร็ด,อบต.บางตะไนย์,206.226
2566,ตุลาคม,นนทบุรี,ปากเกร็ด,อบต.อ้อมเกร็ด,273.228
2566,ตุลาคม,นนทบุรี,เมืองนนทบุรี,เทศบาลนครนนทบุรี,14418.94
2566,ตุลาคม,นนทบุรี,เมืองนนทบุรี,เทศบาลเมืองไทรม้า,795165.0
2566,ตุลาคม,นนทบุรี,เมืองนนทบุรี,เทศบาลเมืองบางกร่าง,784.36
2566,ตุลาคม,นนทบุรี,เมืองนนทบุรี,เทศบาลเมืองบางศรีเมือง,1195.26
2566,ตุลาคม,นนทบุรี,เมืองนนทบุรี,อบต.บางไผ่,427.695
2566,ตุลาคม,นนทบุรี,เมืองนนทบุรี,อบต.บางรักน้อย,639435.0
2566,พฤศจิกายน,นนทบุรี,ไทรน้อย,เทศบาลตำบลไทรน้อย,164.44
2566,พฤศจิกายน,นนทบุรี,ไทรน้อย,อบต.ขุนศรี,101.685
2566,พฤศจิกายน,นนทบุรี,ไทรน้อย,อบต.คลองขวาง,192.076
2566,พฤศจิกายน,นนทบุรี,ไทรน้อย,อบต.ทวีวัฒนา,194.725
2566,พฤศจิกายน,นนทบุรี,ไทรน้อย,อบต.ไทรน้อย,772690.0
2566,พฤศจิกายน,นนทบุรี,ไทรน้อย,อบต.ไทรใหญ่,168.665
2566,พฤศจิกายน,นนทบุรี,ไทรน้อย,อบต.ราษฎร์นิยม,196.455
2566,พฤศจิกายน,นนทบุรี,ไทรน้อย,อบต.หนองเพรางาย,332.407
2566,พฤศจิกายน,นนทบุรี,บางกรวย,เทศบาลเมืองบางกรวย,1539.22
2566,พฤศจิกายน,นนทบุรี,บางกรวย,เทศบาลตำบลบางสีทอง,682.705
2566,พฤศจิกายน,นนทบุรี,บางกรวย,เทศบาลตำบลปลายบาง,2127.53
2566,พฤศจิกายน,นนทบุรี,บางกรวย,เทศบาลตำบลศาลากลาง,573.33
2566,พฤศจิกายน,นนทบุรี,บางกรวย,อบต.บางขนุน,609.223
2566,พฤศจิกายน,นนทบุรี,บางกรวย,อบต.บางขุนกอง,350.951
2566,พฤศจิกายน,นนทบุรี,บางกรวย,อบต.มหาสวัสดิ์,233.057
2566,พฤศจิกายน,นนทบุรี,บางบัวทอง,เทศบาลนครบางบัวทอง,2022.55
2566,พฤศจิกายน,นนทบุรี,บางบัวทอง,เทศบาลเมืองบางคูรัด,1394.25
2566,พฤศจิกายน,นนทบุรี,บางบัวทอง,เทศบาลเมืองบางรักพัฒนา,1356.85
2566,พฤศจิกายน,นนทบุรี,บางบัวทอง,เทศบาลเมืองพิมลราช,1186.89
2566,พฤศจิกายน,นนทบุรี,บางบัวทอง,เทศบาลเมืองใหม่บางบัวทอง,1600.0
2566,พฤศจิกายน,นนทบุรี,บางบัวทอง,อบต.บางรักใหญ่,183.631
2566,พฤศจิกายน,นนทบุรี,บางบัวทอง,อบต.ละหาร,1082.71
2566,พฤศจิกายน,นนทบุรี,บางบัวทอง,อบต.ลำโพ,553.74
2566,พฤศจิกายน,นนทบุรี,บางใหญ่,เทศบาลเมืองบางแม่นาง,1305.42
2566,พฤศจิกายน,นนทบุรี,บางใหญ่,เทศบาลเมืองเสาธงหิน,2262.29
2566,พฤศจิกายน,นนทบุรี,บางใหญ่,เทศบาลตำบลบางม่วง,192.994
2566,พฤศจิกายน,นนทบุรี,บางใหญ่,เทศบาลตำบลบางเลน,632.0
2566,พฤศจิกายน,นนทบุรี,บางใหญ่,เทศบาลตำบลบางใหญ่,444.825
2566,พฤศจิกายน,นนทบุรี,บางใหญ่,อบต.บางใหญ่,405.481
2566,พฤศจิกายน,นนทบุรี,บางใหญ่,อบต.บ้านใหม่,251.7
2566,พฤศจิกายน,นนทบุรี,ปากเกร็ด,เทศบาลนครปากเกร็ด,10764.16
2566,พฤศจิกายน,นนทบุรี,ปากเกร็ด,เทศบาลตำบลบางพลับ,408.97
2566,พฤศจิกายน,นนทบุรี,ปากเกร็ด,อบต.เกาะเกร็ด,176.531
2566,พฤศจิกายน,นนทบุรี,ปากเกร็ด,อบต.คลองข่อย,444645.0
2566,พฤศจิกายน,นนทบุรี,ปากเกร็ด,อบต.คลองพระอุดม,270.0
2566,พฤศจิกายน,นนทบุรี,ปากเกร็ด,อบต.ท่าอิฐ,540.185
2566,พฤศจิกายน,นนทบุรี,ปากเกร็ด,อบต.บางตะไนย์,199.573
2566,พฤศจิกายน,นนทบุรี,ปากเกร็ด,อบต.อ้อมเกร็ด,280.907
2566,พฤศจิกายน,นนทบุรี,เมืองนนทบุรี,เทศบาลนครนนทบุรี,13953.81
2566,พฤศจิกายน,นนทบุรี,เมืองนนทบุรี,เทศบาลเมืองไทรม้า,733.46
2566,พฤศจิกายน,นนทบุรี,เมืองนนทบุรี,เทศบาลเมืองบางกร่าง,746080.0
2566,พฤศจิกายน,นนทบุรี,เมืองนนทบุรี,เทศบาลเมืองบางศรีเมือง,1134.99
2566,พฤศจิกายน,นนทบุรี,เมืองนนทบุรี,อบต.บางไผ่,440.805
2566,พฤศจิกายน,นนทบุรี,เมืองนนทบุรี,อบต.บางรักน้อย,657825.0
2566,ธันวาคม,นนทบุรี,ไทรน้อย,เทศบาลตำบลไทรน้อย,150.255
2566,ธันวาคม,นนทบุรี,ไทรน้อย,อบต.ขุนศรี,97.04
2566,ธันวาคม,นนทบุรี,ไทรน้อย,อบต.คลองขวาง,147.25
2566,ธันวาคม,นนทบุรี,ไทรน้อย,อบต.ทวีวัฒนา,210.16
2566,ธันวาคม,นนทบุรี,ไทรน้อย,อบต.ไทรน้อย,687210.0
2566,ธันวาคม,นนทบุรี,ไทรน้อย,อบต.ไทรใหญ่,162.845
2566,ธันวาคม,นนทบุรี,ไทรน้อย,อบต.ราษฎร์นิยม,178.85
2566,ธันวาคม,นนทบุรี,ไทรน้อย,อบต.หนองเพรางาย,340.154
2566,ธันวาคม,นนทบุรี,บางกรวย,เทศบาลเมืองบางกรวย,1590.53
2566,ธันวาคม,นนทบุรี,บางกรวย,เทศบาลตำบลบางสีทอง,660.63
2566,ธันวาคม,นนทบุรี,บางกรวย,เทศบาลตำบลปลายบาง,2130.08
2566,ธันวาคม,นนทบุรี,บางกรวย,เทศบาลตำบลศาลากลาง,710.217
2566,ธันวาคม,นนทบุรี,บางกรวย,อบต.บางขนุน,619.223
2566,ธันวาคม,นนทบุรี,บางกรวย,อบต.บางขุนกอง,361.164
2566,ธันวาคม,นนทบุรี,บางกรวย,อบต.มหาสวัสดิ์,228.981
2566,ธันวาคม,นนทบุรี,บางบัวทอง,เทศบาลนครบางบัวทอง,1988.77
2566,ธันวาคม,นนทบุรี,บางบัวทอง,เทศบาลเมืองบางคูรัด,1440.72
2566,ธันวาคม,นนทบุรี,บางบัวทอง,เทศบาลเมืองบางรักพัฒนา,1329.91
2566,ธันวาคม,นนทบุรี,บางบัวทอง,เทศบาลเมืองพิมลราช,1126.31
2566,ธันวาคม,นนทบุรี,บางบัวทอง,เทศบาลเมืองใหม่บางบัวทอง,1398.79
2566,ธันวาคม,นนทบุรี,บางบัวทอง,อบต.บางรักใหญ่,189.752
2566,ธันวาคม,นนทบุรี,บางบัวทอง,อบต.ละหาร,1083.26
2566,ธันวาคม,นนทบุรี,บางบัวทอง,อบต.ลำโพ,565.34
2566,ธันวาคม,นนทบุรี,บางใหญ่,เทศบาลเมืองบางแม่นาง,0.0
2566,ธันวาคม,นนทบุรี,บางใหญ่,เทศบาลเมืองเสาธงหิน,2268.83
2566,ธันวาคม,นนทบุรี,บางใหญ่,เทศบาลตำบลบางม่วง,200.186
2566,ธันวาคม,นนทบุรี,บางใหญ่,เทศบาลตำบลบางเลน,625.0
2566,ธันวาคม,นนทบุรี,บางใหญ่,เทศบาลตำบลบางใหญ่,450.315
2566,ธันวาคม,นนทบุรี,บางใหญ่,อบต.บางใหญ่,418.997
2566,ธันวาคม,นนทบุรี,บางใหญ่,อบต.บ้านใหม่,233.185
2566,ธันวาคม,นนทบุรี,ปากเกร็ด,เทศบาลนครปากเกร็ด,10879.52
2566,ธันวาคม,นนทบุรี,ปากเกร็ด,เทศบาลตำบลบางพลับ,423.61
2566,ธันวาคม,นนทบุรี,ปากเกร็ด,อบต.เกาะเกร็ด,1.0
2566,ธันวาคม,นนทบุรี,ปากเกร็ด,อบต.คลองข่อย,400.0
2566,ธันวาคม,นนทบุรี,ปากเกร็ด,อบต.คลองพระอุดม,276.55
2566,ธันวาคม,นนทบุรี,ปากเกร็ด,อบต.ท่าอิฐ,584.051
2566,ธันวาคม,นนทบุรี,ปากเกร็ด,อบต.บางตะไนย์,105.065
2566,ธันวาคม,นนทบุรี,ปากเกร็ด,อบต.อ้อมเกร็ด,312.976
2566,ธันวาคม,นนทบุรี,เมืองนนทบุรี,เทศบาลนครนนทบุรี,14418.94
2566,ธันวาคม,นนทบุรี,เมืองนนทบุรี,เทศบาลเมืองไทรม้า,795.165
2566,ธันวาคม,นนทบุรี,เมืองนนทบุรี,เทศบาลเมืองบางกร่าง,743480.0
2566,ธันวาคม,นนทบุรี,เมืองนนทบุรี,เทศบาลเมืองบางศรีเมือง,1184.29
2566,ธันวาคม,นนทบุรี,เมืองนนทบุรี,อบต.บางไผ่,422.605
2566,ธันวาคม,นนทบุรี,เมืองนนทบุรี,อบต.บางรักน้อย,670.485
2567,มกราคม,นนทบุรี,ไทรน้อย,เทศบาลตำบลไทรน้อย,170.785
2567,มกราคม,นนทบุรี,ไทรน้อย,อบต.ขุนศรี,128.635
2567,มกราคม,นนทบุรี,ไทรน้อย,อบต.คลองขวาง,145.58
2567,มกราคม,นนทบุรี,ไทรน้อย,อบต.ทวีวัฒนา,219.33
2567,มกราคม,นนทบุรี,ไทรน้อย,อบต.ไทรน้อย,703.475
2567,มกราคม,นนทบุรี,ไทรน้อย,อบต.ไทรใหญ่,155.44
2567,มกราคม,นนทบุรี,ไทรน้อย,อบต.ราษฎร์นิยม,259.635
2567,มกราคม,นนทบุรี,ไทรน้อย,อบต.หนองเพรางาย,350.0
2567,มกราคม,นนทบุรี,บางกรวย,เทศบาลเมืองบางกรวย,1590.53
2567,มกราคม,นนทบุรี,บางกรวย,เทศบาลตำบลบางสีทอง,420.44
2567,มกราคม,นนทบุรี,บางกรวย,เทศบาลตำบลปลายบาง,4545.61
2567,มกราคม,นนทบุรี,บางกรวย,เทศบาลตำบลศาลากลาง,747.54
2567,มกราคม,นนทบุรี,บางกรวย,อบต.บางขนุน,416.422
2567,มกราคม,นนทบุรี,บางกรวย,อบต.บางขุนกอง,363.504
2567,มกราคม,นนทบุรี,บางกรวย,อบต.มหาสวัสดิ์,260.379
2567,มกราคม,นนทบุรี,บางบัวทอง,เทศบาลนครบางบัวทอง,1893.62
2567,มกราคม,นนทบุรี,บางบัวทอง,เทศบาลเมืองบางคูรัด,1462.79
2567,มกราคม,นนทบุรี,บางบัวทอง,เทศบาลเมืองบางรักพัฒนา,1189.92
2567,มกราคม,นนทบุรี,บางบัวทอง,เทศบาลเมืองพิมลราช,1792.05
2567,มกราคม,นนทบุรี,บางบัวทอง,เทศบาลเมืองใหม่บางบัวทอง,1396.57
2567,มกราคม,นนทบุรี,บางบัวทอง,อบต.บางรักใหญ่,189.72
2567,มกราคม,นนทบุรี,บางบัวทอง,อบต.ละหาร,1262.84
2567,มกราคม,นนทบุรี,บางบัวทอง,อบต.ลำโพ,600.685
2567,มกราคม,นนทบุรี,บางใหญ่,เทศบาลเมืองบางแม่นาง,1599.58
2567,มกราคม,นนทบุรี,บางใหญ่,เทศบาลเมืองเสาธงหิน,2447.82
2567,มกราคม,นนทบุรี,บางใหญ่,เทศบาลตำบลบางม่วง,206.763
2567,มกราคม,นนทบุรี,บางใหญ่,เทศบาลตำบลบางเลน,724.65
2567,มกราคม,นนทบุรี,บางใหญ่,เทศบาลตำบลบางใหญ่,486.365
2567,มกราคม,นนทบุรี,บางใหญ่,อบต.บางใหญ่,438.127
2567,มกราคม,นนทบุรี,บางใหญ่,อบต.บ้านใหม่,265.482
2567,มกราคม,นนทบุรี,ปากเกร็ด,เทศบาลนครปากเกร็ด,10977.6
2567,มกราคม,นนทบุรี,ปากเกร็ด,เทศบาลตำบลบางพลับ,480.0
2567,มกราคม,นนทบุรี,ปากเกร็ด,อบต.เกาะเกร็ด,178.621
2567,มกราคม,นนทบุรี,ปากเกร็ด,อบต.คลองข่อย,461.535
2567,มกราคม,นนทบุรี,ปากเกร็ด,อบต.คลองพระอุดม,320.0
2567,มกราคม,นนทบุรี,ปากเกร็ด,อบต.ท่าอิฐ,630.32
2567,มกราคม,นนทบุรี,ปากเกร็ด,อบต.บางตะไนย์,104.505
2567,มกราคม,นนทบุรี,ปากเกร็ด,อบต.อ้อมเกร็ด,342.825
2567,มกราคม,นนทบุรี,เมืองนนทบุรี,เทศบาลนครนนทบุรี,10043.94
2567,มกราคม,นนทบุรี,เมืองนนทบุรี,เทศบาลเมืองไทรม้า,732.995
2567,มกราคม,นนทบุรี,เมืองนนทบุรี,เทศบาลเมืองบางกร่าง,795.045
2567,มกราคม,นนทบุรี,เมืองนนทบุรี,เทศบาลเมืองบางศรีเมือง,1149.33
2567,มกราคม,นนทบุรี,เมืองนนทบุรี,อบต.บางไผ่,498.855
2567,มกราคม,นนทบุรี,เมืองนนทบุรี,อบต.บางรักน้อย,638.33
2567,กุมภาพันธ์,นนทบุรี,ไทรน้อย,เทศบาลตำบลไทรน้อย,172.67
2567,กุมภาพันธ์,นนทบุรี,ไทรน้อย,อบต.ขุนศรี,130.713
2567,กุมภาพันธ์,นนทบุรี,ไทรน้อย,อบต.คลองขวาง,263.67
2567,กุมภาพันธ์,นนทบุรี,ไทรน้อย,อบต.ทวีวัฒนา,221.605
2567,กุมภาพันธ์,นนทบุรี,ไทรน้อย,อบต.ไทรน้อย,728.045
2567,กุมภาพันธ์,นนทบุรี,ไทรน้อย,อบต.ไทรใหญ่,143.175
2567,กุมภาพันธ์,นนทบุรี,ไทรน้อย,อบต.ราษฎร์นิยม,260.211
2567,กุมภาพันธ์,นนทบุรี,ไทรน้อย,อบต.หนองเพรางาย,350.0
2567,กุมภาพันธ์,นนทบุรี,บางกรวย,เทศบาลเมืองบางกรวย,1487.91
2567,กุมภาพันธ์,นนทบุรี,บางกรวย,เทศบาลตำบลบางสีทอง,407.745
2567,กุมภาพันธ์,นนทบุรี,บางกรวย,เทศบาลตำบลปลายบาง,353.526
2567,กุมภาพันธ์,นนทบุรี,บางกรวย,เทศบาลตำบลศาลากลาง,643.03
2567,กุมภาพันธ์,นนทบุรี,บางกรวย,อบต.บางขนุน,393.907
2567,กุมภาพันธ์,นนทบุรี,บางกรวย,อบต.บางขุนกอง,339.253
2567,กุมภาพันธ์,นนทบุรี,บางกรวย,อบต.มหาสวัสดิ์,165.413
2567,กุมภาพันธ์,นนทบุรี,บางบัวทอง,เทศบาลนครบางบัวทอง,1794.12
2567,กุมภาพันธ์,นนทบุรี,บางบัวทอง,เทศบาลเมืองบางคูรัด,1368.42
2567,กุมภาพันธ์,นนทบุรี,บางบัวทอง,เทศบาลเมืองบางรักพัฒนา,1147.1
2567,กุมภาพันธ์,นนทบุรี,บางบัวทอง,เทศบาลเมืองพิมลราช,1313.69
2567,กุมภาพันธ์,นนทบุรี,บางบัวทอง,เทศบาลเมืองใหม่บางบัวทอง,1600.0
2567,กุมภาพันธ์,นนทบุรี,บางบัวทอง,อบต.บางรักใหญ่,177.48
2567,กุมภาพันธ์,นนทบุรี,บางบัวทอง,อบต.ละหาร,1189.58
2567,กุมภาพันธ์,นนทบุรี,บางบัวทอง,อบต.ลำโพ,575.255
2567,กุมภาพันธ์,นนทบุรี,บางใหญ่,เทศบาลเมืองบางแม่นาง,1599.58
2567,กุมภาพันธ์,นนทบุรี,บางใหญ่,เทศบาลเมืองเสาธงหิน,1955.66
2567,กุมภาพันธ์,นนทบุรี,บางใหญ่,เทศบาลตำบลบางม่วง,193.749
2567,กุมภาพันธ์,นนทบุรี,บางใหญ่,เทศบาลตำบลบางเลน,683.85
2567,กุมภาพันธ์,นนทบุรี,บางใหญ่,เทศบาลตำบลบางใหญ่,473.355
2567,กุมภาพันธ์,นนทบุรี,บางใหญ่,อบต.บางใหญ่,409.86
2567,กุมภาพันธ์,นนทบุรี,บางใหญ่,อบต.บ้านใหม่,248.354
2567,กุมภาพันธ์,นนทบุรี,ปากเกร็ด,เทศบาลนครปากเกร็ด,10375.48
2567,กุมภาพันธ์,นนทบุรี,ปากเกร็ด,เทศบาลตำบลบางพลับ,470.0
2567,กุมภาพันธ์,นนทบุรี,ปากเกร็ด,อบต.เกาะเกร็ด,167.097
2567,กุมภาพันธ์,นนทบุรี,ปากเกร็ด,อบต.คลองข่อย,454.065
2567,กุมภาพันธ์,นนทบุรี,ปากเกร็ด,อบต.คลองพระอุดม,290.0
2567,กุมภาพันธ์,นนทบุรี,ปากเกร็ด,อบต.ท่าอิฐ,585.6
2567,กุมภาพันธ์,นนทบุรี,ปากเกร็ด,อบต.บางตะไนย์,182.183
2567,กุมภาพันธ์,นนทบุรี,ปากเกร็ด,อบต.อ้อมเกร็ด,320.052
2567,กุมภาพันธ์,นนทบุรี,เมืองนนทบุรี,เทศบาลนครนนทบุรี,10295.6
2567,กุมภาพันธ์,นนทบุรี,เมืองนนทบุรี,เทศบาลเมืองไทรม้า,745.67
2567,กุมภาพันธ์,นนทบุรี,เมืองนนทบุรี,เทศบาลเมืองบางกร่าง,735.575
2567,กุมภาพันธ์,นนทบุรี,เมืองนนทบุรี,เทศบาลเมืองบางศรีเมือง,1104.02
2567,กุมภาพันธ์,นนทบุรี,เมืองนนทบุรี,อบต.บางไผ่,474.155
2567,กุมภาพันธ์,นนทบุรี,เมืองนนทบุรี,อบต.บางรักน้อย,742.03
2567,มีนาคม,นนทบุรี,ไทรน้อย,เทศบาลตำบลไทรน้อย,163.375
2567,มีนาคม,นนทบุรี,ไทรน้อย,อบต.ขุนศรี,123.737
2567,มีนาคม,นนทบุรี,ไทรน้อย,อบต.คลองขวาง,146.93
2567,มีนาคม,นนทบุรี,ไทรน้อย,อบต.ทวีวัฒนา,235.295
2567,มีนาคม,นนทบุรี,ไทรน้อย,อบต.ไทรน้อย,728.045
2567,มีนาคม,นนทบุรี,ไทรน้อย,อบต.ไทรใหญ่,150.86
2567,มีนาคม,นนทบุรี,ไทรน้อย,อบต.ราษฎร์นิยม,122.243
2567,มีนาคม,นนทบุรี,ไทรน้อย,อบต.หนองเพรางาย,420.0
2567,มีนาคม,นนทบุรี,บางกรวย,เทศบาลเมืองบางกรวย,1590.53
2567,มีนาคม,นนทบุรี,บางกรวย,เทศบาลตำบลบางสีทอง,416.54
2567,มีนาคม,นนทบุรี,บางกรวย,เทศบาลตำบลปลายบาง,363.015
2567,มีนาคม,นนทบุรี,บางกรวย,เทศบาลตำบลศาลากลาง,651.46
2567,มีนาคม,นนทบุรี,บางกรวย,อบต.บางขนุน,408.77
2567,มีนาคม,นนทบุรี,บางกรวย,อบต.บางขุนกอง,362.65
2567,มีนาคม,นนทบุรี,บางกรวย,อบต.มหาสวัสดิ์,169.728
2567,มีนาคม,นนทบุรี,บางบัวทอง,เทศบาลนครบางบัวทอง,1835.2
2567,มีนาคม,นนทบุรี,บางบัวทอง,เทศบาลเมืองบางคูรัด,1462.79
2567,มีนาคม,นนทบุรี,บางบัวทอง,เทศบาลเมืองบางรักพัฒนา,1197.47
2567,มีนาคม,นนทบุรี,บางบัวทอง,เทศบาลเมืองพิมลราช,1302.27
2567,มีนาคม,นนทบุรี,บางบัวทอง,เทศบาลเมืองใหม่บางบัวทอง,1800.0
2567,มีนาคม,นนทบุรี,บางบัวทอง,อบต.บางรักใหญ่,189.72
2567,มีนาคม,นนทบุรี,บางบัวทอง,อบต.ละหาร,1180.13
2567,มีนาคม,นนทบุรี,บางบัวทอง,อบต.ลำโพ,602.815
2567,มีนาคม,นนทบุรี,บางใหญ่,เทศบาลเมืองบางแม่นาง,1599.58
2567,มีนาคม,นนทบุรี,บางใหญ่,เทศบาลเมืองเสาธงหิน,2410.02
2567,มีนาคม,นนทบุรี,บางใหญ่,เทศบาลตำบลบางม่วง,207.111
2567,มีนาคม,นนทบุรี,บางใหญ่,เทศบาลตำบลบางเลน,722.44
2567,มีนาคม,นนทบุรี,บางใหญ่,เทศบาลตำบลบางใหญ่,456.005
2567,มีนาคม,นนทบุรี,บางใหญ่,อบต.บางใหญ่,438.127
2567,มีนาคม,นนทบุรี,บางใหญ่,อบต.บ้านใหม่,265.482
2567,มีนาคม,นนทบุรี,ปากเกร็ด,เทศบาลนครปากเกร็ด,11088.22
2567,มีนาคม,นนทบุรี,ปากเกร็ด,เทศบาลตำบลบางพลับ,480.0
2567,มีนาคม,นนทบุรี,ปากเกร็ด,อบต.เกาะเกร็ด,178.621
2567,มีนาคม,นนทบุรี,ปากเกร็ด,อบต.คลองข่อย,455.035
2567,มีนาคม,นนทบุรี,ปากเกร็ด,อบต.คลองพระอุดม,255.0
2567,มีนาคม,นนทบุรี,ปากเกร็ด,อบต.ท่าอิฐ,599.08
2567,มีนาคม,นนทบุรี,ปากเกร็ด,อบต.บางตะไนย์,103.225
2567,มีนาคม,นนทบุรี,ปากเกร็ด,อบต.อ้อมเกร็ด,325.495
2567,มีนาคม,นนทบุรี,เมืองนนทบุรี,เทศบาลนครนนทบุรี,10173.16
2567,มีนาคม,นนทบุรี,เมืองนนทบุรี,เทศบาลเมืองไทรม้า,792.955
2567,มีนาคม,นนทบุรี,เมืองนนทบุรี,เทศบาลเมืองบางกร่าง,786.06
2567,มีนาคม,นนทบุรี,เมืองนนทบุรี,เทศบาลเมืองบางศรีเมือง,1127.19
2567,มีนาคม,นนทบุรี,เมืองนนทบุรี,อบต.บางไผ่,470.82
2567,มีนาคม,นนทบุรี,เมืองนนทบุรี,อบต.บางรักน้อย,707.845
2567,เมษายน,นนทบุรี,ไทรน้อย,เทศบาลตำบลไทรน้อย,158.905
2567,เมษายน,นนทบุรี,ไทรน้อย,อบต.ขุนศรี,126.69
2567,เมษายน,นนทบุรี,ไทรน้อย,อบต.คลองขวาง,169.6
2567,เมษายน,นนทบุรี,ไทรน้อย,อบต.ทวีวัฒนา,224.75
2567,เมษายน,นนทบุรี,ไทรน้อย,อบต.ไทรน้อย,728.045
2567,เมษายน,นนทบุรี,ไทรน้อย,อบต.ไทรใหญ่,152.885
2567,เมษายน,นนทบุรี,ไทรน้อย,อบต.ราษฎร์นิยม,252.144
2567,เมษายน,นนทบุรี,ไทรน้อย,อบต.หนองเพรางาย,420.0
2567,เมษายน,นนทบุรี,บางกรวย,เทศบาลเมืองบางกรวย,1539.22
2567,เมษายน,นนทบุรี,บางกรวย,เทศบาลตำบลบางสีทอง,420.21
2567,เมษายน,นนทบุรี,บางกรวย,เทศบาลตำบลปลายบาง,378.556
2567,เมษายน,นนทบุรี,บางกรวย,เทศบาลตำบลศาลากลาง,329.81
2567,เมษายน,นนทบุรี,บางกรวย,อบต.บางขนุน,403.18
2567,เมษายน,นนทบุรี,บางกรวย,อบต.บางขุนกอง,351.686
2567,เมษายน,นนทบุรี,บางกรวย,อบต.มหาสวัสดิ์,180.945
2567,เมษายน,นนทบุรี,บางบัวทอง,เทศบาลนครบางบัวทอง,1756.72
2567,เมษายน,นนทบุรี,บางบัวทอง,เทศบาลเมืองบางคูรัด,1415.6
2567,เมษายน,นนทบุรี,บางบัวทอง,เทศบาลเมืองบางรักพัฒนา,1206.59
2567,เมษายน,นนทบุรี,บางบัวทอง,เทศบาลเมืองพิมลราช,1376.87
2567,เมษายน,นนทบุรี,บางบัวทอง,เทศบาลเมืองใหม่บางบัวทอง,1681.0
2567,เมษายน,นนทบุรี,บางบัวทอง,อบต.บางรักใหญ่,183.6
2567,เมษายน,นนทบุรี,บางบัวทอง,อบต.ละหาร,1213.54
2567,เมษายน,นนทบุรี,บางบัวทอง,อบต.ลำโพ,575.635
2567,เมษายน,นนทบุรี,บางใหญ่,เทศบาลเมืองบางแม่นาง,1582.5
2567,เมษายน,นนทบุรี,บางใหญ่,เทศบาลเมืองเสาธงหิน,1906.15
2567,เมษายน,นนทบุรี,บางใหญ่,เทศบาลตำบลบางม่วง,201.011
2567,เมษายน,นนทบุรี,บางใหญ่,เทศบาลตำบลบางเลน,712.185
2567,เมษายน,นนทบุรี,บางใหญ่,เทศบาลตำบลบางใหญ่,482.865
2567,เมษายน,นนทบุรี,บางใหญ่,อบต.บางใหญ่,423.994
2567,เมษายน,นนทบุรี,บางใหญ่,อบต.บ้านใหม่,256.918
2567,เมษายน,นนทบุรี,ปากเกร็ด,เทศบาลนครปากเกร็ด,10729.45
2567,เมษายน,นนทบุรี,ปากเกร็ด,เทศบาลตำบลบางพลับ,470.0
2567,เมษายน,นนทบุรี,ปากเกร็ด,อบต.เกาะเกร็ด,172.859
2567,เมษายน,นนทบุรี,ปากเกร็ด,อบต.คลองข่อย,464.175
2567,เมษายน,นนทบุรี,ปากเกร็ด,อบต.คลองพระอุดม,258.0
2567,เมษายน,นนทบุรี,ปากเกร็ด,อบต.ท่าอิฐ,611.02
2567,เมษายน,นนทบุรี,ปากเกร็ด,อบต.บางตะไนย์,188.465
2567,เมษายน,นนทบุรี,ปากเกร็ด,อบต.อ้อมเกร็ด,321.417
2567,เมษายน,นนทบุรี,เมืองนนทบุรี,เทศบาลนครนนทบุรี,9682.74
2567,เมษายน,นนทบุรี,เมืองนนทบุรี,เทศบาลเมืองไทรม้า,739.165
2567,เมษายน,นนทบุรี,เมืองนนทบุรี,เทศบาลเมืองบางกร่าง,751.715
2567,เมษายน,นนทบุรี,เมืองนนทบุรี,เทศบาลเมืองบางศรีเมือง,1114.93
2567,เมษายน,นนทบุรี,เมืองนนทบุรี,อบต.บางไผ่,485.36
2567,เมษายน,นนทบุรี,เมืองนนทบุรี,อบต.บางรักน้อย,707.845
2567,พฤษภาคม,นนทบุรี,ไทรน้อย,เทศบาลตำบลไทรน้อย,163.725
2567,พฤษภาคม,นนทบุรี,ไทรน้อย,อบต.ขุนศรี,139.047
2567,พฤษภาคม,นนทบุรี,ไทรน้อย,อบต.คลองขวาง,171.585
2567,พฤษภาคม,นนทบุรี,ไทรน้อย,อบต.ทวีวัฒนา,222.065
2567,พฤษภาคม,นนทบุรี,ไทรน้อย,อบต.ไทรน้อย,747.025
2567,พฤษภาคม,นนทบุรี,ไทรน้อย,อบต.ไทรใหญ่,167.635
2567,พฤษภาคม,นนทบุรี,ไทรน้อย,อบต.ราษฎร์นิยม,250.622
2567,พฤษภาคม,นนทบุรี,ไทรน้อย,อบต.หนองเพรางาย,350.0
2567,พฤษภาคม,นนทบุรี,บางกรวย,เทศบาลเมืองบางกรวย,1590.53
2567,พฤษภาคม,นนทบุรี,บางกรวย,เทศบาลตำบลบางสีทอง,462.205
2567,พฤษภาคม,นนทบุรี,บางกรวย,เทศบาลตำบลศาลากลาง,493.82
2567,พฤษภาคม,นนทบุรี,บางกรวย,อบต.บางขนุน,435.4
2567,พฤษภาคม,นนทบุรี,บางกรวย,อบต.บางขุนกอง,363.44
2567,พฤษภาคม,นนทบุรี,บางกรวย,อบต.มหาสวัสดิ์,165.073
2567,พฤษภาคม,นนทบุรี,บางบัวทอง,เทศบาลนครบางบัวทอง,1908.01
2567,พฤษภาคม,นนทบุรี,บางบัวทอง,เทศบาลเมืองบางคูรัด,1462.79
2567,พฤษภาคม,นนทบุรี,บางบัวทอง,เทศบาลเมืองบางรักพัฒนา,1279.08
2567,พฤษภาคม,นนทบุรี,บางบัวทอง,เทศบาลเมืองพิมลราช,1336.3
2567,พฤษภาคม,นนทบุรี,บางบัวทอง,เทศบาลเมืองใหม่บางบัวทอง,1487.52
2567,พฤษภาคม,นนทบุรี,บางบัวทอง,อบต.บางรักใหญ่,189.72
2567,พฤษภาคม,นนทบุรี,บางบัวทอง,อบต.ละหาร,1242.29
2567,พฤษภาคม,นนทบุรี,บางใหญ่,เทศบาลเมืองบางแม่นาง,1582.5
2567,พฤษภาคม,นนทบุรี,บางใหญ่,เทศบาลเมืองเสาธงหิน,2028.54
2567,พฤษภาคม,นนทบุรี,บางใหญ่,เทศบาลตำบลบางม่วง,207.617
2567,พฤษภาคม,นนทบุรี,บางใหญ่,เทศบาลตำบลบางเลน,630.085
2567,พฤษภาคม,นนทบุรี,บางใหญ่,เทศบาลตำบลบางใหญ่,503.28
2567,พฤษภาคม,นนทบุรี,บางใหญ่,อบต.บางใหญ่,438.127
2567,พฤษภาคม,นนทบุรี,บางใหญ่,อบต.บ้านใหม่,265.482
2567,พฤษภาคม,นนทบุรี,ปากเกร็ด,เทศบาลนครปากเกร็ด,11083.35
2567,พฤษภาคม,นนทบุรี,ปากเกร็ด,เทศบาลตำบลบางพลับ,470.0
2567,พฤษภาคม,นนทบุรี,ปากเกร็ด,อบต.เกาะเกร็ด,178.621
2567,พฤษภาคม,นนทบุรี,ปากเกร็ด,อบต.คลองข่อย,492.965
2567,พฤษภาคม,นนทบุรี,ปากเกร็ด,อบต.คลองพระอุดม,278.0
2567,พฤษภาคม,นนทบุรี,ปากเกร็ด,อบต.ท่าอิฐ,576.8
2567,พฤษภาคม,นนทบุรี,ปากเกร็ด,อบต.บางตะไนย์,194.748
2567,พฤษภาคม,นนทบุรี,ปากเกร็ด,อบต.อ้อมเกร็ด,350.921
2567,พฤษภาคม,นนทบุรี,เมืองนนทบุรี,เทศบาลนครนนทบุรี,10203.28
2567,พฤษภาคม,นนทบุรี,เมืองนนทบุรี,เทศบาลเมืองไทรม้า,851.28
2567,พฤษภาคม,นนทบุรี,เมืองนนทบุรี,เทศบาลเมืองบางศรีเมือง,1180.41
2567,พฤษภาคม,นนทบุรี,เมืองนนทบุรี,อบต.บางไผ่,489.395
2567,พฤษภาคม,นนทบุรี,เมืองนนทบุรี,อบต.บางรักน้อย,723.434
2567,มิถุนายน,นนทบุรี,ไทรน้อย,เทศบาลตำบลไทรน้อย,144.65
2567,มิถุนายน,นนทบุรี,ไทรน้อย,อบต.ขุนศรี,119.917
2567,มิถุนายน,นนทบุรี,ไทรน้อย,อบต.คลองขวาง,143.7
2567,มิถุนายน,นนทบุรี,ไทรน้อย,อบต.ทวีวัฒนา,190.82
2567,มิถุนายน,นนทบุรี,ไทรน้อย,อบต.ไทรน้อย,651.36
2567,มิถุนายน,นนทบุรี,ไทรน้อย,อบต.ไทรใหญ่,136.76
2567,มิถุนายน,นนทบุรี,ไทรน้อย,อบต.ราษฎร์นิยม,290.443
2567,มิถุนายน,นนทบุรี,ไทรน้อย,อบต.หนองเพรางาย,340.0
2567,มิถุนายน,นนทบุรี,บางกรวย,เทศบาลเมืองบางกรวย,1539.22
2567,มิถุนายน,นนทบุรี,บางกรวย,เทศบาลตำบลบางสีทอง,380.72
2567,มิถุนายน,นนทบุรี,บางกรวย,เทศบาลตำบลศาลากลาง,563.63
2567,มิถุนายน,นนทบุรี,บางกรวย,อบต.บางขนุน,390.64
2567,มิถุนายน,นนทบุรี,บางกรวย,อบต.บางขุนกอง,351.288
2567,มิถุนายน,นนทบุรี,บางกรวย,อบต.มหาสวัสดิ์,145.647
2567,มิถุนายน,นนทบุรี,บางบัวทอง,เทศบาลนครบางบัวทอง,1826.79
2567,มิถุนายน,นนทบุรี,บางบัวทอง,เทศบาลเมืองบางคูรัด,1415.6
2567,มิถุนายน,นนทบุรี,บางบัวทอง,เทศบาลเมืองบางรักพัฒนา,1131.78
2567,มิถุนายน,นนทบุรี,บางบัวทอง,เทศบาลเมืองพิมลราช,1129.83
2567,มิถุนายน,นนทบุรี,บางบัวทอง,เทศบาลเมืองใหม่บางบัวทอง,1399.09
2567,มิถุนายน,นนทบุรี,บางบัวทอง,อบต.บางรักใหญ่,183.6
2567,มิถุนายน,นนทบุรี,บางบัวทอง,อบต.ละหาร,1026.0
2567,มิถุนายน,นนทบุรี,บางใหญ่,เทศบาลเมืองบางแม่นาง,678.355
2567,มิถุนายน,นนทบุรี,บางใหญ่,เทศบาลเมืองเสาธงหิน,2251.36
2567,มิถุนายน,นนทบุรี,บางใหญ่,เทศบาลตำบลบางม่วง,201.654
2567,มิถุนายน,นนทบุรี,บางใหญ่,เทศบาลตำบลบางเลน,616.825
2567,มิถุนายน,นนทบุรี,บางใหญ่,เทศบาลตำบลบางใหญ่,441.96
2567,มิถุนายน,นนทบุรี,บางใหญ่,อบต.บางใหญ่,423.994
2567,มิถุนายน,นนทบุรี,บางใหญ่,อบต.บ้านใหม่,256.918
2567,มิถุนายน,นนทบุรี,ปากเกร็ด,เทศบาลนครปากเกร็ด,10724.41
2567,มิถุนายน,นนทบุรี,ปากเกร็ด,เทศบาลตำบลบางพลับ,450.0
2567,มิถุนายน,นนทบุรี,ปากเกร็ด,อบต.เกาะเกร็ด,172.859
2567,มิถุนายน,นนทบุรี,ปากเกร็ด,อบต.คลองข่อย,411.93
2567,มิถุนายน,นนทบุรี,ปากเกร็ด,อบต.คลองพระอุดม,229.0
2567,มิถุนายน,นนทบุรี,ปากเกร็ด,อบต.ท่าอิฐ,458.8
2567,มิถุนายน,นนทบุรี,ปากเกร็ด,อบต.บางตะไนย์,188.465
2567,มิถุนายน,นนทบุรี,ปากเกร็ด,อบต.อ้อมเกร็ด,307.29
2567,มิถุนายน,นนทบุรี,เมืองนนทบุรี,เทศบาลนครนนทบุรี,9179.94
2567,มิถุนายน,นนทบุรี,เมืองนนทบุรี,เทศบาลเมืองไทรม้า,794.71
2567,มิถุนายน,นนทบุรี,เมืองนนทบุรี,เทศบาลเมืองบางศรีเมือง,1143.78
2567,มิถุนายน,นนทบุรี,เมืองนนทบุรี,อบต.บางไผ่,409.545
2567,มิถุนายน,นนทบุรี,เมืองนนทบุรี,อบต.บางรักน้อย,609.79
2567,กรกฎาคม,นนทบุรี,ไทรน้อย,เทศบาลตำบลไทรน้อย,163.225
2567,กรกฎาคม,นนทบุรี,ไทรน้อย,อบต.ขุนศรี,132.884
2567,กรกฎาคม,นนทบุรี,ไทรน้อย,อบต.คลองขวาง,163.39
2567,กรกฎาคม,นนทบุรี,ไทรน้อย,อบต.ทวีวัฒนา,220.255
2567,กรกฎาคม,นนทบุรี,ไทรน้อย,อบต.ไทรน้อย,754.15
2567,กรกฎาคม,นนทบุรี,ไทรน้อย,อบต.ไทรใหญ่,159.6
2567,กรกฎาคม,นนทบุรี,ไทรน้อย,อบต.ราษฎร์นิยม,211.61
2567,กรกฎาคม,นนทบุรี,ไทรน้อย,อบต.หนองเพรางาย,350.0
2567,กรกฎาคม,นนทบุรี,บางกรวย,เทศบาลเมืองบางกรวย,1590.53
2567,กรกฎาคม,นนทบุรี,บางกรวย,เทศบาลตำบลบางสีทอง,451.195
2567,กรกฎาคม,นนทบุรี,บางกรวย,เทศบาลตำบลศาลากลาง,595.36
2567,กรกฎาคม,นนทบุรี,บางกรวย,อบต.บางขนุน,433.44
2567,กรกฎาคม,นนทบุรี,บางกรวย,อบต.บางขุนกอง,362.65
2567,กรกฎาคม,นนทบุรี,บางกรวย,อบต.มหาสวัสดิ์,169.755
2567,กรกฎาคม,นนทบุรี,บางบัวทอง,เทศบาลนครบางบัวทอง,1974.5
2567,กรกฎาคม,นนทบุรี,บางบัวทอง,เทศบาลเมืองบางคูรัด,1462.79
2567,กรกฎาคม,นนทบุรี,บางบัวทอง,เทศบาลเมืองบางรักพัฒนา,1276.16
2567,กรกฎาคม,นนทบุรี,บางบัวทอง,เทศบาลเมืองพิมลราช,1335.4
2567,กรกฎาคม,นนทบุรี,บางบัวทอง,เทศบาลเมืองใหม่บางบัวทอง,1599.41
2567,กรกฎาคม,นนทบุรี,บางบัวทอง,อบต.บางรักใหญ่,189.72
2567,กรกฎาคม,นนทบุรี,บางบัวทอง,อบต.ละหาร,1232.14
2567,กรกฎาคม,นนทบุรี,บางใหญ่,เทศบาลเมืองบางแม่นาง,980.213
2567,กรกฎาคม,นนทบุรี,บางใหญ่,เทศบาลเมืองเสาธงหิน,2434.73
2567,กรกฎาคม,นนทบุรี,บางใหญ่,เทศบาลตำบลบางม่วง,208.407
2567,กรกฎาคม,นนทบุรี,บางใหญ่,เทศบาลตำบลบางเลน,663.7
2567,กรกฎาคม,นนทบุรี,บางใหญ่,เทศบาลตำบลบางใหญ่,548.29
2567,กรกฎาคม,นนทบุรี,บางใหญ่,อบต.บางใหญ่,438.127
2567,กรกฎาคม,นนทบุรี,บางใหญ่,อบต.บ้านใหม่,265.482
2567,กรกฎาคม,นนทบุรี,ปากเกร็ด,เทศบาลนครปากเกร็ด,11083.35
2567,กรกฎาคม,นนทบุรี,ปากเกร็ด,เทศบาลตำบลบางพลับ,450.0
2567,กรกฎาคม,นนทบุรี,ปากเกร็ด,อบต.เกาะเกร็ด,178.621
2567,กรกฎาคม,นนทบุรี,ปากเกร็ด,อบต.คลองข่อย,522.08
2567,กรกฎาคม,นนทบุรี,ปากเกร็ด,อบต.คลองพระอุดม,272.0
2567,กรกฎาคม,นนทบุรี,ปากเกร็ด,อบต.ท่าอิฐ,624.66
2567,กรกฎาคม,นนทบุรี,ปากเกร็ด,อบต.บางตะไนย์,194.748
2567,กรกฎาคม,นนทบุรี,ปากเกร็ด,อบต.อ้อมเกร็ด,338.618
2567,กรกฎาคม,นนทบุรี,เมืองนนทบุรี,เทศบาลนครนนทบุรี,10197.61
2567,กรกฎาคม,นนทบุรี,เมืองนนทบุรี,เทศบาลเมืองไทรม้า,817.875
2567,กรกฎาคม,นนทบุรี,เมืองนนทบุรี,เทศบาลเมืองบางศรีเมือง,1181.8
2567,กรกฎาคม,นนทบุรี,เมืองนนทบุรี,อบต.บางไผ่,487.755
2567,กรกฎาคม,นนทบุรี,เมืองนนทบุรี,อบต.บางรักน้อย,705.5
2567,สิงหาคม,นนทบุรี,ไทรน้อย,เทศบาลตำบลไทรน้อย,166.45
2567,สิงหาคม,นนทบุรี,ไทรน้อย,อบต.ขุนศรี,137.545
2567,สิงหาคม,นนทบุรี,ไทรน้อย,อบต.คลองขวาง,157.425
2567,สิงหาคม,นนทบุรี,ไทรน้อย,อบต.ทวีวัฒนา,195.68
2567,สิงหาคม,นนทบุรี,ไทรน้อย,อบต.ไทรน้อย,694.515
2567,สิงหาคม,นนทบุรี,ไทรน้อย,อบต.ไทรใหญ่,168.25
2567,สิงหาคม,นนทบุรี,ไทรน้อย,อบต.ราษฎร์นิยม,203.93
2567,สิงหาคม,นนทบุรี,ไทรน้อย,อบต.หนองเพรางาย,350.0
2567,สิงหาคม,นนทบุรี,บางกรวย,เทศบาลเมืองบางกรวย,1590.53
2567,สิงหาคม,นนทบุรี,บางกรวย,เทศบาลตำบลบางสีทอง,426.12
2567,สิงหาคม,นนทบุรี,บางกรวย,เทศบาลตำบลศาลากลาง,653.13
2567,สิงหาคม,นนทบุรี,บางกรวย,อบต.บางขนุน,424.98
2567,สิงหาคม,นนทบุรี,บางกรวย,อบต.บางขุนกอง,363.693
2567,สิงหาคม,นนทบุรี,บางกรวย,อบต.มหาสวัสดิ์,157.88
2567,สิงหาคม,นนทบุรี,บางบัวทอง,เทศบาลนครบางบัวทอง,1993.17
2567,สิงหาคม,นนทบุรี,บางบัวทอง,เทศบาลเมืองบางคูรัด,1462.79
2567,สิงหาคม,นนทบุรี,บางบัวทอง,เทศบาลเมืองบางรักพัฒนา,1283.15
2567,สิงหาคม,นนทบุรี,บางบัวทอง,เทศบาลเมืองพิมลราช,1283.15
2567,สิงหาคม,นนทบุรี,บางบัวทอง,เทศบาลเมืองใหม่บางบัวทอง,1225.0
2567,สิงหาคม,นนทบุรี,บางบัวทอง,อบต.บางรักใหญ่,189.72
2567,สิงหาคม,นนทบุรี,บางบัวทอง,อบต.ละหาร,1135.64
2567,สิงหาคม,นนทบุรี,บางใหญ่,เทศบาลเมืองบางแม่นาง,980.213
2567,สิงหาคม,นนทบุรี,บางใหญ่,เทศบาลเมืองเสาธงหิน,4085.25
2567,สิงหาคม,นนทบุรี,บางใหญ่,เทศบาลตำบลบางม่วง,208.818
2567,สิงหาคม,นนทบุรี,บางใหญ่,เทศบาลตำบลบางเลน,621.035
2567,สิงหาคม,นนทบุรี,บางใหญ่,เทศบาลตำบลบางใหญ่,487.555
2567,สิงหาคม,นนทบุรี,บางใหญ่,อบต.บางใหญ่,438.127
2567,สิงหาคม,นนทบุรี,บางใหญ่,อบต.บ้านใหม่,265.482
2567,สิงหาคม,นนทบุรี,ปากเกร็ด,เทศบาลนครปากเกร็ด,11086.93
2567,สิงหาคม,นนทบุรี,ปากเกร็ด,เทศบาลตำบลบางพลับ,470.0
2567,สิงหาคม,นนทบุรี,ปากเกร็ด,อบต.เกาะเกร็ด,178.621
2567,สิงหาคม,นนทบุรี,ปากเกร็ด,อบต.คลองข่อย,468.12
2567,สิงหาคม,นนทบุรี,ปากเกร็ด,อบต.คลองพระอุดม,265.0
2567,สิงหาคม,นนทบุรี,ปากเกร็ด,อบต.ท่าอิฐ,537.25
2567,สิงหาคม,นนทบุรี,ปากเกร็ด,อบต.บางตะไนย์,194.748
2567,สิงหาคม,นนทบุรี,ปากเกร็ด,อบต.อ้อมเกร็ด,333.128
2567,สิงหาคม,นนทบุรี,เมืองนนทบุรี,เทศบาลนครนนทบุรี,9656.08
2567,สิงหาคม,นนทบุรี,เมืองนนทบุรี,เทศบาลเมืองไทรม้า,843.89
2567,สิงหาคม,นนทบุรี,เมืองนนทบุรี,เทศบาลเมืองบางศรีเมือง,1183.01
2567,สิงหาคม,นนทบุรี,เมืองนนทบุรี,อบต.บางไผ่,442.685
2567,สิงหาคม,นนทบุรี,เมืองนนทบุรี,อบต.บางรักน้อย,667.765
2567,กันยายน,นนทบุรี,ไทรน้อย,เทศบาลตำบลไทรน้อย,160.51
2567,กันยายน,นนทบุรี,ไทรน้อย,อบต.ขุนศรี,142.15
2567,กันยายน,นนทบุรี,ไทรน้อย,อบต.คลองขวาง,165.825
2567,กันยายน,นนทบุรี,ไทรน้อย,อบต.ทวีวัฒนา,170.015
2567,กันยายน,นนทบุรี,ไทรน้อย,อบต.ไทรน้อย,682.14
2567,กันยายน,นนทบุรี,ไทรน้อย,อบต.ราษฎร์นิยม,297.844
2567,กันยายน,นนทบุรี,ไทรน้อย,อบต.หนองเพรางาย,460.0
2567,กันยายน,นนทบุรี,บางกรวย,เทศบาลเมืองบางกรวย,1539.22
2567,กันยายน,นนทบุรี,บางกรวย,เทศบาลตำบลบางสีทอง,421.855
2567,กันยายน,นนทบุรี,บางกรวย,เทศบาลตำบลศาลากลาง,671.03
2567,กันยายน,นนทบุรี,บางกรวย,อบต.บางขนุน,424.98
2567,กันยายน,นนทบุรี,บางกรวย,อบต.บางขุนกอง,351.961
2567,กันยายน,นนทบุรี,บางกรวย,อบต.มหาสวัสดิ์,179.509
2567,กันยายน,นนทบุรี,บางบัวทอง,เทศบาลนครบางบัวทอง,1952.62
2567,กันยายน,นนทบุรี,บางบัวทอง,เทศบาลเมืองบางคูรัด,1415.6
2567,กันยายน,นนทบุรี,บางบัวทอง,เทศบาลเมืองบางรักพัฒนา,1580.82
2567,กันยายน,นนทบุรี,บางบัวทอง,เทศบาลเมืองพิมลราช,1251.7
2567,กันยายน,นนทบุรี,บางบัวทอง,เทศบาลเมืองใหม่บางบัวทอง,1900.0
2567,กันยายน,นนทบุรี,บางบัวทอง,อบต.บางรักใหญ่,189.72
2567,กันยายน,นนทบุรี,บางบัวทอง,อบต.ละหาร,1133.04
2567,กันยายน,นนทบุรี,บางใหญ่,เทศบาลเมืองบางแม่นาง,1547.98
2567,กันยายน,นนทบุรี,บางใหญ่,เทศบาลเมืองเสาธงหิน,2234.55
2567,กันยายน,นนทบุรี,บางใหญ่,เทศบาลตำบลบางม่วง,195.473
2567,กันยายน,นนทบุรี,บางใหญ่,เทศบาลตำบลบางเลน,681.63
2567,กันยายน,นนทบุรี,บางใหญ่,อบต.บ้านใหม่,256.918
2567,กันยายน,นนทบุรี,ปากเกร็ด,เทศบาลนครปากเกร็ด,10729.28
2567,กันยายน,นนทบุรี,ปากเกร็ด,เทศบาลตำบลบางพลับ,450.0
2567,กันยายน,นนทบุรี,ปากเกร็ด,อบต.เกาะเกร็ด,172.859
2567,กันยายน,นนทบุรี,ปากเกร็ด,อบต.คลองข่อย,475.25
2567,กันยายน,นนทบุรี,ปากเกร็ด,อบต.คลองพระอุดม,263.0
2567,กันยายน,นนทบุรี,ปากเกร็ด,อบต.ท่าอิฐ,586.27
2567,กันยายน,นนทบุรี,ปากเกร็ด,อบต.บางตะไนย์,188.465
2567,กันยายน,นนทบุรี,ปากเกร็ด,อบต.อ้อมเกร็ด,323.0
2567,กันยายน,นนทบุรี,เมืองนนทบุรี,เทศบาลนครนนทบุรี,9794.75
2567,กันยายน,นนทบุรี,เมืองนนทบุรี,เทศบาลเมืองไทรม้า,803.275
2567,กันยายน,นนทบุรี,เมืองนนทบุรี,เทศบาลเมืองบางศรีเมือง,1145.5
2567,กันยายน,นนทบุรี,เมืองนนทบุรี,อบต.บางไผ่,438.06
2567,กันยายน,นนทบุรี,เมืองนนทบุรี,อบต.บางรักน้อย,678.605
2567,ตุลาคม,นนทบุรี,ไทรน้อย,เทศบาลตำบลไทรน้อย,169.92
2567,ตุลาคม,นนทบุรี,ไทรน้อย,อบต.ขุนศรี,133.02
2567,ตุลาคม,นนทบุรี,ไทรน้อย,อบต.คลองขวาง,158.655
2567,ตุลาคม,นนทบุรี,ไทรน้อย,อบต.ทวีวัฒนา,218.84
2567,ตุลาคม,นนทบุรี,ไทรน้อย,อบต.ไทรน้อย,677585.0
2567,ตุลาคม,นนทบุรี,ไทรน้อย,อบต.ไทรใหญ่,152.88
2567,ตุลาคม,นนทบุรี,ไทรน้อย,อบต.ราษฎร์นิยม,215.72
2567,ตุลาคม,นนทบุรี,ไทรน้อย,อบต.หนองเพรางาย,400.0
2567,ตุลาคม,นนทบุรี,บางกรวย,เทศบาลเมืองบางกรวย,1590.53
2567,ตุลาคม,นนทบุรี,บางกรวย,เทศบาลตำบลบางสีทอง,443.49
2567,ตุลาคม,นนทบุรี,บางกรวย,เทศบาลตำบลปลายบาง,396.202
2567,ตุลาคม,นนทบุรี,บางกรวย,เทศบาลตำบลศาลากลาง,666.39
2567,ตุลาคม,นนทบุรี,บางกรวย,อบต.บางขนุน,446.838
2567,ตุลาคม,นนทบุรี,บางกรวย,อบต.บางขุนกอง,362.207
2567,ตุลาคม,นนทบุรี,บางกรวย,อบต.มหาสวัสดิ์,162.535
2567,ตุลาคม,นนทบุรี,บางบัวทอง,เทศบาลนครบางบัวทอง,1909.48
2567,ตุลาคม,นนทบุรี,บางบัวทอง,เทศบาลเมืองบางคูรัด,1462.79
2567,ตุลาคม,นนทบุรี,บางบัวทอง,เทศบาลเมืองบางรักพัฒนา,1239.93
2567,ตุลาคม,นนทบุรี,บางบัวทอง,เทศบาลเมืองพิมลราช,1336.98
2567,ตุลาคม,นนทบุรี,บางบัวทอง,เทศบาลเมืองใหม่บางบัวทอง,1446.3
2567,ตุลาคม,นนทบุรี,บางบัวทอง,อบต.บางรักใหญ่,232.47
2567,ตุลาคม,นนทบุรี,บางบัวทอง,อบต.ละหาร,1207.36
2567,ตุลาคม,นนทบุรี,บางบัวทอง,อบต.ลำโพ,609.91
2567,ตุลาคม,นนทบุรี,บางใหญ่,เทศบาลเมืองบางแม่นาง,1599.58
2567,ตุลาคม,นนทบุรี,บางใหญ่,เทศบาลเมืองเสาธงหิน,3155.76
2567,ตุลาคม,นนทบุรี,บางใหญ่,เทศบาลตำบลบางม่วง,205.783
2567,ตุลาคม,นนทบุรี,บางใหญ่,เทศบาลตำบลบางเลน,720.0
2567,ตุลาคม,นนทบุรี,บางใหญ่,เทศบาลตำบลบางใหญ่,503.56
2567,ตุลาคม,นนทบุรี,บางใหญ่,อบต.บางใหญ่,438.127
2567,ตุลาคม,นนทบุรี,บางใหญ่,อบต.บ้านใหม่,267.16
2567,ตุลาคม,นนทบุรี,ปากเกร็ด,เทศบาลนครปากเกร็ด,11102.04
2567,ตุลาคม,นนทบุรี,ปากเกร็ด,เทศบาลตำบลบางพลับ,437.75
2567,ตุลาคม,นนทบุรี,ปากเกร็ด,อบต.เกาะเกร็ด,178.621
2567,ตุลาคม,นนทบุรี,ปากเกร็ด,อบต.คลองข่อย,478.185
2567,ตุลาคม,นนทบุรี,ปากเกร็ด,อบต.คลองพระอุดม,320.0
2567,ตุลาคม,นนทบุรี,ปากเกร็ด,อบต.ท่าอิฐ,583.07
2567,ตุลาคม,นนทบุรี,ปากเกร็ด,อบต.บางตะไนย์,194.115
2567,ตุลาคม,นนทบุรี,ปากเกร็ด,อบต.อ้อมเกร็ด,358.61
2567,ตุลาคม,นนทบุรี,เมืองนนทบุรี,เทศบาลนครนนทบุรี,10150.93
2567,ตุลาคม,นนทบุรี,เมืองนนทบุรี,เทศบาลเมืองไทรม้า,732.995
2567,ตุลาคม,นนทบุรี,เมืองนนทบุรี,เทศบาลเมืองบางกร่าง,803.425
2567,ตุลาคม,นนทบุรี,เมืองนนทบุรี,เทศบาลเมืองบางศรีเมือง,1188.09
2567,ตุลาคม,นนทบุรี,เมืองนนทบุรี,อบต.บางไผ่,496.22
2567,ตุลาคม,นนทบุรี,เมืองนนทบุรี,อบต.บางรักน้อย,716650.0
2567,พฤศจิกายน,นนทบุรี,ไทรน้อย,เทศบาลตำบลไทรน้อย,160.115
2567,พฤศจิกายน,นนทบุรี,ไทรน้อย,อบต.ขุนศรี,127.194
2567,พฤศจิกายน,นนทบุรี,ไทรน้อย,อบต.คลองขวาง,145.775
2567,พฤศจิกายน,นนทบุรี,ไทรน้อย,อบต.ทวีวัฒนา,218.845
2567,พฤศจิกายน,นนทบุรี,ไทรน้อย,อบต.ไทรน้อย,729.56
2567,พฤศจิกายน,นนทบุรี,ไทรน้อย,อบต.ไทรใหญ่,152.02
2567,พฤศจิกายน,นนทบุรี,ไทรน้อย,อบต.ราษฎร์นิยม,206.734
2567,พฤศจิกายน,นนทบุรี,ไทรน้อย,อบต.หนองเพรางาย,350.0
2567,พฤศจิกายน,นนทบุรี,บางกรวย,เทศบาลเมืองบางกรวย,1539.22
2567,พฤศจิกายน,นนทบุรี,บางกรวย,เทศบาลตำบลบางสีทอง,422.555
2567,พฤศจิกายน,นนทบุรี,บางกรวย,เทศบาลตำบลปลายบาง,459.034
2567,พฤศจิกายน,นนทบุรี,บางกรวย,เทศบาลตำบลศาลากลาง,642.3
2567,พฤศจิกายน,นนทบุรี,บางกรวย,อบต.บางขนุน,409.332
2567,พฤศจิกายน,นนทบุรี,บางกรวย,อบต.บางขุนกอง,349.513
2567,พฤศจิกายน,นนทบุรี,บางกรวย,อบต.มหาสวัสดิ์,156.621
2567,พฤศจิกายน,นนทบุรี,บางบัวทอง,เทศบาลนครบางบัวทอง,1761.18
2567,พฤศจิกายน,นนทบุรี,บางบัวทอง,เทศบาลเมืองบางคูรัด,1415.6
2567,พฤศจิกายน,นนทบุรี,บางบัวทอง,เทศบาลเมืองบางรักพัฒนา,1165.4
2567,พฤศจิกายน,นนทบุรี,บางบัวทอง,เทศบาลเมืองพิมลราช,1298.49
2567,พฤศจิกายน,นนทบุรี,บางบัวทอง,เทศบาลเมืองใหม่บางบัวทอง,1556.23
2567,พฤศจิกายน,นนทบุรี,บางบัวทอง,อบต.บางรักใหญ่,249.85
2567,พฤศจิกายน,นนทบุรี,บางบัวทอง,อบต.ละหาร,1141.03
2567,พฤศจิกายน,นนทบุรี,บางบัวทอง,อบต.ลำโพ,586.585
2567,พฤศจิกายน,นนทบุรี,บางใหญ่,เทศบาลเมืองบางแม่นาง,1547.98
2567,พฤศจิกายน,นนทบุรี,บางใหญ่,เทศบาลเมืองเสาธงหิน,2287.49
2567,พฤศจิกายน,นนทบุรี,บางใหญ่,เทศบาลตำบลบางม่วง,199.145
2567,พฤศจิกายน,นนทบุรี,บางใหญ่,เทศบาลตำบลบางเลน,648.0
2567,พฤศจิกายน,นนทบุรี,บางใหญ่,เทศบาลตำบลบางใหญ่,475.435
2567,พฤศจิกายน,นนทบุรี,บางใหญ่,อบต.บางใหญ่,423.994
2567,พฤศจิกายน,นนทบุรี,บางใหญ่,อบต.บ้านใหม่,249.79
2567,พฤศจิกายน,นนทบุรี,ปากเกร็ด,เทศบาลนครปากเกร็ด,10740.11
2567,พฤศจิกายน,นนทบุรี,ปากเกร็ด,เทศบาลตำบลบางพลับ,446.36
2567,พฤศจิกายน,นนทบุรี,ปากเกร็ด,อบต.เกาะเกร็ด,172.859
2567,พฤศจิกายน,นนทบุรี,ปากเกร็ด,อบต.คลองข่อย,487.185
2567,พฤศจิกายน,นนทบุรี,ปากเกร็ด,อบต.คลองพระอุดม,280.175
2567,พฤศจิกายน,นนทบุรี,ปากเกร็ด,อบต.ท่าอิฐ,595.73
2567,พฤศจิกายน,นนทบุรี,ปากเกร็ด,อบต.บางตะไนย์,187.853
2567,พฤศจิกายน,นนทบุรี,ปากเกร็ด,อบต.อ้อมเกร็ด,336.835
2567,พฤศจิกายน,นนทบุรี,เมืองนนทบุรี,เทศบาลนครนนทบุรี,9352.31
2567,พฤศจิกายน,นนทบุรี,เมืองนนทบุรี,เทศบาลเมืองไทรม้า,745.67
2567,พฤศจิกายน,นนทบุรี,เมืองนนทบุรี,เทศบาลเมืองบางกร่าง,771.55
2567,พฤศจิกายน,นนทบุรี,เมืองนนทบุรี,เทศบาลเมืองบางศรีเมือง,1105.59
2567,พฤศจิกายน,นนทบุรี,เมืองนนทบุรี,อบต.บางไผ่,482.86
2567,พฤศจิกายน,นนทบุรี,เมืองนนทบุรี,อบต.บางรักน้อย,700.097
2567,ธันวาคม,นนทบุรี,ไทรน้อย,เทศบาลตำบลไทรน้อย,159.7
2567,ธันวาคม,นนทบุรี,ไทรน้อย,อบต.ขุนศรี,120.688
2567,ธันวาคม,นนทบุรี,ไทรน้อย,อบต.คลองขวาง,134.1
2567,ธันวาคม,นนทบุรี,ไทรน้อย,อบต.ทวีวัฒนา,210.16
2567,ธันวาคม,นนทบุรี,ไทรน้อย,อบต.ไทรน้อย,729.56
2567,ธันวาคม,นนทบุรี,ไทรน้อย,อบต.ไทรใหญ่,126.825
2567,ธันวาคม,นนทบุรี,ไทรน้อย,อบต.ราษฎร์นิยม,281.456
2567,ธันวาคม,นนทบุรี,ไทรน้อย,อบต.หนองเพรางาย,300.0
2567,ธันวาคม,นนทบุรี,บางกรวย,เทศบาลเมืองบางกรวย,1590.53
2567,ธันวาคม,นนทบุรี,บางกรวย,เทศบาลตำบลบางสีทอง,389.705
2567,ธันวาคม,นนทบุรี,บางกรวย,เทศบาลตำบลปลายบาง,4379.2
2567,ธันวาคม,นนทบุรี,บางกรวย,เทศบาลตำบลศาลากลาง,617.03
2567,ธันวาคม,นนทบุรี,บางกรวย,อบต.บางขนุน,404.72
2567,ธันวาคม,นนทบุรี,บางกรวย,อบต.บางขุนกอง,362.65
2567,ธันวาคม,นนทบุรี,บางกรวย,อบต.มหาสวัสดิ์,190.245
2567,ธันวาคม,นนทบุรี,บางบัวทอง,เทศบาลนครบางบัวทอง,1750.57
2567,ธันวาคม,นนทบุรี,บางบัวทอง,เทศบาลเมืองบางคูรัด,1462.79
2567,ธันวาคม,นนทบุรี,บางบัวทอง,เทศบาลเมืองบางรักพัฒนา,1113.74
2567,ธันวาคม,นนทบุรี,บางบัวทอง,เทศบาลเมืองพิมลราช,1336.03
2567,ธันวาคม,นนทบุรี,บางบัวทอง,เทศบาลเมืองใหม่บางบัวทอง,1531.74
2567,ธันวาคม,นนทบุรี,บางบัวทอง,อบต.บางรักใหญ่,189.72
2567,ธันวาคม,นนทบุรี,บางบัวทอง,อบต.ละหาร,910.235
2567,ธันวาคม,นนทบุรี,บางบัวทอง,อบต.ลำโพ,581.16
2567,ธันวาคม,นนทบุรี,บางใหญ่,เทศบาลเมืองบางแม่นาง,1599.58
2567,ธันวาคม,นนทบุรี,บางใหญ่,เทศบาลเมืองเสาธงหิน,2336.61
2567,ธันวาคม,นนทบุรี,บางใหญ่,เทศบาลตำบลบางม่วง,206.7
2567,ธันวาคม,นนทบุรี,บางใหญ่,เทศบาลตำบลบางเลน,665.5
2567,ธันวาคม,นนทบุรี,บางใหญ่,เทศบาลตำบลบางใหญ่,443.99
2567,ธันวาคม,นนทบุรี,บางใหญ่,อบต.บางใหญ่,438.127
2567,ธันวาคม,นนทบุรี,บางใหญ่,อบต.บ้านใหม่,265.482
2567,ธันวาคม,นนทบุรี,ปากเกร็ด,เทศบาลนครปากเกร็ด,11096.36
2567,ธันวาคม,นนทบุรี,ปากเกร็ด,เทศบาลตำบลบางพลับ,448.21
2567,ธันวาคม,นนทบุรี,ปากเกร็ด,อบต.เกาะเกร็ด,178.621
2567,ธันวาคม,นนทบุรี,ปากเกร็ด,อบต.คลองข่อย,423.92
2567,ธันวาคม,นนทบุรี,ปากเกร็ด,อบต.คลองพระอุดม,280.07
2567,ธันวาคม,นนทบุรี,ปากเกร็ด,อบต.ท่าอิฐ,537.39
2567,ธันวาคม,นนทบุรี,ปากเกร็ด,อบต.บางตะไนย์,194.115
2567,ธันวาคม,นนทบุรี,ปากเกร็ด,อบต.อ้อมเกร็ด,322.575
2567,ธันวาคม,นนทบุรี,เมืองนนทบุรี,เทศบาลนครนนทบุรี,9475.02
2567,ธันวาคม,นนทบุรี,เมืองนนทบุรี,เทศบาลเมืองไทรม้า,750.775
2567,ธันวาคม,นนทบุรี,เมืองนนทบุรี,เทศบาลเมืองบางกร่าง,716.215
2567,ธันวาคม,นนทบุรี,เมืองนนทบุรี,เทศบาลเมืองบางศรีเมือง,1098.55
2567,ธันวาคม,นนทบุรี,เมืองนนทบุรี,อบต.บางไผ่,441.42
2567,ธันวาคม,นนทบุรี,เมืองนนทบุรี,อบต.บางรักน้อย,761.99
